compound,auid,Egap,Egap_type,enthalpy_formation_atom,volume_atom,spacegroup_relax,Pearson_symbol_relax,aurl
Ac1,aflow:075dbbb922a0e4d7,,,0,45.1122,225,cF4,aflowlib.duke.edu:AFLOWDATA/LIB1_WEB/Ac:PAW_GGA:11Apr2000/A1
Ac1,aflow:09380077ea262d8f,,,0,40.4895,225,cF4,aflowlib.duke.edu:AFLOWDATA/LIB1_WEB/Ac_s:PAW_LDA:12Apr2000/A1
Ac1,aflow:0c60e09656b9e78e,,,0,44.7612,225,cF4,aflowlib.duke.edu:AFLOWDATA/LIB1_WEB/Ac_s:PAW_PBE:06Sep2000/A1
Ac1,aflow:49d7aeb61659bc7d,,,3.82359,3375,,,aflowlib.duke.edu:AFLOWDATA/LIB0_WEB/Ac:PAW_GGA:11Apr2000/0
Ac1,aflow:4a044c196b4b15ce,,,3.76352,3375,,,aflowlib.duke.edu:AFLOWDATA/LIB0_WEB/Ac:PAW_PBE_KIN:06Sep2000/0
Ac1,aflow:4be5317ee35c8dce,0,metal,5.8e-05,45.4063,225,cF4,aflowlib.duke.edu:AFLOWDATA/ICSD_WEB/FCC/Ac1_ICSD_43491
Ac1,aflow:58aff4dc11fb19fa,,,0.120949,45.9929,229,cI2,aflowlib.duke.edu:AFLOWDATA/LIB1_WEB/Ac:PAW_PBE_KIN:06Sep2000/A2
Ac1,aflow:5afdc34a65be65c4,,,-3.66e-06,43.9831,225,cF4,aflowlib.duke.edu:AFLOWDATA/LIB1_WEB/Ac:PAW_PBE_KIN:SCAN:06Sep2000/A1
Ac1,aflow:6196002050e22929,,,0.14226,41.0875,229,cI2,aflowlib.duke.edu:AFLOWDATA/LIB1_WEB/Ac:PAW_LDA:12Apr2000/A2
Ac1,aflow:7c40207f9f41880e,,,3.7e-07,45.5358,225,cF4,aflowlib.duke.edu:AFLOWDATA/LIB1_WEB/Ac:PAW_PBE_KIN:06Sep2000/A1
Ac1,aflow:7d3a942b9b455915,,,0,45.4098,225,cF4,aflowlib.duke.edu:AFLOWDATA/LIB1_WEB/Ac:PAW_PBE:06Sep2000/A1
Ac1,aflow:7dd39301db71bad2,,,0.128942,45.4845,229,cI2,aflowlib.duke.edu:AFLOWDATA/LIB1_WEB/Ac_s:PAW_GGA:11Apr2000/A2
Ac1,aflow:8196d1a193798409,,,3.70326,3375,,,aflowlib.duke.edu:AFLOWDATA/LIB0_WEB/Ac_s:PAW_GGA:11Apr2000/0
Ac1,aflow:84ac38ad725b0312,,,4.51473,4080,,,aflowlib.duke.edu:AFLOWDATA/LIB0_WEB/Ac:PAW_LDA:12Apr2000/0
Ac1,aflow:a4c9f018459b104f,,,0.142041,41.0611,229,cI2,aflowlib.duke.edu:AFLOWDATA/LIB1_WEB/Ac:PAW_LDA_KIN:12Apr2000/A2
Ac1,aflow:a611850bbb184a3d,,,0,44.9982,225,cF4,aflowlib.duke.edu:AFLOWDATA/LIB1_WEB/Ac_s:PAW_GGA:11Apr2000/A1
Ac1,aflow:aa16b2d5ba70d36f,,,0.143114,41.1332,229,cI2,aflowlib.duke.edu:AFLOWDATA/LIB1_WEB/Ac_s:PAW_LDA:12Apr2000/A2
Ac1,aflow:b10fdf32165c1364,,,4.49866,3375,,,aflowlib.duke.edu:AFLOWDATA/LIB0_WEB/Ac_s:PAW_LDA:12Apr2000/0
Ac1,aflow:cb881061187b9371,,,3.8e-07,40.4884,225,cF4,aflowlib.duke.edu:AFLOWDATA/LIB1_WEB/Ac:PAW_LDA_KIN:12Apr2000/A1
Ac1,aflow:d143f72f2ec5754c,,,0.120405,45.8766,229,cI2,aflowlib.duke.edu:AFLOWDATA/LIB1_WEB/Ac:PAW_PBE:06Sep2000/A2
Ac1,aflow:df4f827388c65966,,,0.125977,45.7523,229,cI2,aflowlib.duke.edu:AFLOWDATA/LIB1_WEB/Ac_s:PAW_PBE:06Sep2000/A2
Ac1,aflow:e52df253f519b90c,,,3.04693,3375,,,aflowlib.duke.edu:AFLOWDATA/LIB0_WEB/Ac_s:PAW_PBE_KIN:06Sep2000/0
Ac1,aflow:fcdae6b1b616b1d2,,,0,40.4514,225,cF4,aflowlib.duke.edu:AFLOWDATA/LIB1_WEB/Ac:PAW_LDA:12Apr2000/A1
Ac1,aflow:febab1e925926c8b,,,0.127937,45.5515,229,cI2,aflowlib.duke.edu:AFLOWDATA/LIB1_WEB/Ac:PAW_GGA:11Apr2000/A2
Ac1H2,aflow:903e65521a6472cd,0,metal,-0.566575,17.0642,225,cF12,aflowlib.duke.edu:AFLOWDATA/ICSD_WEB/FCC/Ac1H2_ICSD_56392
Ac2,aflow:039c26df2ec23887,,,0.404688,46.9553,141,tI4,aflowlib.duke.edu:AFLOWDATA/LIB1_WEB/Ac:PAW_PBE:06Sep2000/A5
Ac2,aflow:2053dd75c7ccfd32,,,0.411016,47.0758,141,tI4,aflowlib.duke.edu:AFLOWDATA/LIB1_WEB/Ac_s:PAW_PBE:06Sep2000/A5
Ac2,aflow:2d1afb427524bead,,,0.00336043,44.1073,194,hP2,aflowlib.duke.edu:AFLOWDATA/LIB1_WEB/Ac:PAW_PBE_KIN:SCAN:06Sep2000/A3
Ac2,aflow:32a53e4a7072c12f,,,0.00866449,45.5495,194,hP2,aflowlib.duke.edu:AFLOWDATA/LIB1_WEB/Ac:PAW_PBE_KIN:06Sep2000/A3
Ac2,aflow:36f4c69435ece9c1,,,0.0092305,45.4787,194,hP2,aflowlib.duke.edu:AFLOWDATA/LIB1_WEB/Ac:PAW_PBE:06Sep2000/A3
Ac2,aflow:42bfad7edf09f6a7,,,0.009706,45.1158,194,hP2,aflowlib.duke.edu:AFLOWDATA/LIB1_WEB/Ac_s:PAW_GGA:11Apr2000/A3
Ac2,aflow:4fe25b04f66c6295,,,0.009184,45.1687,194,hP2,aflowlib.duke.edu:AFLOWDATA/LIB1_WEB/Ac:PAW_GGA:11Apr2000/A3
Ac2,aflow:77617ad5d6c16cac,,,1.62193,64.412,227,cF8,aflowlib.duke.edu:AFLOWDATA/LIB1_WEB/Ac:PAW_PBE:06Sep2000/A4
Ac2,aflow:843bc9afbb478282,,,0.0148475,40.8665,194,hP2,aflowlib.duke.edu:AFLOWDATA/LIB1_WEB/Ac:PAW_LDA:12Apr2000/A3
Ac2,aflow:93f3c4cbbed897c3,,,1.60975,66.3925,227,cF8,aflowlib.duke.edu:AFLOWDATA/LIB1_WEB/Ac_s:PAW_PBE:06Sep2000/A4
Ac2,aflow:bbcb5ac3aca0feeb,,,0.0134813,40.8575,194,hP2,aflowlib.duke.edu:AFLOWDATA/LIB1_WEB/Ac:PAW_LDA_KIN:12Apr2000/A3
Ac2,aflow:cace77ac9c71ef90,,,0.0147925,40.8766,194,hP2,aflowlib.duke.edu:AFLOWDATA/LIB1_WEB/Ac_s:PAW_LDA:12Apr2000/A3
Ac2,aflow:d2afc10b4e1169e5,,,0.0083565,45.0693,194,hP2,aflowlib.duke.edu:AFLOWDATA/LIB1_WEB/Ac_s:PAW_PBE:06Sep2000/A3
Ac2Br6,aflow:fc70fda6652015cb,4.1084,insulator-indirect,-2.13565,34.7942,176,hP8,aflowlib.duke.edu:AFLOWDATA/ICSD_WEB/HEX/Ac1Br3_ICSD_31578
Ac2Cl6,aflow:f005069e0112345e,5.0778,insulator-indirect,-2.533,29.7161,176,hP8,aflowlib.duke.edu:AFLOWDATA/ICSD_WEB/HEX/Ac1Cl3_ICSD_31569
Ac2O3,aflow:0e74a562cc0ddf71,3.5216,insulator-indirect,-3.34679,18.5582,164,hP5,aflowlib.duke.edu:AFLOWDATA/ICSD_WEB/HEX/Ac2O3_ICSD_31750
Ag1,aflow:011c7d7ae9167fca,,,4.3e-05,17.8488,225,cF4,aflowlib.duke.edu:AFLOWDATA/LIB2_WEB/AgY_sv/2
Ag1,aflow:011a8786d7c6ed38,,,0.00023,17.8516,225,cF4,aflowlib.duke.edu:AFLOWDATA/LIB2_WEB/AgCa_sv/f1
Ag1,aflow:027bb615be9aa00a,,,0.030307,17.9797,229,cI2,aflowlib.duke.edu:AFLOWDATA/LIB2_WEB/AgNa_sv/b1
Ag1,aflow:02bb9ea63bb98b25,,,0.000263,17.87,225,cF4,aflowlib.duke.edu:AFLOWDATA/LIB2_WEB/AgW_pv/303
Ag1,aflow:036d3425b69c6eae,,,4.3e-05,17.8488,225,cF4,aflowlib.duke.edu:AFLOWDATA/LIB2_WEB/AgCu_pv/f1
Ag1,aflow:0486dfcca1eab8d7,,,0.000344,17.8539,225,cF4,aflowlib.duke.edu:AFLOWDATA/LIB2_WEB/AgGa_h/A7.A
Ag1,aflow:053b403b95284dbf,0,metal,,17.8583,225,cF4,aflowlib.duke.edu:AFLOWDATA/ICSD_WEB/FCC/Ag1_ICSD_53762
Ag1,aflow:062ac8d7d1f49a6f,0,metal,,17.8581,225,cF4,aflowlib.duke.edu:AFLOWDATA/ICSD_WEB/FCC/Ag1_ICSD_180878
Ag1,aflow:07d034236d8e5496,,,0.038028,16.1578,229,cI2,aflowlib.duke.edu:AFLOWDATA/LIB1_WEB/Ag:PAW_LDA:17Apr2000/A2
Ag1,aflow:08574c1dd8673d68,,,0.030307,17.9795,229,cI2,aflowlib.duke.edu:AFLOWDATA/LIB2_WEB/AgAl/b1
Ag1,aflow:08aa24be8373bad1,,,0.029773,17.9773,229,cI2,aflowlib.duke.edu:AFLOWDATA/LIB2_WEB/AgMn_pv/59
Ag1,aflow:085c27efe85822bf,,,0.030307,17.9795,229,cI2,aflowlib.duke.edu:AFLOWDATA/LIB2_WEB/AgSe/b1
Ag1,aflow:08ae1f6d9d4d4fcd,,,0.029773,17.9773,229,cI2,aflowlib.duke.edu:AFLOWDATA/LIB2_WEB/AgAu/b1
Ag1,aflow:09c5ea3507748ec2,,,0.030307,17.9795,229,cI2,aflowlib.duke.edu:AFLOWDATA/LIB2_WEB/AgPb_d/b1
Ag1,aflow:0998f2c4156c614b,,,0.000263,17.87,225,cF4,aflowlib.duke.edu:AFLOWDATA/LIB2_WEB/AgCo/303
Ag1,aflow:092a392084505e9f,,,0.000237,17.8512,225,cF4,aflowlib.duke.edu:AFLOWDATA/LIB2_WEB/AgIn_d/f1
Ag1,aflow:09a0b604c0f5b6e2,,,0.029773,17.9773,229,cI2,aflowlib.duke.edu:AFLOWDATA/LIB2_WEB/AgCd/59
Ag1,aflow:0a8772175af836d6,,,0.027939,18.0097,229,cI2,aflowlib.duke.edu:AFLOWDATA/LIB2_WEB/AgGe_h/59
Ag1,aflow:0abf8217e8b66115,,,3.60995,3375,,,aflowlib.duke.edu:AFLOWDATA/LIB0_WEB/Ag:PAW_LDA:17Apr2000/0
Ag1,aflow:0b5cc6c2a8309fd2,,,0.0318923,17.6311,229,cI2,aflowlib.duke.edu:AFLOWDATA/LIB1_WEB/Ag_pv:PAW_PBE_KIN:09Dec2005/A2
Ag1,aflow:0c93e0e305a4bd44,,,0.030307,17.9795,229,cI2,aflowlib.duke.edu:AFLOWDATA/LIB2_WEB/AgSi/59
Ag1,aflow:0dc34a89f82bfff1,,,0.000263,17.87,225,cF4,aflowlib.duke.edu:AFLOWDATA/LIB2_WEB/AgCd/303
Ag1,aflow:0e29520550556060,,,4.3e-05,17.8491,225,cF4,aflowlib.duke.edu:AFLOWDATA/LIB2_WEB/AgV_sv/2
Ag1,aflow:0e30e7e4a5b42f09,,,8e-08,17.4823,225,cF4,aflowlib.duke.edu:AFLOWDATA/LIB1_WEB/Ag_pv:PAW_PBE_KIN:09Dec2005/A1
Ag1,aflow:0e2682a5facb3e41,,,0.029773,17.9773,229,cI2,aflowlib.duke.edu:AFLOWDATA/LIB2_WEB/AgRh_pv/59
Ag1,aflow:0e9b29edb90149a2,,,4.3e-05,17.8488,225,cF4,aflowlib.duke.edu:AFLOWDATA/LIB2_WEB/AgOs_pv/f1
Ag1,aflow:0e64a1246ff796be,0,metal,,17.8583,225,cF4,aflowlib.duke.edu:AFLOWDATA/ICSD_WEB/FCC/Ag1_ICSD_604630
Ag1,aflow:0f23ed4eb4e7eb62,,,0.029773,17.9773,229,cI2,aflowlib.duke.edu:AFLOWDATA/LIB2_WEB/AgZn/59
Ag1,aflow:10cf831e925a10ba,,,4.3e-05,17.8488,225,cF4,aflowlib.duke.edu:AFLOWDATA/LIB2_WEB/AgCo/2
Ag1,aflow:10e6df101c66d1ae,,,0.029788,17.9777,229,cI2,aflowlib.duke.edu:AFLOWDATA/LIB2_WEB/AgNb_sv/b1
Ag1,aflow:11876c29d0dff1df,,,0.030307,17.9795,229,cI2,aflowlib.duke.edu:AFLOWDATA/LIB2_WEB/AgAl/59
Ag1,aflow:123582825e2df102,,,0.000263,17.87,225,cF4,aflowlib.duke.edu:AFLOWDATA/LIB2_WEB/AgTc_pv/303
Ag1,aflow:124b02f29bab530e,,,0.000126,17.8532,225,cF4,aflowlib.duke.edu:AFLOWDATA/LIB2_WEB/AgP/303
Ag1,aflow:13d0ace67c1b2127,,,4.3e-05,17.8491,225,cF4,aflowlib.duke.edu:AFLOWDATA/LIB2_WEB/AgW_pv/2
Ag1,aflow:1340a457be786627,,,0.030307,17.9797,229,cI2,aflowlib.duke.edu:AFLOWDATA/LIB2_WEB/AgBe_sv/b1
Ag1,aflow:14c64ff406bfa664,,,0.00023,17.8516,225,cF4,aflowlib.duke.edu:AFLOWDATA/LIB2_WEB/AgNa_sv/2
Ag1,aflow:16574b6ad9a85672,,,0.000237,17.8512,225,cF4,aflowlib.duke.edu:AFLOWDATA/LIB2_WEB/AgPb_d/2
Ag1,aflow:16614e28eb484061,,,4.3e-05,17.8488,225,cF4,aflowlib.duke.edu:AFLOWDATA/LIB2_WEB/AgOs_pv/2
Ag1,aflow:165a495cf38c88c4,,,0.000831,17.8587,225,cF4,aflowlib.duke.edu:AFLOWDATA/LIB2_WEB/AgC/2
Ag1,aflow:18376e44e110beac,,,4.3e-05,17.8488,225,cF4,aflowlib.duke.edu:AFLOWDATA/LIB2_WEB/AgHg/2
Ag1,aflow:18c86af7506ecf6e,,,0.030077,17.9795,229,cI2,aflowlib.duke.edu:AFLOWDATA/LIB1_WEB/Ag:PAW_PBE:06Sep2000/A2
Ag1,aflow:18a13bbf8ea12249,,,,17.995,229,cI2,aflowlib.duke.edu:AFLOWDATA/LIB1_WEB/Ag:PAW_PBE:06Sep2000/A2:LDAU2
Ag1,aflow:1868efea2c6a9f39,,,0.00027,17.8548,225,cF4,aflowlib.duke.edu:AFLOWDATA/LIB2_WEB/AgMg_pv/2
Ag1,aflow:1937597a13d1981e,,,0.000237,17.8512,225,cF4,aflowlib.duke.edu:AFLOWDATA/LIB2_WEB/AgAl/2
Ag1,aflow:19326d4748b4184f,0,metal,,17.8583,225,cF4,aflowlib.duke.edu:AFLOWDATA/ICSD_WEB/FCC/Ag1_ICSD_604632
Ag1,aflow:193a41bb13fb9e90,,,0.029856,17.9789,229,cI2,aflowlib.duke.edu:AFLOWDATA/LIB2_WEB/AgSb/59
Ag1,aflow:19ae22b8322daebf,,,0.029788,17.9777,229,cI2,aflowlib.duke.edu:AFLOWDATA/LIB2_WEB/AgPt/b1
Ag1,aflow:1a1a3d2032e9f971,0,metal,,17.8737,225,cF4,aflowlib.duke.edu:AFLOWDATA/ICSD_WEB/FCC/Ag1_ICSD_180879
Ag1,aflow:1b9e0de3be47427d,,,0.030307,17.9797,229,cI2,aflowlib.duke.edu:AFLOWDATA/LIB2_WEB/AgCa_sv/b1
Ag1,aflow:1b8ae94d3b95db8e,,,0.00023,17.8516,225,cF4,aflowlib.duke.edu:AFLOWDATA/LIB2_WEB/AgBr/f1
Ag1,aflow:1e9619c0af875d63,,,1e-07,15.6433,225,cF4,aflowlib.duke.edu:AFLOWDATA/LIB1_WEB/Ag_sv_GW:PAW_LDA_KIN:05Dec2013/A1
Ag1,aflow:1e39b24cfc7bcc82,,,0.030307,17.9797,229,cI2,aflowlib.duke.edu:AFLOWDATA/LIB2_WEB/AgSr_sv/b1
Ag1,aflow:1ef1bd82107eeda2,,,0.029773,17.9773,229,cI2,aflowlib.duke.edu:AFLOWDATA/LIB2_WEB/AgCd/b1
Ag1,aflow:201bf815652b1c53,,,4.3e-05,17.8488,225,cF4,aflowlib.duke.edu:AFLOWDATA/LIB2_WEB/AgMn_pv/f1
Ag1,aflow:210f9ad626554e22,,,0.030416,17.9795,229,cI2,aflowlib.duke.edu:AFLOWDATA/LIB2_WEB/AgGa_h/b1
Ag1,aflow:22170a90b9e134ff,,,0.029773,17.9773,229,cI2,aflowlib.duke.edu:AFLOWDATA/LIB2_WEB/AgNi_pv/59
Ag1,aflow:22fe82eb18212271,,,0.029773,17.9773,229,cI2,aflowlib.duke.edu:AFLOWDATA/LIB2_WEB/AgCo/59
Ag1,aflow:221f602ef08e5820,,,0.030307,17.9797,229,cI2,aflowlib.duke.edu:AFLOWDATA/LIB2_WEB/AgTl_d/b1
Ag1,aflow:23e748389b40220a,,,4.3e-05,17.8488,225,cF4,aflowlib.duke.edu:AFLOWDATA/LIB2_WEB/AgPt/2
Ag1,aflow:23d3902f77a0d12a,,,0.000263,17.87,225,cF4,aflowlib.duke.edu:AFLOWDATA/LIB2_WEB/AgCr_pv/303
Ag1,aflow:249706fbade1cad7,,,0.030307,17.9795,229,cI2,aflowlib.duke.edu:AFLOWDATA/LIB2_WEB/AgTe/b1
Ag1,aflow:24d05cf1e95cd9ae,,,0.029856,17.9789,229,cI2,aflowlib.duke.edu:AFLOWDATA/LIB2_WEB/AgSb/b1
Ag1,aflow:24546712ba8ac404,,,4.3e-05,17.8488,225,cF4,aflowlib.duke.edu:AFLOWDATA/LIB2_WEB/AgZn/f1
Ag1,aflow:26606511275b2faf,,,4.3e-05,17.8488,225,cF4,aflowlib.duke.edu:AFLOWDATA/LIB2_WEB/AgNi_pv/f1
Ag1,aflow:26d6c0d4a1fbe65c,,,0.029773,17.9773,229,cI2,aflowlib.duke.edu:AFLOWDATA/LIB2_WEB/AgMo_pv/59
Ag1,aflow:27c266f9621a5bb8,,,4.3e-05,17.8488,225,cF4,aflowlib.duke.edu:AFLOWDATA/LIB2_WEB/AgAu/f1
Ag1,aflow:285f91c1686ad653,,,4.3e-05,17.8488,225,cF4,aflowlib.duke.edu:AFLOWDATA/LIB2_WEB/AgTa_pv/2
Ag1,aflow:284024d8654b6131,,,0.000237,17.8512,225,cF4,aflowlib.duke.edu:AFLOWDATA/LIB2_WEB/AgSn/f1
Ag1,aflow:288f1bd57f632b81,,,0.029773,17.9773,229,cI2,aflowlib.duke.edu:AFLOWDATA/LIB2_WEB/AgV_sv/59
Ag1,aflow:296ad15a8bbe31ab,,,0.000263,17.87,225,cF4,aflowlib.duke.edu:AFLOWDATA/LIB2_WEB/AgTa_pv/303
Ag1,aflow:2a8da0a54b9c5889,,,0.000237,17.8512,225,cF4,aflowlib.duke.edu:AFLOWDATA/LIB2_WEB/AgP/2
Ag1,aflow:2b52f06a5db819c5,,,0.030307,17.9795,229,cI2,aflowlib.duke.edu:AFLOWDATA/LIB2_WEB/AgSe/59
Ag1,aflow:2b272f63a4c9f7b9,,,0.029773,17.9773,229,cI2,aflowlib.duke.edu:AFLOWDATA/LIB2_WEB/AgAu/59
Ag1,aflow:2b4bd57da1bd12d8,,,3.58028,3375,,,aflowlib.duke.edu:AFLOWDATA/LIB0_WEB/Ag:LDA:01Apr2000/0
Ag1,aflow:2c25fb378a9e2dbb,,,3.6e-07,15.8357,225,cF4,aflowlib.duke.edu:AFLOWDATA/LIB1_WEB/Ag_pv:PAW_LDA_KIN:09Dec2005/A1
Ag1,aflow:2c5ef79f6e366a12,,,0.000263,17.87,225,cF4,aflowlib.duke.edu:AFLOWDATA/LIB2_WEB/AgZn/303
Ag1,aflow:2d1d36afbd11b34d,,,0.030307,17.9797,229,cI2,aflowlib.duke.edu:AFLOWDATA/LIB2_WEB/AgCl/b1
Ag1,aflow:2de260526743d927,,,4.3e-05,17.8488,225,cF4,aflowlib.duke.edu:AFLOWDATA/LIB2_WEB/AgIr/f1
Ag1,aflow:2f43ad6d03d5923c,,,0.030307,17.9795,229,cI2,aflowlib.duke.edu:AFLOWDATA/LIB2_WEB/AgAs/b1
Ag1,aflow:2f51e7fa6ff90712,,,0.00023,17.8516,225,cF4,aflowlib.duke.edu:AFLOWDATA/LIB2_WEB/AgLi_sv/2
Ag1,aflow:303f9ec886cea964,0,metal,,17.8591,225,cF4,aflowlib.duke.edu:AFLOWDATA/ICSD_WEB/FCC/Ag1_ICSD_64997
Ag1,aflow:30eb760be052b80a,,,0.029773,17.9773,229,cI2,aflowlib.duke.edu:AFLOWDATA/LIB2_WEB/AgZr_sv/59
Ag1,aflow:3287af757d8a7921,,,0.000344,17.8539,225,cF4,aflowlib.duke.edu:AFLOWDATA/LIB2_WEB/AgB_h/A7.A
Ag1,aflow:3366c5f18fd4b3ae,,,0.000237,17.8512,225,cF4,aflowlib.duke.edu:AFLOWDATA/LIB2_WEB/AgGa_h/2
Ag1,aflow:3356ed47edc603f9,,,0.03019,17.9085,229,cI2,aflowlib.duke.edu:AFLOWDATA/LIB1_WEB/Ag:PAW_GGA:18Jul2000/A2
Ag1,aflow:353331c4af209352,,,4.3e-05,17.8491,225,cF4,aflowlib.duke.edu:AFLOWDATA/LIB2_WEB/AgV_sv/f1
Ag1,aflow:35b79fccba7ddf70,,,0.029788,17.9777,229,cI2,aflowlib.duke.edu:AFLOWDATA/LIB2_WEB/AgMo_pv/b1
Ag1,aflow:356e69c0f7a6ba08,,,0.030307,17.9797,229,cI2,aflowlib.duke.edu:AFLOWDATA/LIB2_WEB/AgBa_sv/59
Ag1,aflow:3637636d700dd373,,,0.030307,17.9797,229,cI2,aflowlib.duke.edu:AFLOWDATA/LIB2_WEB/AgCa_sv/59
Ag1,aflow:37a58cf643867e85,,,0.000263,17.87,225,cF4,aflowlib.duke.edu:AFLOWDATA/LIB2_WEB/AgHf_pv/303
Ag1,aflow:389a03a5aa7d17a8,0,metal,,17.8583,225,cF4,aflowlib.duke.edu:AFLOWDATA/ICSD_WEB/FCC/Ag1_ICSD_604629
Ag1,aflow:38076e452b5e8eca,,,0.00023,17.8516,225,cF4,aflowlib.duke.edu:AFLOWDATA/LIB2_WEB/AgNa_sv/f1
Ag1,aflow:38accf5c391aae61,,,-0.000572,17.858,139,tI2,aflowlib.duke.edu:AFLOWDATA/LIB2_WEB/AgAu/303
Ag1,aflow:39928c9abeb42dbb,,,0.029773,17.9773,229,cI2,aflowlib.duke.edu:AFLOWDATA/LIB2_WEB/AgPt/59
Ag1,aflow:39a330ed44205d18,,,0.00023,17.8516,225,cF4,aflowlib.duke.edu:AFLOWDATA/LIB2_WEB/AgK_sv/2
Ag1,aflow:3bae689109a0d22c,,,0.030307,17.9797,229,cI2,aflowlib.duke.edu:AFLOWDATA/LIB2_WEB/AgCl/59
Ag1,aflow:3dad787e2ea2104a,,,0.029788,17.9777,229,cI2,aflowlib.duke.edu:AFLOWDATA/LIB2_WEB/AgNi_pv/b1
Ag1,aflow:3de186125bc938cc,,,0.000237,17.8512,225,cF4,aflowlib.duke.edu:AFLOWDATA/LIB2_WEB/AgAs/2
Ag1,aflow:3d872165afe5b7a7,,,4.3e-05,17.8488,225,cF4,aflowlib.duke.edu:AFLOWDATA/LIB2_WEB/AgRh_pv/2
Ag1,aflow:3e907356c7f0b046,,,4e-08,15.8957,225,cF4,aflowlib.duke.edu:AFLOWDATA/LIB1_WEB/Ag_GW:PAW_LDA_KIN:06Mar2008/A1
Ag1,aflow:3ff16bfbe7340dbe,,,0.029788,17.9777,229,cI2,aflowlib.duke.edu:AFLOWDATA/LIB2_WEB/AgY_sv/b1
Ag1,aflow:405216616902ffc8,,,4.3e-05,17.8488,225,cF4,aflowlib.duke.edu:AFLOWDATA/LIB2_WEB/AgAu/2
Ag1,aflow:40efada370a24a28,0,metal,,17.8583,225,cF4,aflowlib.duke.edu:AFLOWDATA/ICSD_WEB/FCC/Ag1_ICSD_604631
Ag1,aflow:405091fb2b85b8cc,,,0.00036,17.8512,225,cF4,aflowlib.duke.edu:AFLOWDATA/LIB2_WEB/AgGa_h/f1
Ag1,aflow:420a49a13f03dd07,,,4.3e-05,17.8491,225,cF4,aflowlib.duke.edu:AFLOWDATA/LIB2_WEB/AgW_pv/f1
Ag1,aflow:43862c25a0e82899,,,0.000321,17.8525,225,cF4,aflowlib.duke.edu:AFLOWDATA/LIB2_WEB/AgSb/303
Ag1,aflow:46a78ac4ec28b26f,,,-0.000573,17.858,139,tI2,aflowlib.duke.edu:AFLOWDATA/LIB2_WEB/AgMn_pv/303
Ag1,aflow:46dec61deb1ed379,,,4.3e-05,17.8488,225,cF4,aflowlib.duke.edu:AFLOWDATA/LIB2_WEB/AgZn/2
Ag1,aflow:485dc380f993870e,,,0.00023,17.8516,225,cF4,aflowlib.duke.edu:AFLOWDATA/LIB2_WEB/AgLi_sv/f1
Ag1,aflow:4895e8dc09ed999f,,,0.000125,17.8528,225,cF4,aflowlib.duke.edu:AFLOWDATA/LIB2_WEB/AgK_sv/303
Ag1,aflow:4881836087ab6b5c,,,0.000126,17.8532,225,cF4,aflowlib.duke.edu:AFLOWDATA/LIB2_WEB/AgB_h/303
Ag1,aflow:495ff221e5160ff2,,,0,16.0612,225,cF4,aflowlib.duke.edu:AFLOWDATA/LIB1_WEB/Ag:PAW_LDA:17Apr2000/A1
Ag1,aflow:4a6d39630617ae5c,,,0.000263,17.87,225,cF4,aflowlib.duke.edu:AFLOWDATA/LIB2_WEB/AgSc_sv/303
Ag1,aflow:4a074d8eaff2f490,,,0.000263,17.87,225,cF4,aflowlib.duke.edu:AFLOWDATA/LIB2_WEB/AgRu_pv/303
Ag1,aflow:4b02fdfaf479d58c,,,4.3e-05,17.8488,225,cF4,aflowlib.duke.edu:AFLOWDATA/LIB2_WEB/AgMo_pv/2
Ag1,aflow:4b71c943fc07677a,,,0.030307,17.9797,229,cI2,aflowlib.duke.edu:AFLOWDATA/LIB2_WEB/AgBr/b1
Ag1,aflow:4cff9d46dc10eec5,,,0.029773,17.9773,229,cI2,aflowlib.duke.edu:AFLOWDATA/LIB2_WEB/AgCu_pv/b1
Ag1,aflow:4d4cc2f2a891056e,,,0.029773,17.9773,229,cI2,aflowlib.duke.edu:AFLOWDATA/LIB2_WEB/AgRh_pv/b1
Ag1,aflow:4d544136c2843cf3,,,0.029773,17.9773,229,cI2,aflowlib.duke.edu:AFLOWDATA/LIB2_WEB/AgIr/59
Ag1,aflow:4ded4831ffd6eb0d,,,0.030307,17.9797,229,cI2,aflowlib.duke.edu:AFLOWDATA/LIB2_WEB/AgTl_d/59
Ag1,aflow:4ec620b990f9398f,,,0.000237,17.8512,225,cF4,aflowlib.duke.edu:AFLOWDATA/LIB2_WEB/AgP/f1
Ag1,aflow:51a5239be11924f0,,,0.000321,17.8525,225,cF4,aflowlib.duke.edu:AFLOWDATA/LIB2_WEB/AgBi_d/303
Ag1,aflow:51eafe2c618ba740,,,0.029773,17.9773,229,cI2,aflowlib.duke.edu:AFLOWDATA/LIB2_WEB/AgCu_pv/59
Ag1,aflow:52b19ab2c0a143ac,,,4.3e-05,17.8488,225,cF4,aflowlib.duke.edu:AFLOWDATA/LIB2_WEB/AgRu_pv/f1
Ag1,aflow:52095e5cb789b18a,,,4.3e-05,17.8488,225,cF4,aflowlib.duke.edu:AFLOWDATA/LIB2_WEB/AgRh_pv/f1
Ag1,aflow:528bec1076014525,,,0.030307,17.9795,229,cI2,aflowlib.duke.edu:AFLOWDATA/LIB2_WEB/AgIn_d/59
Ag1,aflow:5240e6973e1531ac,,,0.030307,17.9795,229,cI2,aflowlib.duke.edu:AFLOWDATA/LIB2_WEB/AgB_h/59
Ag1,aflow:53ca5b4957fd6db2,,,0.000263,17.87,225,cF4,aflowlib.duke.edu:AFLOWDATA/LIB2_WEB/AgZr_sv/303
Ag1,aflow:55b353faf83bd7ac,,,0.029773,17.9773,229,cI2,aflowlib.duke.edu:AFLOWDATA/LIB2_WEB/AgTc_pv/59
Ag1,aflow:562f34e576a39ce5,,,4.3e-05,17.8488,225,cF4,aflowlib.duke.edu:AFLOWDATA/LIB2_WEB/AgRe_pv/2
Ag1,aflow:58420668a8648b67,,,0.000237,17.8512,225,cF4,aflowlib.duke.edu:AFLOWDATA/LIB2_WEB/AgTe/f1
Ag1,aflow:5930f51d2aaa5ee4,,,0.030307,17.9797,229,cI2,aflowlib.duke.edu:AFLOWDATA/LIB2_WEB/AgLi_sv/b1
Ag1,aflow:5a2f2970dac17e8f,,,0.000263,17.87,225,cF4,aflowlib.duke.edu:AFLOWDATA/LIB2_WEB/AgRe_pv/303
Ag1,aflow:5b596cb3a02b52e1,,,0.001524,17.8343,225,cF4,aflowlib.duke.edu:AFLOWDATA/LIB2_WEB/AgMg_pv/f1
Ag1,aflow:5b3d91678c52136e,0,metal,,17.8585,225,cF4,aflowlib.duke.edu:AFLOWDATA/ICSD_WEB/FCC/Ag1_ICSD_53761
Ag1,aflow:5b45d3ef8e16ae26,,,2.5262,3375,,,aflowlib.duke.edu:AFLOWDATA/LIB0_WEB/Ag:GGA:01Apr2000/0
Ag1,aflow:5cfcfa0ffa177d4b,,,0.029773,17.9773,229,cI2,aflowlib.duke.edu:AFLOWDATA/LIB2_WEB/AgLa/b1
Ag1,aflow:5ca6c3b5f27ee3ea,,,0.000237,17.8512,225,cF4,aflowlib.duke.edu:AFLOWDATA/LIB2_WEB/AgSi/f1
Ag1,aflow:5cba5dd26762d794,,,0.029788,17.9777,229,cI2,aflowlib.duke.edu:AFLOWDATA/LIB2_WEB/AgZn/b1
Ag1,aflow:5d88f887aebd8f8f,,,4.3e-05,17.8488,225,cF4,aflowlib.duke.edu:AFLOWDATA/LIB2_WEB/AgCu_pv/2
Ag1,aflow:6085dc804b2e8771,,,0.000237,17.8512,225,cF4,aflowlib.duke.edu:AFLOWDATA/LIB2_WEB/AgSe/2
Ag1,aflow:608c00a72d68b597,,,0.000237,17.8512,225,cF4,aflowlib.duke.edu:AFLOWDATA/LIB2_WEB/AgIn_d/2
Ag1,aflow:60689de1d44a7e34,,,4.3e-05,17.8488,225,cF4,aflowlib.duke.edu:AFLOWDATA/LIB2_WEB/AgY_sv/f1
Ag1,aflow:609bdf7d999d7d9d,,,0,17.7851,225,cF4,aflowlib.duke.edu:AFLOWDATA/LIB1_WEB/Ag:PAW_GGA:18Jul2000/A1
Ag1,aflow:613cc617351e7652,,,0.000175,17.8506,225,cF4,aflowlib.duke.edu:AFLOWDATA/LIB2_WEB/AgBi_d/2
Ag1,aflow:6343e8af02125316,,,0.000126,17.8532,225,cF4,aflowlib.duke.edu:AFLOWDATA/LIB2_WEB/AgIn_d/303
Ag1,aflow:63826ad5fca23db6,,,0.030307,17.9795,229,cI2,aflowlib.duke.edu:AFLOWDATA/LIB2_WEB/AgIn_d/b1
Ag1,aflow:64b7cebab5f082ef,,,4.3e-05,17.8488,225,cF4,aflowlib.duke.edu:AFLOWDATA/LIB2_WEB/AgFe_pv/2
Ag1,aflow:643bf66146b7ee2f,,,4.3e-05,17.8488,225,cF4,aflowlib.duke.edu:AFLOWDATA/LIB2_WEB/AgCd/f1
Ag1,aflow:64203bb25e0ab1a4,,,0.037434,16.3025,229,cI2,aflowlib.duke.edu:AFLOWDATA/LIB1_WEB/Ag:LDA:01Apr2000/A2
Ag1,aflow:6498528adb547c42,,,0.000263,17.87,225,cF4,aflowlib.duke.edu:AFLOWDATA/LIB2_WEB/AgV_sv/303
Ag1,aflow:65d8fd89d5d0d406,,,0.00023,17.8516,225,cF4,aflowlib.duke.edu:AFLOWDATA/LIB2_WEB/AgCa_sv/2
Ag1,aflow:65d526f8cffdec57,,,0.030307,17.9795,229,cI2,aflowlib.duke.edu:AFLOWDATA/LIB2_WEB/AgB_h/b1
Ag1,aflow:661df2b9bd925538,,,0.029773,17.9773,229,cI2,aflowlib.duke.edu:AFLOWDATA/LIB2_WEB/AgRu_pv/59
Ag1,aflow:6746964b4f92a43e,,,0.029788,17.9777,229,cI2,aflowlib.duke.edu:AFLOWDATA/LIB2_WEB/AgZr_sv/b1
Ag1,aflow:68e4c3623337cc94,,,0.0318959,17.7843,229,cI2,aflowlib.duke.edu:AFLOWDATA/LIB1_WEB/Ag_GW:PAW_PBE_KIN:06Mar2008/A2
Ag1,aflow:680ed82e3982b98c,,,0.000273,17.8518,225,cF4,aflowlib.duke.edu:AFLOWDATA/LIB2_WEB/AgSe/f1
Ag1,aflow:682e77a1e0c78cc6,,,0.000125,17.8528,225,cF4,aflowlib.duke.edu:AFLOWDATA/LIB2_WEB/AgBe_sv/303
Ag1,aflow:68958fa3a25c0509,,,0.029773,17.9773,229,cI2,aflowlib.duke.edu:AFLOWDATA/LIB2_WEB/AgHg/59
Ag1,aflow:68d29ae8e2b8c34b,0,metal,,17.859,225,cF4,aflowlib.duke.edu:AFLOWDATA/ICSD_WEB/FCC/Ag1_ICSD_44387
Ag1,aflow:684b11cb6e42b77a,,,4.3e-05,17.8488,225,cF4,aflowlib.duke.edu:AFLOWDATA/LIB2_WEB/AgHf_pv/f1
Ag1,aflow:69d316a099de7835,,,0.029608,18.1145,229,cI2,aflowlib.duke.edu:AFLOWDATA/LIB1_WEB/Ag:GGA:01Apr2000/A2
Ag1,aflow:6c5444a3604040c9,,,0.029773,17.9773,229,cI2,aflowlib.duke.edu:AFLOWDATA/LIB2_WEB/AgCr_pv/b1
Ag1,aflow:6f85e3c02b175cfc,,,4.3e-05,17.8488,225,cF4,aflowlib.duke.edu:AFLOWDATA/LIB2_WEB/AgLa/2
Ag1,aflow:6f3afa9981fb571d,,,4.3e-05,17.8488,225,cF4,aflowlib.duke.edu:AFLOWDATA/LIB2_WEB/AgFe_pv/f1
Ag1,aflow:710dee0119f76461,,,0.030307,17.9795,229,cI2,aflowlib.duke.edu:AFLOWDATA/LIB2_WEB/AgAs/59
Ag1,aflow:71d8b22c89bcce7c,,,0.00023,17.8516,225,cF4,aflowlib.duke.edu:AFLOWDATA/LIB2_WEB/AgCl/f1
Ag1,aflow:73b52517ed198b6c,,,0.030307,17.9797,229,cI2,aflowlib.duke.edu:AFLOWDATA/LIB2_WEB/AgK_sv/b1
Ag1,aflow:74302cca91a8a274,,,0.030307,17.9797,229,cI2,aflowlib.duke.edu:AFLOWDATA/LIB2_WEB/AgBa_sv/b1
Ag1,aflow:75b722c8e60c5159,,,0.029788,17.9777,229,cI2,aflowlib.duke.edu:AFLOWDATA/LIB2_WEB/AgW_pv/b1
Ag1,aflow:752299baab006118,,,4.3e-05,17.8488,225,cF4,aflowlib.duke.edu:AFLOWDATA/LIB2_WEB/AgMn_pv/2
Ag1,aflow:7563daa4b473750a,,,-0.000221,17.8499,225,cF4,aflowlib.duke.edu:AFLOWDATA/LIB2_WEB/AgAs/303
Ag1,aflow:772e4eaad32e47af,0,metal,,17.859,225,cF4,aflowlib.duke.edu:AFLOWDATA/ICSD_WEB/FCC/Ag1_ICSD_181730
Ag1,aflow:793ce5b389c32356,,,0.000263,17.87,225,cF4,aflowlib.duke.edu:AFLOWDATA/LIB2_WEB/AgFe_pv/303
Ag1,aflow:7b7c3ecca3169b44,,,0.029788,17.9777,229,cI2,aflowlib.duke.edu:AFLOWDATA/LIB2_WEB/AgOs_pv/b1
Ag1,aflow:7c0e10ddad998dd0,,,0.000263,17.87,225,cF4,aflowlib.duke.edu:AFLOWDATA/LIB2_WEB/AgHg/303
Ag1,aflow:7ca56340d28a5c4c,0,metal,,17.8588,225,cF4,aflowlib.duke.edu:AFLOWDATA/ICSD_WEB/FCC/Ag1_ICSD_64996
Ag1,aflow:7da716159190459a,,,0.029856,17.9789,229,cI2,aflowlib.duke.edu:AFLOWDATA/LIB2_WEB/AgBi_d/b1
Ag1,aflow:7e61e053dd2efdb6,,,0.000263,17.87,225,cF4,aflowlib.duke.edu:AFLOWDATA/LIB2_WEB/AgPd_pv/303
Ag1,aflow:80a317676abcfd43,,,0.000237,17.8512,225,cF4,aflowlib.duke.edu:AFLOWDATA/LIB2_WEB/AgAs/f1
Ag1,aflow:8235650cde3702d9,,,4.3e-05,17.8488,225,cF4,aflowlib.duke.edu:AFLOWDATA/LIB2_WEB/AgIr/2
Ag1,aflow:8234ec3184ff9283,,,0.030416,17.9795,229,cI2,aflowlib.duke.edu:AFLOWDATA/LIB2_WEB/AgGa_h/59
Ag1,aflow:832eca949fffbc11,,,0.00023,17.8516,225,cF4,aflowlib.duke.edu:AFLOWDATA/LIB2_WEB/AgCl/2
Ag1,aflow:856d7bd784ae94e9,,,0.029856,17.9789,229,cI2,aflowlib.duke.edu:AFLOWDATA/LIB2_WEB/AgBi_d/59
Ag1,aflow:851a2715fc63d533,,,0.029788,17.9777,229,cI2,aflowlib.duke.edu:AFLOWDATA/LIB2_WEB/AgIr/b1
Ag1,aflow:8644b2a76f1e918e,,,0.000175,17.8506,225,cF4,aflowlib.duke.edu:AFLOWDATA/LIB2_WEB/AgSb/f1
Ag1,aflow:87a69a21f3d707bb,,,4.3e-05,17.8488,225,cF4,aflowlib.duke.edu:AFLOWDATA/LIB2_WEB/AgMo_pv/f1
Ag1,aflow:88e2e6e7d7b44087,,,4.3e-05,17.8491,225,cF4,aflowlib.duke.edu:AFLOWDATA/LIB2_WEB/AgZr_sv/2
Ag1,aflow:89cc982cbd3ba998,,,0.000344,17.8539,225,cF4,aflowlib.duke.edu:AFLOWDATA/LIB2_WEB/AgSe/A7.A
Ag1,aflow:89c9e432166ef6c0,,,-0.000104,17.8533,225,cF4,aflowlib.duke.edu:AFLOWDATA/LIB2_WEB/AgGa_h/303
Ag1,aflow:893a7fa9f5ec9464,,,0.002366,17.8663,225,cF4,aflowlib.duke.edu:AFLOWDATA/LIB2_WEB/AgC/f1
Ag1,aflow:8ac51407b298847e,,,0.000126,17.8532,225,cF4,aflowlib.duke.edu:AFLOWDATA/LIB2_WEB/AgPb_d/303
Ag1,aflow:8a5f59ea778a71a1,,,2.54773,3375,,,aflowlib.duke.edu:AFLOWDATA/LIB0_WEB/Ag:PAW_GGA:18Jul2000/0
Ag1,aflow:8a1d395cd895271f,,,0.002358,17.8666,225,cF4,aflowlib.duke.edu:AFLOWDATA/LIB2_WEB/AgC/303
Ag1,aflow:8b6fb338311b919b,,,0.02722,17.9733,229,cI2,aflowlib.duke.edu:AFLOWDATA/LIB2_WEB/AgC/b1
Ag1,aflow:8b12f2c06037dc2a,,,0.030307,17.9797,229,cI2,aflowlib.duke.edu:AFLOWDATA/LIB2_WEB/AgBe_sv/59
Ag1,aflow:8be6c9f03ce07d48,,,0,17.6514,225,cF4,aflowlib.duke.edu:AFLOWDATA/LIB1_WEB/Ag:PAW_PBE_KIN:02Apr2005/A1
Ag1,aflow:8ce1396a5b8c063b,,,,17.8752,225,cF4,aflowlib.duke.edu:AFLOWDATA/LIB1_WEB/Ag:PAW_PBE:06Sep2000/A1:LDAU2
Ag1,aflow:8e30887103e7d2e7,,,4.3e-05,17.8488,225,cF4,aflowlib.duke.edu:AFLOWDATA/LIB2_WEB/AgTc_pv/2
Ag1,aflow:8fdaaa0dd9e85261,,,0.000175,17.8506,225,cF4,aflowlib.duke.edu:AFLOWDATA/LIB2_WEB/AgSb/2
Ag1,aflow:8f22e75cfd6b8655,,,0.0406353,15.9978,229,cI2,aflowlib.duke.edu:AFLOWDATA/LIB1_WEB/Ag_GW:PAW_LDA_KIN:06Mar2008/A2
Ag1,aflow:8f56fb93b190fa99,,,0.029773,17.9773,229,cI2,aflowlib.duke.edu:AFLOWDATA/LIB2_WEB/AgHf_pv/b1
Ag1,aflow:92822fcfbd6ef006,,,0.00023,17.8516,225,cF4,aflowlib.duke.edu:AFLOWDATA/LIB2_WEB/AgBe_sv/2
Ag1,aflow:93f85270a51ea486,,,0.029773,17.9773,229,cI2,aflowlib.duke.edu:AFLOWDATA/LIB2_WEB/AgLa/59
Ag1,aflow:938d761177b7c63d,,,0.029773,17.9773,229,cI2,aflowlib.duke.edu:AFLOWDATA/LIB2_WEB/AgMn_pv/b1
Ag1,aflow:96549a0862a53f8a,,,0.029737,17.9772,229,cI2,aflowlib.duke.edu:AFLOWDATA/LIB2_WEB/AgY_sv/59
Ag1,aflow:96a0e49ccb2248ea,,,0.030077,17.9797,229,cI2,aflowlib.duke.edu:AFLOWDATA/LIB2_WEB/AgNa_sv/59
Ag1,aflow:976416ca9867b920,,,0.00023,17.8516,225,cF4,aflowlib.duke.edu:AFLOWDATA/LIB2_WEB/AgBr/2
Ag1,aflow:98cffd306dbe1c38,,,0.0412963,15.9325,229,cI2,aflowlib.duke.edu:AFLOWDATA/LIB1_WEB/Ag_pv:PAW_LDA_KIN:09Dec2005/A2
Ag1,aflow:98de29a34612e209,,,0.000175,17.8506,225,cF4,aflowlib.duke.edu:AFLOWDATA/LIB2_WEB/AgBi_d/f1
Ag1,aflow:99247f77480498ae,,,4.3e-05,17.8488,225,cF4,aflowlib.duke.edu:AFLOWDATA/LIB2_WEB/AgRe_pv/f1
Ag1,aflow:991e701a186044f6,,,4.3e-05,17.8488,225,cF4,aflowlib.duke.edu:AFLOWDATA/LIB2_WEB/AgCo/f1
Ag1,aflow:9a328d62fe6cbcfa,,,-0.000141,17.8969,139,tI2,aflowlib.duke.edu:AFLOWDATA/LIB2_WEB/AgGe_h/303
Ag1,aflow:9b126ee4c7926df0,,,0.00023,17.8516,225,cF4,aflowlib.duke.edu:AFLOWDATA/LIB2_WEB/AgBa_sv/f1
Ag1,aflow:9bd1c6512faf2f11,,,0.030307,17.9795,229,cI2,aflowlib.duke.edu:AFLOWDATA/LIB2_WEB/AgP/59
Ag1,aflow:9d14c178e503051d,,,0.001524,17.8343,225,cF4,aflowlib.duke.edu:AFLOWDATA/LIB2_WEB/AgGe_h/f1
Ag1,aflow:9d0529be3e66143b,,,0.0320231,17.3392,229,cI2,aflowlib.duke.edu:AFLOWDATA/LIB1_WEB/Ag_sv_GW:PAW_PBE_KIN:05Dec2013/A2
Ag1,aflow:9df1441362196493,,,0.000273,17.8518,225,cF4,aflowlib.duke.edu:AFLOWDATA/LIB2_WEB/AgB_h/f1
Ag1,aflow:9ecbaca6f81b9fab,,,0,17.9853,225,cF4,aflowlib.duke.edu:AFLOWDATA/LIB1_WEB/Ag:GGA:01Apr2000/A1
Ag1,aflow:9eda14e4e91c2c21,,,0.029773,17.9773,229,cI2,aflowlib.duke.edu:AFLOWDATA/LIB2_WEB/AgOs_pv/59
Ag1,aflow:a16ab66185deed2b,,,0.029788,17.9777,229,cI2,aflowlib.duke.edu:AFLOWDATA/LIB2_WEB/AgSc_sv/b1
Ag1,aflow:a4aa1aaa0198a657,0,metal,,17.8583,225,cF4,aflowlib.duke.edu:AFLOWDATA/ICSD_WEB/FCC/Ag1_ICSD_64994
Ag1,aflow:a4649d63be3fe646,,,0.000263,17.87,225,cF4,aflowlib.duke.edu:AFLOWDATA/LIB2_WEB/AgTi_sv/303
Ag1,aflow:a53516fa6cb152d4,,,-3e-08,17.2106,225,cF4,aflowlib.duke.edu:AFLOWDATA/LIB1_WEB/Ag_sv_GW:PAW_PBE_KIN:05Dec2013/A1
Ag1,aflow:a6e8df18872f6b4e,,,0.000263,17.87,225,cF4,aflowlib.duke.edu:AFLOWDATA/LIB2_WEB/AgMo_pv/303
Ag1,aflow:a988ec05d0a6bf04,,,0.029773,17.9773,229,cI2,aflowlib.duke.edu:AFLOWDATA/LIB2_WEB/AgFe_pv/59
Ag1,aflow:aba59c679710b3ca,,,0.030307,17.9795,229,cI2,aflowlib.duke.edu:AFLOWDATA/LIB2_WEB/AgSi/b1
Ag1,aflow:addb392660db5736,,,0.029773,17.9773,229,cI2,aflowlib.duke.edu:AFLOWDATA/LIB2_WEB/AgNb_sv/59
Ag1,aflow:ae54f563e0c9d4c3,,,0.029773,17.9773,229,cI2,aflowlib.duke.edu:AFLOWDATA/LIB2_WEB/AgCr_pv/59
Ag1,aflow:af6932071ca34033,0,metal,,17.8583,225,cF4,aflowlib.duke.edu:AFLOWDATA/ICSD_WEB/FCC/Ag1_ICSD_52257
Ag1,aflow:b035a63b42ba9211,,,4.3e-05,17.8488,225,cF4,aflowlib.duke.edu:AFLOWDATA/LIB2_WEB/AgHg/f1
Ag1,aflow:b0d7fbdf73cd3b0c,,,0.00023,17.8516,225,cF4,aflowlib.duke.edu:AFLOWDATA/LIB2_WEB/AgK_sv/f1
Ag1,aflow:b2cd065fec780993,,,0.000263,17.87,225,cF4,aflowlib.duke.edu:AFLOWDATA/LIB2_WEB/AgRh_pv/303
Ag1,aflow:b24af24ffd22ade9,,,0.000263,17.87,225,cF4,aflowlib.duke.edu:AFLOWDATA/LIB2_WEB/AgNb_sv/303
Ag1,aflow:b3a7e04b2047a486,,,0.029788,17.9777,229,cI2,aflowlib.duke.edu:AFLOWDATA/LIB2_WEB/AgRu_pv/b1
Ag1,aflow:b3fea1c5b027665b,0,metal,,17.8583,225,cF4,aflowlib.duke.edu:AFLOWDATA/ICSD_WEB/FCC/Ag1_ICSD_77917
Ag1,aflow:b3ded8b7b3305e9f,,,0,17.8512,225,cF4,aflowlib.duke.edu:AFLOWDATA/LIB1_WEB/Ag:PAW_PBE:06Sep2000/A1
Ag1,aflow:b50be45f9d5ae48c,,,0.029788,17.9777,229,cI2,aflowlib.duke.edu:AFLOWDATA/LIB2_WEB/AgTc_pv/b1
Ag1,aflow:b5f94c6752b090a6,,,0.029773,17.9773,229,cI2,aflowlib.duke.edu:AFLOWDATA/LIB2_WEB/AgPd_pv/59
Ag1,aflow:b67e2a23934a45ea,,,4.3e-05,17.8488,225,cF4,aflowlib.duke.edu:AFLOWDATA/LIB2_WEB/AgPd_pv/2
Ag1,aflow:b8028e906732d405,,,6e-08,15.9137,225,cF4,aflowlib.duke.edu:AFLOWDATA/LIB1_WEB/Ag:PAW_LDA_KIN:06Sep2000/A1
Ag1,aflow:b8796f648216f28f,,,4.3e-05,17.8488,225,cF4,aflowlib.duke.edu:AFLOWDATA/LIB2_WEB/AgTi_sv/2
Ag1,aflow:b8f10dcd92302a84,,,0.000126,17.8532,225,cF4,aflowlib.duke.edu:AFLOWDATA/LIB2_WEB/AgTe/303
Ag1,aflow:baad044324699a7b,,,4.3e-05,17.8488,225,cF4,aflowlib.duke.edu:AFLOWDATA/LIB2_WEB/AgCr_pv/2
Ag1,aflow:bcc40dd56a62af60,,,4.3e-05,17.8488,225,cF4,aflowlib.duke.edu:AFLOWDATA/LIB2_WEB/AgRu_pv/2
Ag1,aflow:bdfa76f7578c4c1d,,,0.029773,17.9773,229,cI2,aflowlib.duke.edu:AFLOWDATA/LIB2_WEB/AgW_pv/59
Ag1,aflow:be9153edf4614fc3,,,0.000125,17.8528,225,cF4,aflowlib.duke.edu:AFLOWDATA/LIB2_WEB/AgCl/303
Ag1,aflow:bf290383c583853d,,,0.00023,17.8516,225,cF4,aflowlib.duke.edu:AFLOWDATA/LIB2_WEB/AgTl_d/f1
Ag1,aflow:bf8bf3673381e4ef,,,0.000126,17.8532,225,cF4,aflowlib.duke.edu:AFLOWDATA/LIB2_WEB/AgSe/303
Ag1,aflow:bf3d97b04b46f35e,,,0.029788,17.9777,229,cI2,aflowlib.duke.edu:AFLOWDATA/LIB2_WEB/AgTa_pv/b1
Ag1,aflow:c0fc7948a88e0870,0,metal,,17.8583,225,cF4,aflowlib.duke.edu:AFLOWDATA/ICSD_WEB/FCC/Ag1_ICSD_604635
Ag1,aflow:c1d1e6e39c767283,,,0.00023,17.8516,225,cF4,aflowlib.duke.edu:AFLOWDATA/LIB2_WEB/AgTl_d/2
Ag1,aflow:c2588b7a72f6a4da,,,0.029773,17.9773,229,cI2,aflowlib.duke.edu:AFLOWDATA/LIB2_WEB/AgCo/b1
Ag1,aflow:c29b99609c37e047,,,0.000237,17.8512,225,cF4,aflowlib.duke.edu:AFLOWDATA/LIB2_WEB/AgB_h/2
Ag1,aflow:c3792704b6e20983,,,0.00023,17.8516,225,cF4,aflowlib.duke.edu:AFLOWDATA/LIB2_WEB/AgSr_sv/2
Ag1,aflow:c5236bca433d6df2,,,0.00023,17.8516,225,cF4,aflowlib.duke.edu:AFLOWDATA/LIB2_WEB/AgBe_sv/f1
Ag1,aflow:c522947214c1587a,0,metal,,17.8583,225,cF4,aflowlib.duke.edu:AFLOWDATA/ICSD_WEB/FCC/Ag1_ICSD_53760
Ag1,aflow:c51e73cb082977c9,,,0.029788,17.9777,229,cI2,aflowlib.duke.edu:AFLOWDATA/LIB2_WEB/AgPd_pv/b1
Ag1,aflow:c6a72e550381801b,,,0.000263,17.87,225,cF4,aflowlib.duke.edu:AFLOWDATA/LIB2_WEB/AgY_sv/303
Ag1,aflow:c6a90145d01a28a1,,,0.030307,17.9795,229,cI2,aflowlib.duke.edu:AFLOWDATA/LIB2_WEB/AgSn/59
Ag1,aflow:c862b05188770f72,,,1.84e-06,16.8463,225,cF4,aflowlib.duke.edu:AFLOWDATA/LIB1_WEB/Ag_pv:PAW_PBE_KIN:SCAN:09Dec2005/A1
Ag1,aflow:c8f6790e96dc5c19,,,0.030307,17.9795,229,cI2,aflowlib.duke.edu:AFLOWDATA/LIB2_WEB/AgPb_d/59
Ag1,aflow:c917fd98c189e8be,,,0.030307,17.9797,229,cI2,aflowlib.duke.edu:AFLOWDATA/LIB2_WEB/AgK_sv/59
Ag1,aflow:cae9112d9a0e88ca,0,metal,,17.8745,225,cF4,aflowlib.duke.edu:AFLOWDATA/ICSD_WEB/FCC/Ag1_ICSD_426921
Ag1,aflow:ccf90b16725b7c81,,,4.91e-06,16.9292,225,cF4,aflowlib.duke.edu:AFLOWDATA/LIB1_WEB/Ag:PAW_PBE_KIN:SCAN:02Apr2005/A1
Ag1,aflow:cedff1aa9af2c1dc,,,0.000263,17.87,225,cF4,aflowlib.duke.edu:AFLOWDATA/LIB2_WEB/AgNi_pv/303
Ag1,aflow:d0ba304b1dd8a41a,,,0.029788,17.9777,229,cI2,aflowlib.duke.edu:AFLOWDATA/LIB2_WEB/AgTi_sv/b1
Ag1,aflow:d1f07ae587abf610,,,0.000263,17.87,225,cF4,aflowlib.duke.edu:AFLOWDATA/LIB2_WEB/AgOs_pv/303
Ag1,aflow:d24f8dbebeac5f0d,,,4.3e-05,17.8488,225,cF4,aflowlib.duke.edu:AFLOWDATA/LIB2_WEB/AgCr_pv/f1
Ag1,aflow:d4916ec3242cd07a,,,0.029773,17.9773,229,cI2,aflowlib.duke.edu:AFLOWDATA/LIB2_WEB/AgRe_pv/59
Ag1,aflow:d58be6271b0e0b70,,,0.000263,17.87,225,cF4,aflowlib.duke.edu:AFLOWDATA/LIB2_WEB/AgLa/303
Ag1,aflow:d661526c7a4f6a5c,,,4.3e-05,17.8488,225,cF4,aflowlib.duke.edu:AFLOWDATA/LIB2_WEB/AgTi_sv/f1
Ag1,aflow:d6fd7dda11420fad,,,0.000263,17.87,225,cF4,aflowlib.duke.edu:AFLOWDATA/LIB2_WEB/AgCu_pv/303
Ag1,aflow:d6562d74fa717ff4,,,0.030307,17.9795,229,cI2,aflowlib.duke.edu:AFLOWDATA/LIB2_WEB/AgSn/b1
Ag1,aflow:d7e556b1a0b1958e,,,0.00023,17.8516,225,cF4,aflowlib.duke.edu:AFLOWDATA/LIB2_WEB/AgBa_sv/2
Ag1,aflow:d703219e03a95a37,,,0.000237,17.8512,225,cF4,aflowlib.duke.edu:AFLOWDATA/LIB2_WEB/AgSi/2
Ag1,aflow:d8222cad215d1470,,,4.3e-05,17.8488,225,cF4,aflowlib.duke.edu:AFLOWDATA/LIB2_WEB/AgHf_pv/2
Ag1,aflow:d88e5155b1b74176,0,metal,,17.8587,225,cF4,aflowlib.duke.edu:AFLOWDATA/ICSD_WEB/FCC/Ag1_ICSD_53759
Ag1,aflow:d9bc543d39d06cb4,,,4.3e-05,17.8488,225,cF4,aflowlib.duke.edu:AFLOWDATA/LIB2_WEB/AgNb_sv/2
Ag1,aflow:daad98a1eb813279,,,4.3e-05,17.8488,225,cF4,aflowlib.duke.edu:AFLOWDATA/LIB2_WEB/AgSc_sv/f1
Ag1,aflow:dafa080482663654,,,0.029773,17.9773,229,cI2,aflowlib.duke.edu:AFLOWDATA/LIB2_WEB/AgFe_pv/b1
Ag1,aflow:da0f81896fe20b1f,,,4.3e-05,17.8488,225,cF4,aflowlib.duke.edu:AFLOWDATA/LIB2_WEB/AgPt/f1
Ag1,aflow:dba561034523bffd,,,4.4e-05,17.8488,225,cF4,aflowlib.duke.edu:AFLOWDATA/LIB2_WEB/AgTc_pv/f1
Ag1,aflow:dc0dda1812cef3e1,,,0.029737,17.9772,229,cI2,aflowlib.duke.edu:AFLOWDATA/LIB2_WEB/AgSc_sv/59
Ag1,aflow:dda9e96890899073,,,0.000263,17.87,225,cF4,aflowlib.duke.edu:AFLOWDATA/LIB2_WEB/AgMg_pv/303
Ag1,aflow:deb16f7ad2ebc748,,,0.000126,17.8532,225,cF4,aflowlib.duke.edu:AFLOWDATA/LIB2_WEB/AgAl/303
Ag1,aflow:def6ecdc83fdb2e6,,,0.02878,17.9747,229,cI2,aflowlib.duke.edu:AFLOWDATA/LIB2_WEB/AgMg_pv/59
Ag1,aflow:dfc15041515b3691,,,0.000237,17.8512,225,cF4,aflowlib.duke.edu:AFLOWDATA/LIB2_WEB/AgAl/f1
Ag1,aflow:dffc954dd55e5702,,,0.029788,17.9777,229,cI2,aflowlib.duke.edu:AFLOWDATA/LIB2_WEB/AgV_sv/b1
Ag1,aflow:e03e050246558218,,,0.000237,17.8512,225,cF4,aflowlib.duke.edu:AFLOWDATA/LIB2_WEB/AgSn/2
Ag1,aflow:e02ff3f6ed28be32,,,0.000125,17.8528,225,cF4,aflowlib.duke.edu:AFLOWDATA/LIB2_WEB/AgLi_sv/303
Ag1,aflow:e1b860667cd209a0,,,4.3e-05,17.8488,225,cF4,aflowlib.duke.edu:AFLOWDATA/LIB2_WEB/AgZr_sv/f1
Ag1,aflow:e2233700240455d2,,,0.0317281,17.8044,229,cI2,aflowlib.duke.edu:AFLOWDATA/LIB1_WEB/Ag:PAW_PBE_KIN:02Apr2005/A2
Ag1,aflow:e21744c3a3d6ec58,,,0.029773,17.9773,229,cI2,aflowlib.duke.edu:AFLOWDATA/LIB2_WEB/AgTi_sv/59
Ag1,aflow:e2bfbc8087d9966b,,,4.3e-05,17.8488,225,cF4,aflowlib.duke.edu:AFLOWDATA/LIB2_WEB/AgNi_pv/2
Ag1,aflow:e367c6cd2393cd36,,,0.000263,17.87,225,cF4,aflowlib.duke.edu:AFLOWDATA/LIB2_WEB/AgIr/303
Ag1,aflow:e438bba513889d9d,,,4.3e-05,17.8488,225,cF4,aflowlib.duke.edu:AFLOWDATA/LIB2_WEB/AgSc_sv/2
Ag1,aflow:e4555500275e5fed,,,0.029737,17.9772,229,cI2,aflowlib.duke.edu:AFLOWDATA/LIB2_WEB/AgTa_pv/59
Ag1,aflow:e546a1bd8e7735e3,,,4.3e-05,17.8488,225,cF4,aflowlib.duke.edu:AFLOWDATA/LIB2_WEB/AgCd/2
Ag1,aflow:e6e97345e156d06a,,,4.3e-05,17.8488,225,cF4,aflowlib.duke.edu:AFLOWDATA/LIB2_WEB/AgLa/f1
Ag1,aflow:e7adff940d9e3dcc,,,0,16.2004,225,cF4,aflowlib.duke.edu:AFLOWDATA/LIB1_WEB/Ag:LDA:01Apr2000/A1
Ag1,aflow:e994184809e61838,,,0.029773,17.9773,229,cI2,aflowlib.duke.edu:AFLOWDATA/LIB2_WEB/AgRe_pv/b1
Ag1,aflow:eae0616bd9923148,,,0.030307,17.9797,229,cI2,aflowlib.duke.edu:AFLOWDATA/LIB2_WEB/AgLi_sv/59
Ag1,aflow:ea194feef0738a69,,,0.027996,17.9624,229,cI2,aflowlib.duke.edu:AFLOWDATA/LIB2_WEB/AgGe_h/b1
Ag1,aflow:eb6fa9acd3f1e637,,,0.000237,17.8512,225,cF4,aflowlib.duke.edu:AFLOWDATA/LIB2_WEB/AgTe/2
Ag1,aflow:ecc85d8faeb34e1d,,,0.001495,17.8513,225,cF4,aflowlib.duke.edu:AFLOWDATA/LIB2_WEB/AgGe_h/2
Ag1,aflow:ed8a804f30b22a10,,,4.3e-05,17.8488,225,cF4,aflowlib.duke.edu:AFLOWDATA/LIB2_WEB/AgNb_sv/f1
Ag1,aflow:f3de78266ddb6d58,0,metal,,17.8583,225,cF4,aflowlib.duke.edu:AFLOWDATA/ICSD_WEB/FCC/Ag1_ICSD_52545
Ag1,aflow:f3889c4cc177106a,,,0.000263,17.87,225,cF4,aflowlib.duke.edu:AFLOWDATA/LIB2_WEB/AgPt/303
Ag1,aflow:f40c05d7f74191fe,,,0.027221,17.9733,229,cI2,aflowlib.duke.edu:AFLOWDATA/LIB2_WEB/AgC/59
Ag1,aflow:f4e17a399ee14ac3,,,0.000126,17.8532,225,cF4,aflowlib.duke.edu:AFLOWDATA/LIB2_WEB/AgSn/303
Ag1,aflow:f51194468d9cd942,,,2.4897,3375,,,aflowlib.duke.edu:AFLOWDATA/LIB0_WEB/Ag:PAW_PBE_KIN:06Sep2000/0
Ag1,aflow:f6a50183780adca9,,,0.030307,17.9795,229,cI2,aflowlib.duke.edu:AFLOWDATA/LIB2_WEB/AgP/b1
Ag1,aflow:f7164090c1a8f56d,,,0.027996,17.9624,229,cI2,aflowlib.duke.edu:AFLOWDATA/LIB2_WEB/AgMg_pv/b1
Ag1,aflow:f8c0fcae72c83295,,,0.000126,17.8532,225,cF4,aflowlib.duke.edu:AFLOWDATA/LIB2_WEB/AgSi/303
Ag1,aflow:f83548a8a333f1c0,,,4.3e-05,17.8488,225,cF4,aflowlib.duke.edu:AFLOWDATA/LIB2_WEB/AgPd_pv/f1
Ag1,aflow:f8c7f916ca765f27,,,0.029773,17.9773,229,cI2,aflowlib.duke.edu:AFLOWDATA/LIB2_WEB/AgHf_pv/59
Ag1,aflow:f9e47b35f14c9e4d,,,0.030307,17.9797,229,cI2,aflowlib.duke.edu:AFLOWDATA/LIB2_WEB/AgSr_sv/59
Ag1,aflow:f9c682dfda07098e,0,metal,,17.8591,225,cF4,aflowlib.duke.edu:AFLOWDATA/ICSD_WEB/FCC/Ag1_ICSD_64995
Ag1,aflow:f98611d42189d352,,,4.3e-05,17.8488,225,cF4,aflowlib.duke.edu:AFLOWDATA/LIB2_WEB/AgTa_pv/f1
Ag1,aflow:fa94c73670de5e0a,,,0.029773,17.9773,229,cI2,aflowlib.duke.edu:AFLOWDATA/LIB2_WEB/AgHg/b1
Ag1,aflow:fa2ae029e0173b6f,,,-4e-08,17.6391,225,cF4,aflowlib.duke.edu:AFLOWDATA/LIB1_WEB/Ag_GW:PAW_PBE_KIN:06Mar2008/A1
Ag1,aflow:fb62c06e1502bc25,,,0.0404552,15.739,229,cI2,aflowlib.duke.edu:AFLOWDATA/LIB1_WEB/Ag_sv_GW:PAW_LDA_KIN:05Dec2013/A2
Ag1,aflow:fbe39650a33401c6,,,0.030307,17.9797,229,cI2,aflowlib.duke.edu:AFLOWDATA/LIB2_WEB/AgBr/59
Ag1,aflow:fb559eca8f1dd16d,,,0.0406638,16.0099,229,cI2,aflowlib.duke.edu:AFLOWDATA/LIB1_WEB/Ag:PAW_LDA_KIN:06Sep2000/A2
Ag1,aflow:fc96d4e88a43ece6,,,0.00036,17.8517,225,cF4,aflowlib.duke.edu:AFLOWDATA/LIB2_WEB/AgPb_d/f1
Ag1,aflow:fd6dc835a7330e20,,,0.00023,17.8516,225,cF4,aflowlib.duke.edu:AFLOWDATA/LIB2_WEB/AgSr_sv/f1
Ag1,aflow:fe65af610ec63925,,,0.030307,17.9795,229,cI2,aflowlib.duke.edu:AFLOWDATA/LIB2_WEB/AgTe/59
Ag1,aflow:fe225b5bde0c1ce6,0,metal,,17.8583,225,cF4,aflowlib.duke.edu:AFLOWDATA/ICSD_WEB/FCC/Ag1_ICSD_64706
Ag10Al6,aflow:4954f266e77e7901,,,0.00611731,17.4464,193,hP16,aflowlib.duke.edu:AFLOWDATA/LIB2_WEB/AgAl/222
Ag10Al6,aflow:501d45b9cb91d6d9,,,-0.00605244,17.3664,140,tI32,aflowlib.duke.edu:AFLOWDATA/LIB2_WEB/AgAl/255
Ag10Al8,aflow:b87a7f04a81051cc,,,0.0108044,17.1527,193,hP18,aflowlib.duke.edu:AFLOWDATA/LIB2_WEB/AgAl/360
Ag10As6,aflow:b46a57e60a2a8491,,,0.19604,19.3098,193,hP16,aflowlib.duke.edu:AFLOWDATA/LIB2_WEB/AgAs/222
Ag10As6,aflow:e89c8337130ea8f0,,,0.184391,18.9581,140,tI32,aflowlib.duke.edu:AFLOWDATA/LIB2_WEB/AgAs/255
Ag10As8,aflow:ef792ea01743ae29,,,0.232037,19.3508,193,hP18,aflowlib.duke.edu:AFLOWDATA/LIB2_WEB/AgAs/360
Ag10Au6,aflow:2f7e2bfdb596d7f3,,,0.0256202,18.6692,12,mS32,aflowlib.duke.edu:AFLOWDATA/LIB2_WEB/AgAu/255
Ag10Au6,aflow:6f6120cd1df2d78a,,,0.0545727,18.9347,193,hP16,aflowlib.duke.edu:AFLOWDATA/LIB2_WEB/AgAu/222
Ag10Au8,aflow:e2774f7528b719fd,,,0.0127382,18.3845,193,hP18,aflowlib.duke.edu:AFLOWDATA/LIB2_WEB/AgAu/360
Ag10B6,aflow:851b036d91f38005,,,0.880507,14.0781,193,hP16,aflowlib.duke.edu:AFLOWDATA/LIB2_WEB/AgB_h/222
Ag10B8,aflow:6bd56eebc3bb4fc3,,,1.17996,13.7518,193,hP18,aflowlib.duke.edu:AFLOWDATA/LIB2_WEB/AgB_h/360
Ag10Be6,aflow:a8d2ff9de57ed8b1,,,0.167904,14.3391,193,hP16,aflowlib.duke.edu:AFLOWDATA/LIB2_WEB/AgBe_sv/222
Ag10Be6,aflow:bee1229e4c4f014c,,,0.169659,14.2873,140,tI32,aflowlib.duke.edu:AFLOWDATA/LIB2_WEB/AgBe_sv/255
Ag10Be8,aflow:508bffe833f38d6d,,,0.192686,13.6226,193,hP18,aflowlib.duke.edu:AFLOWDATA/LIB2_WEB/AgBe_sv/360
Ag10Bi6,aflow:a9c2b4099bcd2533,,,0.118535,23.9343,193,hP16,aflowlib.duke.edu:AFLOWDATA/LIB2_WEB/AgBi_d/222
Ag10Bi6,aflow:b24e513818de2ff9,,,0.100105,24.0017,8,mS32,aflowlib.duke.edu:AFLOWDATA/LIB2_WEB/AgBi_d/255
Ag10Bi8,aflow:02590518dc425c19,,,0.165865,24.2378,193,hP18,aflowlib.duke.edu:AFLOWDATA/LIB2_WEB/AgBi_d/360
Ag10Br6,aflow:0ce3732661f77c64,,,-0.214545,25.4408,8,mS32,aflowlib.duke.edu:AFLOWDATA/LIB2_WEB/AgBr/255
Ag10Br6,aflow:2ec13834edafa36c,,,-0.0462751,25.8755,193,hP16,aflowlib.duke.edu:AFLOWDATA/LIB2_WEB/AgBr/222
Ag10C6,aflow:4a95ac2230c46f9e,,,1.59879,14.7863,193,hP16,aflowlib.duke.edu:AFLOWDATA/LIB2_WEB/AgC/222
Ag10C6,aflow:ca7fd4984b076fb7,,,1.68585,14.0138,140,tI32,aflowlib.duke.edu:AFLOWDATA/LIB2_WEB/AgC/255
Ag10C8,aflow:93eaf3b348be75c9,,,2.03166,13.4123,193,hP18,aflowlib.duke.edu:AFLOWDATA/LIB2_WEB/AgC/360
Ag10Ca6,aflow:c45aab01d6ee6676,,,-0.15819,23.8481,140,tI32,aflowlib.duke.edu:AFLOWDATA/LIB2_WEB/AgCa_sv/255
Ag10Ca8,aflow:6c3181970584dbe2,,,-0.225309,25.3705,193,hP18,aflowlib.duke.edu:AFLOWDATA/LIB2_WEB/AgCa_sv/360
Ag10Cd16,aflow:5c76f4e20938ad30,0,metal,,20.1587,217,cI52,aflowlib.duke.edu:AFLOWDATA/ICSD_WEB/BCC/Ag5Cd8_ICSD_604897
Ag10Cd16,aflow:772a4851b08470d9,,,-0.0678575,19.9677,217,cI52,aflowlib.duke.edu:AFLOWDATA/LIB2_WEB/AgCd/ICSD_604897.AB
Ag10Cd6,aflow:dfea7d577c3209ec,,,0.0334409,19.863,193,hP16,aflowlib.duke.edu:AFLOWDATA/LIB2_WEB/AgCd/222
Ag10Cd6,aflow:f48487861fe78980,,,0.0164783,19.5771,12,mS32,aflowlib.duke.edu:AFLOWDATA/LIB2_WEB/AgCd/255
Ag10Cd8,aflow:58d212abb689b651,,,-0.0301491,19.4407,193,hP18,aflowlib.duke.edu:AFLOWDATA/LIB2_WEB/AgCd/360
Ag10Cl6,aflow:7745344aa9e658d4,,,-0.134619,23.1275,193,hP16,aflowlib.duke.edu:AFLOWDATA/LIB2_WEB/AgCl/222
Ag10Cl8,aflow:45ae4012869c6ea2,,,-0.209154,21.5734,193,hP18,aflowlib.duke.edu:AFLOWDATA/LIB2_WEB/AgCl/360
Ag10Co6,aflow:2d21973f89ca5ae9,,,0.540604,15.9809,193,hP16,aflowlib.duke.edu:AFLOWDATA/LIB2_WEB/AgCo/222
Ag10Co6,aflow:b9d9840074a92a0b,,,0.537712,15.7438,12,mS32,aflowlib.duke.edu:AFLOWDATA/LIB2_WEB/AgCo/255
Ag10Cr6,aflow:07c8d2881ac97a3b,,,0.546322,18.1479,193,hP16,aflowlib.duke.edu:AFLOWDATA/LIB2_WEB/AgCr_pv/222
Ag10Cr6,aflow:af89055cbd1191de,,,0.541633,17.843,140,tI32,aflowlib.duke.edu:AFLOWDATA/LIB2_WEB/AgCr_pv/255
Ag10Cu6,aflow:151a190cd8cf8289,,,0.164648,16.311,193,hP16,aflowlib.duke.edu:AFLOWDATA/LIB2_WEB/AgCu_pv/222
Ag10Cu6,aflow:19ac1f3d9a70b28f,,,0.149307,16.0912,69,oF64,aflowlib.duke.edu:AFLOWDATA/LIB2_WEB/AgCu_pv/255
Ag10Cu8,aflow:7d1215efc79b5880,,,0.151555,15.6618,193,hP18,aflowlib.duke.edu:AFLOWDATA/LIB2_WEB/AgCu_pv/360
Ag10Fe6,aflow:49e3a27afb7b0542,,,0.504032,16.3164,8,mS32,aflowlib.duke.edu:AFLOWDATA/LIB2_WEB/AgFe_pv/255
Ag10Fe6,aflow:680e4c61be761f7c,,,0.534055,16.6218,193,hP16,aflowlib.duke.edu:AFLOWDATA/LIB2_WEB/AgFe_pv/222
Ag10Ga6,aflow:a93e2efd7b6f23a7,,,0.0157536,18.4811,140,tI32,aflowlib.duke.edu:AFLOWDATA/LIB2_WEB/AgGa_h/255
Ag10Ga6,aflow:d1254068daad312e,,,0.0305924,18.024,193,hP16,aflowlib.duke.edu:AFLOWDATA/LIB2_WEB/AgGa_h/222
Ag10Ga8,aflow:b6102f9ca952ee52,,,0.0257072,18.11,193,hP18,aflowlib.duke.edu:AFLOWDATA/LIB2_WEB/AgGa_h/360
Ag10Ge6,aflow:756ada9ab364e145,,,0.173945,18.6962,69,oF64,aflowlib.duke.edu:AFLOWDATA/LIB2_WEB/AgGe_h/255
Ag10Ge6,aflow:d9dfd1f64ea34315,,,0.20355,18.9842,193,hP16,aflowlib.duke.edu:AFLOWDATA/LIB2_WEB/AgGe_h/222
Ag10Ge8,aflow:4ce1bc96067cce3d,,,0.2078,18.8018,193,hP18,aflowlib.duke.edu:AFLOWDATA/LIB2_WEB/AgGe_h/360
Ag10Hf6,aflow:0ede30d85ba93839,,,0.185762,19.6324,8,mS32,aflowlib.duke.edu:AFLOWDATA/LIB2_WEB/AgHf_pv/255
Ag10Hf6,aflow:6a1bf3e586b2f03d,,,0.318236,20.3996,193,hP16,aflowlib.duke.edu:AFLOWDATA/LIB2_WEB/AgHf_pv/222
Ag10Hf8,aflow:bfed713b7616b0bf,,,0.116833,19.6702,193,hP18,aflowlib.duke.edu:AFLOWDATA/LIB2_WEB/AgHf_pv/360
Ag10Hg2O12Sb2,aflow:8dc9ef747342f953,0,metal,,15.3371,163,hP26,aflowlib.duke.edu:AFLOWDATA/ICSD_WEB/HEX/Ag5Hg1O6Sb1_ICSD_421241
Ag10Hg6,aflow:7ecc18eb7d42b178,,,0.10801,20.5614,193,hP16,aflowlib.duke.edu:AFLOWDATA/LIB2_WEB/AgHg/222
Ag10Hg6,aflow:f60be27bcb504091,,,0.0986931,20.2537,12,mS32,aflowlib.duke.edu:AFLOWDATA/LIB2_WEB/AgHg/255
Ag10I2O12,aflow:a4ee31a3e5af7e6d,0,metal,,14.3304,167,hR24,aflowlib.duke.edu:AFLOWDATA/ICSD_WEB/RHL/Ag5I1O6_ICSD_415893
Ag10In6,aflow:0fc7099026142bbf,,,0.0256254,20.5774,140,tI32,aflowlib.duke.edu:AFLOWDATA/LIB2_WEB/AgIn_d/255
Ag10In6,aflow:4227a3799a73d0cd,,,0.0367116,20.7719,193,hP16,aflowlib.duke.edu:AFLOWDATA/LIB2_WEB/AgIn_d/222
Ag10In8,aflow:6cdd49f5d9cad936,,,0.0440699,20.784,193,hP18,aflowlib.duke.edu:AFLOWDATA/LIB2_WEB/AgIn_d/360
Ag10Ir6,aflow:15f84fcffa7e4637,,,0.62636,17.4483,193,hP16,aflowlib.duke.edu:AFLOWDATA/LIB2_WEB/AgIr/222
Ag10Ir6,aflow:fad862882b25b9f3,,,0.664225,17.1289,140,tI32,aflowlib.duke.edu:AFLOWDATA/LIB2_WEB/AgIr/255
Ag10K6,aflow:1486fda3769c3778,,,0.111513,33.1402,193,hP16,aflowlib.duke.edu:AFLOWDATA/LIB2_WEB/AgK_sv/222
Ag10La6,aflow:2146f40891fda6c5,,,-0.0937398,26.343,193,hP16,aflowlib.duke.edu:AFLOWDATA/LIB2_WEB/AgLa/222
Ag10La6,aflow:7ccd4f25595becd7,,,-0.156658,26.0321,140,tI32,aflowlib.duke.edu:AFLOWDATA/LIB2_WEB/AgLa/255
Ag10La8,aflow:414e6d706a5a7582,,,-0.162325,27.8138,193,hP18,aflowlib.duke.edu:AFLOWDATA/LIB2_WEB/AgLa/360
Ag10Li8,aflow:949b97ee04051a44,,,-0.172677,16.5818,193,hP18,aflowlib.duke.edu:AFLOWDATA/LIB2_WEB/AgLi_sv/360
Ag10Mg6,aflow:5ac4c3abc5dddf30,,,-0.10848,18.6289,12,mS32,aflowlib.duke.edu:AFLOWDATA/LIB2_WEB/AgMg_pv/255
Ag10Mg6,aflow:c40e0840e0e483f2,,,-0.0969201,18.7716,193,hP16,aflowlib.duke.edu:AFLOWDATA/LIB2_WEB/AgMg_pv/222
Ag10Mg8,aflow:95946260d8e79f66,,,-0.18537,18.6849,193,hP18,aflowlib.duke.edu:AFLOWDATA/LIB2_WEB/AgMg_pv/360
Ag10Mn6,aflow:281ba8cacb0ff26b,,,0.333303,17.4528,8,mS32,aflowlib.duke.edu:AFLOWDATA/LIB2_WEB/AgMn_pv/255
Ag10Mn6,aflow:61196dace532d8cd,,,0.372325,17.8019,193,hP16,aflowlib.duke.edu:AFLOWDATA/LIB2_WEB/AgMn_pv/222
Ag10Mo6,aflow:7af8bb095c94c963,,,0.872306,18.006,193,hP16,aflowlib.duke.edu:AFLOWDATA/LIB2_WEB/AgMo_pv/222
Ag10Mo6,aflow:c1c56d52480dc544,,,0.810998,17.5314,8,mS32,aflowlib.duke.edu:AFLOWDATA/LIB2_WEB/AgMo_pv/255
Ag10Na8,aflow:10baba14ddc444e9,,,0.0552767,21.7597,193,hP18,aflowlib.duke.edu:AFLOWDATA/LIB2_WEB/AgNa_sv/360
Ag10Nb6,aflow:1ceaa83c45b548dc,,,0.525788,18.3167,8,mS32,aflowlib.duke.edu:AFLOWDATA/LIB2_WEB/AgNb_sv/255
Ag10Nb6,aflow:46daa733b13c54ad,,,0.608753,19.1873,193,hP16,aflowlib.duke.edu:AFLOWDATA/LIB2_WEB/AgNb_sv/222
Ag10Ni6,aflow:033b635bd1962754,,,0.319516,15.6924,193,hP16,aflowlib.duke.edu:AFLOWDATA/LIB2_WEB/AgNi_pv/222
Ag10Ni6,aflow:23b4b5be8a278eda,,,0.314739,15.5624,140,tI32,aflowlib.duke.edu:AFLOWDATA/LIB2_WEB/AgNi_pv/255
Ag10Ni8,aflow:7c5d0179f5d54708,,,0.332467,14.9643,193,hP18,aflowlib.duke.edu:AFLOWDATA/LIB2_WEB/AgNi_pv/360
Ag10O8P2Se2,aflow:ecbfd9f7421d35ac,0.8118,insulator-indirect,,16.7508,129,tP22,aflowlib.duke.edu:AFLOWDATA/ICSD_WEB/TET/Ag5O4P1Se1_ICSD_420342
Ag10O8P2Te2,aflow:dd6c92cf6600c7b6,0.9687,insulator-indirect,,17.4916,129,tP22,aflowlib.duke.edu:AFLOWDATA/ICSD_WEB/TET/Ag5O4P1Te1_ICSD_420343
Ag10Os6,aflow:23b7d4725dbe80d7,,,0.991693,17.3511,193,hP16,aflowlib.duke.edu:AFLOWDATA/LIB2_WEB/AgOs_pv/222
Ag10Os6,aflow:265445de4744436b,,,1.05884,17.2284,140,tI32,aflowlib.duke.edu:AFLOWDATA/LIB2_WEB/AgOs_pv/255
Ag10P2Se6,aflow:68e27c32af9fac0f,,,0.269279,20.1108,125,tP18,aflowlib.duke.edu:AFLOWDATA/LIB3_WEB/AgPSe/ICSD_50738.ABC
Ag10P6,aflow:690f1de7416ada9f,,,0.307848,17.872,193,hP16,aflowlib.duke.edu:AFLOWDATA/LIB2_WEB/AgP/222
Ag10P6,aflow:cdeba253279d9847,,,0.295641,17.4537,108,tI32,aflowlib.duke.edu:AFLOWDATA/LIB2_WEB/AgP/255
Ag10P8,aflow:fdeb6aaa3645bfe3,,,0.364806,17.863,193,hP18,aflowlib.duke.edu:AFLOWDATA/LIB2_WEB/AgP/360
Ag10Pb6,aflow:49ce0ec2d270e483,,,0.154443,23.5696,193,hP16,aflowlib.duke.edu:AFLOWDATA/LIB2_WEB/AgPb_d/222
Ag10Pb6,aflow:803db4fb99e59514,,,0.118214,23.798,8,mS32,aflowlib.duke.edu:AFLOWDATA/LIB2_WEB/AgPb_d/255
Ag10Pb8,aflow:a46500b1e18fcd48,,,0.131381,23.9645,193,hP18,aflowlib.duke.edu:AFLOWDATA/LIB2_WEB/AgPb_d/360
Ag10Pd6,aflow:4fa800a269cce706,,,0.0514568,17.4513,140,tI32,aflowlib.duke.edu:AFLOWDATA/LIB2_WEB/AgPd_pv/255
Ag10Pd6,aflow:6108dfd4cb9aec39,,,0.0591483,17.6721,193,hP16,aflowlib.duke.edu:AFLOWDATA/LIB2_WEB/AgPd_pv/222
Ag10Pd8,aflow:fffc6979713df040,,,0.0224527,17.0439,193,hP18,aflowlib.duke.edu:AFLOWDATA/LIB2_WEB/AgPd_pv/360
Ag10Pt6,aflow:09387b43df8a8f84,,,0.172947,17.7787,193,hP16,aflowlib.duke.edu:AFLOWDATA/LIB2_WEB/AgPt/222
Ag10Pt6,aflow:bb1ffa0fdb6bddad,,,0.170581,17.5463,69,oF64,aflowlib.duke.edu:AFLOWDATA/LIB2_WEB/AgPt/255
Ag10Pt8,aflow:fb6837b5c0c13460,,,0.143974,17.0641,193,hP18,aflowlib.duke.edu:AFLOWDATA/LIB2_WEB/AgPt/360
Ag10Rb2Se6,aflow:f40a1653aeb9e3f8,0,metal,,23.6715,125,tP18,aflowlib.duke.edu:AFLOWDATA/ICSD_WEB/TET/Ag5Rb1Se3_ICSD_50738
Ag10Re6,aflow:ba14ebb9b728de80,,,1.0465,17.446,193,hP16,aflowlib.duke.edu:AFLOWDATA/LIB2_WEB/AgRe_pv/222
Ag10Re6,aflow:d0b60f1fb7bf4284,,,0.656132,16.8314,8,mS32,aflowlib.duke.edu:AFLOWDATA/LIB2_WEB/AgRe_pv/255
Ag10Rh6,aflow:1dcd4a19c4982feb,,,0.405351,17.2302,193,hP16,aflowlib.duke.edu:AFLOWDATA/LIB2_WEB/AgRh_pv/222
Ag10Rh6,aflow:a9ccb13416026b56,,,0.407743,16.9497,140,tI32,aflowlib.duke.edu:AFLOWDATA/LIB2_WEB/AgRh_pv/255
Ag10Ru6,aflow:3431bab8a90ef356,,,0.741212,17.2003,193,hP16,aflowlib.duke.edu:AFLOWDATA/LIB2_WEB/AgRu_pv/222
Ag10Ru6,aflow:7eaa72cc3f1d01d0,,,0.755417,17.0737,140,tI32,aflowlib.duke.edu:AFLOWDATA/LIB2_WEB/AgRu_pv/255
Ag10S8Sb2,aflow:0b4e50359b968eae,1.051,insulator-indirect,,22.1044,36,oS40,aflowlib.duke.edu:AFLOWDATA/ICSD_WEB/ORCC/Ag5S4Sb1_ICSD_36347
Ag10S8Sb2,aflow:96e2a70146e98da4,1.0703,insulator-indirect,,22.1315,36,oS40,aflowlib.duke.edu:AFLOWDATA/ICSD_WEB/ORCC/Ag5S4Sb1_ICSD_20125
Ag10S8Sb2,aflow:d3aa24a7307877b5,1.0621,insulator-indirect,,22.1169,36,oS40,aflowlib.duke.edu:AFLOWDATA/ICSD_WEB/ORCC/Ag5S4Sb1_ICSD_16987
Ag10Sb6,aflow:6430729b69878e60,,,0.0414341,22.3647,193,hP16,aflowlib.duke.edu:AFLOWDATA/LIB2_WEB/AgSb/222
Ag10Sb6,aflow:6f096b9e2cc7f297,,,0.0234675,22.4249,8,mS32,aflowlib.duke.edu:AFLOWDATA/LIB2_WEB/AgSb/255
Ag10Sb8,aflow:8d6013fea82696f8,,,0.0736388,22.7863,193,hP18,aflowlib.duke.edu:AFLOWDATA/LIB2_WEB/AgSb/360
Ag10Sc6,aflow:89c75683cb17adf7,,,-0.0384258,20.6988,193,hP16,aflowlib.duke.edu:AFLOWDATA/LIB2_WEB/AgSc_sv/222
Ag10Sc6,aflow:974e68091824034f,,,-0.115672,19.865,8,mS32,aflowlib.duke.edu:AFLOWDATA/LIB2_WEB/AgSc_sv/255
Ag10Sc8,aflow:c7b7980cff303a40,,,-0.184609,20.188,193,hP18,aflowlib.duke.edu:AFLOWDATA/LIB2_WEB/AgSc_sv/360
Ag10Se6,aflow:9ba85d2c43776fb1,,,0.0202933,20.7976,193,hP16,aflowlib.duke.edu:AFLOWDATA/LIB2_WEB/AgSe/222
Ag10Se6,aflow:f4de51a65cc386ad,,,0.0262394,20.0801,140,tI32,aflowlib.duke.edu:AFLOWDATA/LIB2_WEB/AgSe/255
Ag10Se8,aflow:422dc2f1eaca4ef4,,,0.106097,20.1628,193,hP18,aflowlib.duke.edu:AFLOWDATA/LIB2_WEB/AgSe/360
Ag10Si16,aflow:d0aa9df7ea1f7644,,,0.510863,17.3547,217,cI52,aflowlib.duke.edu:AFLOWDATA/LIB2_WEB/AgSi/467
Ag10Si6,aflow:c09399f11a7e8c93,,,0.334429,17.6787,193,hP16,aflowlib.duke.edu:AFLOWDATA/LIB2_WEB/AgSi/222
Ag10Si8,aflow:025f19c6d25229b7,,,0.365321,17.3425,193,hP18,aflowlib.duke.edu:AFLOWDATA/LIB2_WEB/AgSi/360
Ag10Sn6,aflow:2e8688a1498c4fc7,,,0.0749314,21.8163,193,hP16,aflowlib.duke.edu:AFLOWDATA/LIB2_WEB/AgSn/222
Ag10Sn6,aflow:460b6ae84421d2c9,,,0.066311,21.5449,140,tI32,aflowlib.duke.edu:AFLOWDATA/LIB2_WEB/AgSn/255
Ag10Sn8,aflow:b1d3f139b310abc4,,,0.0745148,22.1567,193,hP18,aflowlib.duke.edu:AFLOWDATA/LIB2_WEB/AgSn/360
Ag10Sr6,aflow:5f493532a27fc242,,,-0.152104,28.8731,193,hP16,aflowlib.duke.edu:AFLOWDATA/LIB2_WEB/AgSr_sv/222
Ag10Ta6,aflow:3a96ec724664995c,,,0.629563,18.3052,140,tI32,aflowlib.duke.edu:AFLOWDATA/LIB2_WEB/AgTa_pv/255
Ag10Ta6,aflow:9506fcf44f84fe29,,,0.702505,19.1814,193,hP16,aflowlib.duke.edu:AFLOWDATA/LIB2_WEB/AgTa_pv/222
Ag10Tc6,aflow:04060397daa059eb,,,0.836389,17.5204,193,hP16,aflowlib.duke.edu:AFLOWDATA/LIB2_WEB/AgTc_pv/222
Ag10Tc6,aflow:f1e26da31948961a,,,0.509458,16.7902,8,mS32,aflowlib.duke.edu:AFLOWDATA/LIB2_WEB/AgTc_pv/255
Ag10Te6,aflow:918078ba02ce5bf2,,,-0.0177706,25.6079,8,mS32,aflowlib.duke.edu:AFLOWDATA/LIB2_WEB/AgTe/255
Ag10Te6,aflow:f2a669d6bbb787e4,,,0.0619663,23.7804,193,hP16,aflowlib.duke.edu:AFLOWDATA/LIB2_WEB/AgTe/222
Ag10Te8,aflow:53df8e11b8ebdb79,,,0.136221,24.2824,193,hP18,aflowlib.duke.edu:AFLOWDATA/LIB2_WEB/AgTe/360
Ag10Ti6,aflow:16d658fd639c8efb,,,0.218475,17.9376,140,tI32,aflowlib.duke.edu:AFLOWDATA/LIB2_WEB/AgTi_sv/255
Ag10Ti6,aflow:a5eafb633a31792a,,,0.303489,18.5302,193,hP16,aflowlib.duke.edu:AFLOWDATA/LIB2_WEB/AgTi_sv/222
Ag10Ti8,aflow:7b4c71b8428f6937,,,0.141412,17.5173,193,hP18,aflowlib.duke.edu:AFLOWDATA/LIB2_WEB/AgTi_sv/360
Ag10Tl6,aflow:a2d4d7976d5046da,,,0.157542,22.3981,140,tI32,aflowlib.duke.edu:AFLOWDATA/LIB2_WEB/AgTl_d/255
Ag10Tl6,aflow:d7cd48b40c45d352,,,0.164354,22.7979,193,hP16,aflowlib.duke.edu:AFLOWDATA/LIB2_WEB/AgTl_d/222
Ag10Tl8,aflow:c961c9ce52bcd090,,,0.156549,22.9563,193,hP18,aflowlib.duke.edu:AFLOWDATA/LIB2_WEB/AgTl_d/360
Ag10V6,aflow:2e8d2b585f854d2f,,,0.588128,17.9318,193,hP16,aflowlib.duke.edu:AFLOWDATA/LIB2_WEB/AgV_sv/222
Ag10V6,aflow:ebd96d0d8fdd8c8c,,,0.528145,17.2854,140,tI32,aflowlib.duke.edu:AFLOWDATA/LIB2_WEB/AgV_sv/255
Ag10W6,aflow:418e56f3024d5418,,,1.01102,17.5511,140,tI32,aflowlib.duke.edu:AFLOWDATA/LIB2_WEB/AgW_pv/255
Ag10W6,aflow:808f998a8e53e45b,,,1.05815,18.0317,193,hP16,aflowlib.duke.edu:AFLOWDATA/LIB2_WEB/AgW_pv/222
Ag10Y6,aflow:6b2a3b7c41bd112d,,,-0.163279,22.96,8,mS32,aflowlib.duke.edu:AFLOWDATA/LIB2_WEB/AgY_sv/255
Ag10Y6,aflow:787610762b89059c,,,-0.229981,23.0386,193,hP16,aflowlib.duke.edu:AFLOWDATA/LIB2_WEB/AgY_sv/222
Ag10Y8,aflow:d1e2e521ecdbd8ce,,,-0.208735,24.0087,193,hP18,aflowlib.duke.edu:AFLOWDATA/LIB2_WEB/AgY_sv/360
Ag10Zn16,aflow:40beab5af7f5bc04,0,metal,,15.791,217,cI52,aflowlib.duke.edu:AFLOWDATA/ICSD_WEB/BCC/Ag5Zn8_ICSD_58389
Ag10Zn16,aflow:e2f81543b4af3d59,,,-0.0517736,16.098,217,cI52,aflowlib.duke.edu:AFLOWDATA/LIB2_WEB/AgZn/ICSD_58389.AB
Ag10Zn6,aflow:b2f5eba3b8938172,,,0.000225125,17.1011,193,hP16,aflowlib.duke.edu:AFLOWDATA/LIB2_WEB/AgZn/222
Ag10Zn6,aflow:ec055e009d1feb2f,,,-0.00771306,16.9011,12,mS32,aflowlib.duke.edu:AFLOWDATA/LIB2_WEB/AgZn/255
Ag10Zn8,aflow:d376687eeb282603,,,-0.0279398,16.5461,193,hP18,aflowlib.duke.edu:AFLOWDATA/LIB2_WEB/AgZn/360
Ag10Zr6,aflow:158bcfe3723a820a,,,0.24577,20.9568,193,hP16,aflowlib.duke.edu:AFLOWDATA/LIB2_WEB/AgZr_sv/222
Ag10Zr6,aflow:41ab6f295a4db599,,,0.111286,20.1167,140,tI32,aflowlib.duke.edu:AFLOWDATA/LIB2_WEB/AgZr_sv/255
Ag10Zr8,aflow:ef9863b883c7a828,,,0.0541381,20.1996,193,hP18,aflowlib.duke.edu:AFLOWDATA/LIB2_WEB/AgZr_sv/360
Ag12Al12,aflow:c99dcca1ca108c62,,,0.0287516,17.4942,57,oP24,aflowlib.duke.edu:AFLOWDATA/LIB2_WEB/AgAl/198
Ag12Al17,aflow:10c64d5933aee3e8,,,0.0280786,17.456,217,cI58,aflowlib.duke.edu:AFLOWDATA/LIB2_WEB/AgAl/559
Ag12Al4,aflow:8b91b5516b2643b4,,,-0.0513763,17.1559,194,hP16,aflowlib.duke.edu:AFLOWDATA/LIB2_WEB/AgAl/244
Ag12Al4,aflow:b5ccbfc3fbe3ff32,,,-0.0598642,17.2441,62,oP16,aflowlib.duke.edu:AFLOWDATA/LIB2_WEB/AgAl/181
Ag12As12,aflow:978b7c688a02ab74,,,0.203142,19.3457,57,oP24,aflowlib.duke.edu:AFLOWDATA/LIB2_WEB/AgAs/198
Ag12As17,aflow:b351ded9aa14bc53,,,0.270484,19.4196,217,cI58,aflowlib.duke.edu:AFLOWDATA/LIB2_WEB/AgAs/559
Ag12As4,aflow:2d62d3548a112159,,,0.0907213,19.3257,62,oP16,aflowlib.duke.edu:AFLOWDATA/LIB2_WEB/AgAs/181
Ag12As4,aflow:7ca92330c8e9cdea,,,0.0772309,18.1787,194,hP16,aflowlib.duke.edu:AFLOWDATA/LIB2_WEB/AgAs/244
Ag12As4O26V4,aflow:5283365caa40aa76,1.8401,insulator-indirect,,13.9764,15,mS92,aflowlib.duke.edu:AFLOWDATA/ICSD_WEB/MCLC/Ag6As2O13V2_ICSD_425758
Ag12As4S12,aflow:8cd50e8f30fb4a39,2.0164,insulator-indirect,,22.9131,15,mS56,aflowlib.duke.edu:AFLOWDATA/ICSD_WEB/MCLC/Ag3As1S3_ICSD_40127
Ag12As4S12,aflow:adadb937cf467c42,2.0432,insulator-indirect,,22.9906,15,mS56,aflowlib.duke.edu:AFLOWDATA/ICSD_WEB/MCLC/Ag3As1S3_ICSD_36352
Ag12As8S24Tl12,aflow:38fc05d3d0fd53e7,1.5844,insulator-indirect,,25.8017,14,mP56,aflowlib.duke.edu:AFLOWDATA/ICSD_WEB/MCL/Ag3As2S6Tl3_ICSD_160101
Ag12Au12,aflow:08f6075a0955b0ad,,,0.0172586,18.3634,57,oP24,aflowlib.duke.edu:AFLOWDATA/LIB2_WEB/AgAu/198
Ag12Au17,aflow:0711433f7222748a,,,0.0361901,18.3227,217,cI58,aflowlib.duke.edu:AFLOWDATA/LIB2_WEB/AgAu/559
Ag12Au4,aflow:44ee0f68b585b68c,,,-0.0410858,17.891,194,hP16,aflowlib.duke.edu:AFLOWDATA/LIB2_WEB/AgAu/244
Ag12Au4,aflow:fd137a9be978820c,,,-0.0366936,17.8946,62,oP16,aflowlib.duke.edu:AFLOWDATA/LIB2_WEB/AgAu/181
Ag12Au4Se8,aflow:5add404277538b74,0.4228,insulator-direct,,21.6566,214,cI48,aflowlib.duke.edu:AFLOWDATA/ICSD_WEB/BCC/Ag3Au1Se2_ICSD_171959
Ag12Au4Se8,aflow:70dbcbd9a73b6cbc,,,-0.0949055,21.4881,214,cI48,aflowlib.duke.edu:AFLOWDATA/LIB3_WEB/AgAuSe/ICSD_15734.ABC
Ag12Au4Se8,aflow:f67b982ecdbb44c5,0.4342,insulator-direct,,21.6807,214,cI48,aflowlib.duke.edu:AFLOWDATA/ICSD_WEB/BCC/Ag3Au1Se2_ICSD_15734
Ag12Au4Te8,aflow:05146a1edfb48007,0.5663,insulator-indirect,,24.4768,214,cI48,aflowlib.duke.edu:AFLOWDATA/ICSD_WEB/BCC/Ag3Au1Te2_ICSD_604788
Ag12Au4Te8,aflow:0c8be6255a9fcb6b,0.578,insulator-indirect,,24.4934,214,cI48,aflowlib.duke.edu:AFLOWDATA/ICSD_WEB/BCC/Ag3Au1Te2_ICSD_604514
Ag12Au4Te8,aflow:a577bb3195b7276b,0.58,insulator-indirect,,24.4902,214,cI48,aflowlib.duke.edu:AFLOWDATA/ICSD_WEB/BCC/Ag3Au1Te2_ICSD_27539
Ag12Au4Te8,aflow:be3e730b4b93f910,,,-0.0731659,24.1033,214,cI48,aflowlib.duke.edu:AFLOWDATA/LIB3_WEB/AgAuTe/ICSD_15733.ABC
Ag12Au4Te8,aflow:d6846326457bd27a,0.5849,insulator-indirect,,24.5243,214,cI48,aflowlib.duke.edu:AFLOWDATA/ICSD_WEB/BCC/Ag3Au1Te2_ICSD_15733
Ag12Au4Te8,aflow:ef7d1c92c05360b0,0.5661,insulator-indirect,,24.4749,214,cI48,aflowlib.duke.edu:AFLOWDATA/ICSD_WEB/BCC/Ag3Au1Te2_ICSD_41772
Ag12B12,aflow:b6956ea44146086f,,,0.708207,14.0285,57,oP24,aflowlib.duke.edu:AFLOWDATA/LIB2_WEB/AgB_h/198
Ag12B17,aflow:b068758e5a841704,,,0.626435,12.4131,217,cI58,aflowlib.duke.edu:AFLOWDATA/LIB2_WEB/AgB_h/559
Ag12B4,aflow:5055e019a5114502,,,0.483059,15.0652,62,oP16,aflowlib.duke.edu:AFLOWDATA/LIB2_WEB/AgB_h/181
Ag12B4,aflow:ca86591cdbd1beb7,,,0.823714,15.5686,194,hP16,aflowlib.duke.edu:AFLOWDATA/LIB2_WEB/AgB_h/244
Ag12B4Br4,aflow:09138cb6fe4e0ffe,,,0.434491,19.8889,63,oS40,aflowlib.duke.edu:AFLOWDATA/LIB3_WEB/AgB_hBr/ICSD_174097.ABC
Ag12B4O12,aflow:68397c5dfa02ff80,0.814,insulator-indirect,-0.00112911,14.5715,167,hR28,aflowlib.duke.edu:AFLOWDATA/ICSD_WEB/RHL/Ag3B1O3_ICSD_32721
Ag12Ba17,aflow:a82050477c4eda68,,,0.0114621,36.7865,217,cI58,aflowlib.duke.edu:AFLOWDATA/LIB2_WEB/AgBa_sv/559
Ag12Ba4,aflow:86f8494597c9cfce,,,-0.205986,26.2606,62,oP16,aflowlib.duke.edu:AFLOWDATA/LIB2_WEB/AgBa_sv/181
Ag12Ba4,aflow:bcdaa2534ae3bd00,,,-0.0685118,27.278,194,hP16,aflowlib.duke.edu:AFLOWDATA/LIB2_WEB/AgBa_sv/244
Ag12Be12,aflow:df8f971847b43505,,,0.186386,13.1007,57,oP24,aflowlib.duke.edu:AFLOWDATA/LIB2_WEB/AgBe_sv/198
Ag12Be17,aflow:47c29499648a0ec4,,,0.423451,13.1607,217,cI58,aflowlib.duke.edu:AFLOWDATA/LIB2_WEB/AgBe_sv/559
Ag12Be4,aflow:aad204aa04426f68,,,0.106724,15.6293,62,oP16,aflowlib.duke.edu:AFLOWDATA/LIB2_WEB/AgBe_sv/181
Ag12Be4,aflow:b99ee6d64131d14b,,,0.210319,15.8843,194,hP16,aflowlib.duke.edu:AFLOWDATA/LIB2_WEB/AgBe_sv/244
Ag12Bi12,aflow:2e33830199440f85,,,0.111716,24.8789,57,oP24,aflowlib.duke.edu:AFLOWDATA/LIB2_WEB/AgBi_d/198
Ag12Bi4,aflow:5f97058c7bd7d49c,,,0.0514382,20.9231,123,tP4,aflowlib.duke.edu:AFLOWDATA/LIB2_WEB/AgBi_d/181
Ag12Bi4,aflow:fff3a55073a63498,,,0.0411643,20.9752,194,hP16,aflowlib.duke.edu:AFLOWDATA/LIB2_WEB/AgBi_d/244
Ag12Br12,aflow:4f78d6ee87dc8abb,,,-0.342571,27.2467,57,oP24,aflowlib.duke.edu:AFLOWDATA/LIB2_WEB/AgBr/198
Ag12Br17,aflow:43533c167f095ed4,,,-0.282299,40.0608,217,cI58,aflowlib.duke.edu:AFLOWDATA/LIB2_WEB/AgBr/559
Ag12Br4,aflow:9e5978abd723af33,,,0.0647641,21.1884,62,oP16,aflowlib.duke.edu:AFLOWDATA/LIB2_WEB/AgBr/181
Ag12Br4S4,aflow:ea1e7a441323f39e,0.8204,insulator-direct,,23.5413,63,oS40,aflowlib.duke.edu:AFLOWDATA/ICSD_WEB/ORCC/Ag3Br1S1_ICSD_174097
Ag12C12,aflow:864f472ff1e5b04f,,,1.23992,17.7126,57,oP24,aflowlib.duke.edu:AFLOWDATA/LIB2_WEB/AgC/198
Ag12C17,aflow:fa11ea109b141db6,,,1.35414,12.0338,217,cI58,aflowlib.duke.edu:AFLOWDATA/LIB2_WEB/AgC/559
Ag12C4,aflow:52edbeae054243b6,,,1.00701,15.6356,62,oP16,aflowlib.duke.edu:AFLOWDATA/LIB2_WEB/AgC/181
Ag12C4,aflow:b2da410888e16420,,,1.34703,15.6898,194,hP16,aflowlib.duke.edu:AFLOWDATA/LIB2_WEB/AgC/244
Ag12C6O18,aflow:4e03c5362ddc38df,1.1274,insulator-direct,,14.0607,159,hP36,aflowlib.duke.edu:AFLOWDATA/ICSD_WEB/HEX/Ag2C1O3_ICSD_93988
Ag12Ca12,aflow:4cf66b1502a181da,,,-0.277911,26.798,57,oP24,aflowlib.duke.edu:AFLOWDATA/LIB2_WEB/AgCa_sv/198
Ag12Ca12Ge12,aflow:29ee983aa66b8ebd,,,-0.498178,21.9861,62,oP36,aflowlib.duke.edu:AFLOWDATA/LIB3_WEB/AgCa_svGe_h/ICSD_421236.ABC
Ag12Ca12Ge12,aflow:372338dec56ee74d,0,metal,,22.2613,62,oP36,aflowlib.duke.edu:AFLOWDATA/ICSD_WEB/ORC/Ag1Ca1Ge1_ICSD_421236
Ag12Ca12P12,aflow:44c317fe847873b3,,,-0.725722,21.4801,62,oP36,aflowlib.duke.edu:AFLOWDATA/LIB3_WEB/AgCa_svP/ICSD_421236.ABC
Ag12Ca17,aflow:20064ff8f5a8d2ee,,,-0.123784,28.017,217,cI58,aflowlib.duke.edu:AFLOWDATA/LIB2_WEB/AgCa_sv/559
Ag12Cd12,aflow:d2fe1d3e054eeee7,,,-0.0331886,19.7308,57,oP24,aflowlib.duke.edu:AFLOWDATA/LIB2_WEB/AgCd/198
Ag12Cd17,aflow:bdfae27ddab5a1ec,,,-0.0121808,20.3139,217,cI58,aflowlib.duke.edu:AFLOWDATA/LIB2_WEB/AgCd/559
Ag12Cd4,aflow:93d7502e405363a4,,,-0.044398,18.5798,62,oP16,aflowlib.duke.edu:AFLOWDATA/LIB2_WEB/AgCd/181
Ag12Cd4,aflow:fbf1b2493d9e967a,,,-0.0542094,18.4845,194,hP16,aflowlib.duke.edu:AFLOWDATA/LIB2_WEB/AgCd/244
Ag12Ce2N18O54,aflow:26cb07f3489e765a,2.9194,insulator-direct,,13.8761,167,hR86,aflowlib.duke.edu:AFLOWDATA/ICSD_WEB/RHL/Ag6Ce1N9O27_ICSD_59256
Ag12Ce4K8Te16,aflow:49d20286431c7e66,0.9785,insulator-direct,,31.5954,62,oP40,aflowlib.duke.edu:AFLOWDATA/ICSD_WEB/ORC/Ag3Ce1K2Te4_ICSD_86678
Ag12Cl4,aflow:0241ff156c00dd86,,,0.0370231,19.7236,194,hP16,aflowlib.duke.edu:AFLOWDATA/LIB2_WEB/AgCl/244
Ag12Cl4,aflow:222fbc72918574bf,,,-0.00334269,19.6236,62,oP16,aflowlib.duke.edu:AFLOWDATA/LIB2_WEB/AgCl/181
Ag12Co4,aflow:31886805189edd6c,,,0.370864,16.258,194,hP16,aflowlib.duke.edu:AFLOWDATA/LIB2_WEB/AgCo/244
Ag12Co4,aflow:9f5724f66fd668d7,,,0.297,16.3281,62,oP16,aflowlib.duke.edu:AFLOWDATA/LIB2_WEB/AgCo/181
Ag12Cr2O16Si2,aflow:22a8d24dfccbbe01,0.1747,insulator-direct,0.0200093,15.1498,141,tI64,aflowlib.duke.edu:AFLOWDATA/ICSD_WEB/BCT/Ag6Cr1O8Si1_ICSD_420804
Ag12Cr4,aflow:b3963cea971aa18b,,,0.291972,17.6437,62,oP16,aflowlib.duke.edu:AFLOWDATA/LIB2_WEB/AgCr_pv/181
Ag12Cr4,aflow:dca2eb5959446b01,,,0.259642,17.5753,194,hP16,aflowlib.duke.edu:AFLOWDATA/LIB2_WEB/AgCr_pv/244
Ag12Cu4,aflow:9de5c37f5bcfc122,,,0.0787423,16.5734,194,hP16,aflowlib.duke.edu:AFLOWDATA/LIB2_WEB/AgCu_pv/244
Ag12Cu4,aflow:a8ea7e6eb1bfeae1,,,0.0784987,16.6053,62,oP16,aflowlib.duke.edu:AFLOWDATA/LIB2_WEB/AgCu_pv/181
Ag12Cu4S8,aflow:4311af78c08b5c5a,0.7481,insulator-direct,,19.1513,88,tI48,aflowlib.duke.edu:AFLOWDATA/ICSD_WEB/BCT/Ag3Cu1S2_ICSD_163983
Ag12Cu4S8,aflow:9380b90f2e92105c,0.5739,insulator-indirect,,19.0103,141,tI48,aflowlib.duke.edu:AFLOWDATA/ICSD_WEB/BCT/Ag3Cu1S2_ICSD_163982
Ag12Fe4,aflow:04fe8d3c1971d82c,,,0.288496,16.6114,62,oP16,aflowlib.duke.edu:AFLOWDATA/LIB2_WEB/AgFe_pv/181
Ag12Fe4,aflow:b34f02a1fbb1bbc9,,,0.358563,16.7683,194,hP16,aflowlib.duke.edu:AFLOWDATA/LIB2_WEB/AgFe_pv/244
Ag12Ga12,aflow:f2196a16e0557482,,,0.0435915,18.3243,57,oP24,aflowlib.duke.edu:AFLOWDATA/LIB2_WEB/AgGa_h/198
Ag12Ga17,aflow:847081549600110c,,,0.140056,22.7718,217,cI58,aflowlib.duke.edu:AFLOWDATA/LIB2_WEB/AgGa_h/559
Ag12Ga4,aflow:3e3a112741902fb8,,,-0.0252524,17.7737,62,oP16,aflowlib.duke.edu:AFLOWDATA/LIB2_WEB/AgGa_h/181
Ag12Ga4,aflow:ea704dcc9812e2ac,,,-0.0187002,17.6251,194,hP16,aflowlib.duke.edu:AFLOWDATA/LIB2_WEB/AgGa_h/244
Ag12Ge12,aflow:fe172bf41774d0c7,,,0.230757,19.0425,57,oP24,aflowlib.duke.edu:AFLOWDATA/LIB2_WEB/AgGe_h/198
Ag12Ge2O16S2,aflow:c058f8e0a1397e11,0.065,insulator-direct,,15.2072,141,tI64,aflowlib.duke.edu:AFLOWDATA/ICSD_WEB/BCT/Ag6Ge1O8S1_ICSD_300179
Ag12Ge4,aflow:a8d13cc2141b7366,,,0.132381,18.8778,62,oP16,aflowlib.duke.edu:AFLOWDATA/LIB2_WEB/AgGe_h/181
Ag12Ge4,aflow:fb4482c4f0606996,,,0.094609,18.0165,194,hP16,aflowlib.duke.edu:AFLOWDATA/LIB2_WEB/AgGe_h/244
Ag12Hf12,aflow:f7277a335ed5bd8b,,,0.116537,20.0393,57,oP24,aflowlib.duke.edu:AFLOWDATA/LIB2_WEB/AgHf_pv/198
Ag12Hf17,aflow:25dda3a0d87a08db,,,0.112519,20.1987,217,cI58,aflowlib.duke.edu:AFLOWDATA/LIB2_WEB/AgHf_pv/559
Ag12Hf4,aflow:556287f7b8b4191c,,,0.146409,18.9113,194,hP16,aflowlib.duke.edu:AFLOWDATA/LIB2_WEB/AgHf_pv/244
Ag12Hf4,aflow:bfaad90fdceedf00,,,0.134616,18.8967,62,oP16,aflowlib.duke.edu:AFLOWDATA/LIB2_WEB/AgHf_pv/181
Ag12Hg4,aflow:7e6bdcd3d2661ec1,,,0.0296483,18.9966,62,oP16,aflowlib.duke.edu:AFLOWDATA/LIB2_WEB/AgHg/181
Ag12Hg4,aflow:c09c700859146db7,,,0.0186625,18.9032,194,hP16,aflowlib.duke.edu:AFLOWDATA/LIB2_WEB/AgHg/244
Ag12I4N8O24,aflow:420d200bf3f268da,0.1759,insulator-indirect,,18.7048,19,oP48,aflowlib.duke.edu:AFLOWDATA/ICSD_WEB/ORC/Ag3I1N2O6_ICSD_14248
Ag12In12,aflow:4543b3505cf29d2d,,,-0.0716958,21.6876,57,oP24,aflowlib.duke.edu:AFLOWDATA/LIB2_WEB/AgIn_d/198
Ag12In17,aflow:aa819164b76d855b,,,0.00626483,23.3448,217,cI58,aflowlib.duke.edu:AFLOWDATA/LIB2_WEB/AgIn_d/559
Ag12In3P24,aflow:6ea835c32035f6f0,,,0.320994,19.1727,65,oS78,aflowlib.duke.edu:AFLOWDATA/LIB3_WEB/AgIn_dP/ICSD_104463.ABC
Ag12In4,aflow:57e8ef2dd28b09ce,,,-0.0340027,19.0582,62,oP16,aflowlib.duke.edu:AFLOWDATA/LIB2_WEB/AgIn_d/181
Ag12In4,aflow:af4ee8a0bea43fdb,,,-0.0479343,18.9312,194,hP16,aflowlib.duke.edu:AFLOWDATA/LIB2_WEB/AgIn_d/244
Ag12Ir4,aflow:4a0c993639a58e63,,,0.24058,16.9418,62,oP16,aflowlib.duke.edu:AFLOWDATA/LIB2_WEB/AgIr/181
Ag12Ir4,aflow:7e4b8e8e4d01dc24,,,0.423938,16.8903,194,hP16,aflowlib.duke.edu:AFLOWDATA/LIB2_WEB/AgIr/244
Ag12K12,aflow:ab047ccfc1043fbb,,,0.0713915,36.2685,57,oP24,aflowlib.duke.edu:AFLOWDATA/LIB2_WEB/AgK_sv/198
Ag12K4,aflow:2ab2eeaafcebdc95,,,0.0377741,25.5387,62,oP16,aflowlib.duke.edu:AFLOWDATA/LIB2_WEB/AgK_sv/181
Ag12K4,aflow:5a7ee9f1fce4b87e,,,0.172559,25.9647,194,hP16,aflowlib.duke.edu:AFLOWDATA/LIB2_WEB/AgK_sv/244
Ag12K4S8,aflow:18aa43e7a449fef0,1.533,insulator-direct,,24.3256,227,cF96,aflowlib.duke.edu:AFLOWDATA/ICSD_WEB/FCC/Ag6K2S4_ICSD_73581
Ag12La12,aflow:c55a0e6d9c5ff372,,,-0.204336,28.469,57,oP24,aflowlib.duke.edu:AFLOWDATA/LIB2_WEB/AgLa/198
Ag12La17,aflow:f43c2ac6d05699df,,,-0.129294,27.6104,217,cI58,aflowlib.duke.edu:AFLOWDATA/LIB2_WEB/AgLa/559
Ag12La4,aflow:05a10ca9d707707f,,,-0.130039,23.6503,194,hP16,aflowlib.duke.edu:AFLOWDATA/LIB2_WEB/AgLa/244
Ag12La4,aflow:70dd700e1e1274d1,,,-0.231145,23.4026,62,oP16,aflowlib.duke.edu:AFLOWDATA/LIB2_WEB/AgLa/181
Ag12Li17,aflow:577ba4c9e721831b,,,-0.163782,17.6517,217,cI58,aflowlib.duke.edu:AFLOWDATA/LIB2_WEB/AgLi_sv/559
Ag12Li4,aflow:18870c53dc59813f,,,-0.145553,17.1472,194,hP16,aflowlib.duke.edu:AFLOWDATA/LIB2_WEB/AgLi_sv/244
Ag12Li4,aflow:c92ab03bbeb6e9c7,,,-0.127669,17.3162,62,oP16,aflowlib.duke.edu:AFLOWDATA/LIB2_WEB/AgLi_sv/181
Ag12Mg12,aflow:0d5a345d31973e04,,,-0.190634,19.0482,57,oP24,aflowlib.duke.edu:AFLOWDATA/LIB2_WEB/AgMg_pv/198
Ag12Mg17,aflow:9c9eb98b498eb3e1,,,-0.145635,19.658,217,cI58,aflowlib.duke.edu:AFLOWDATA/LIB2_WEB/AgMg_pv/559
Ag12Mg4,aflow:d1ea12384ee798b5,,,-0.169314,17.9692,194,hP16,aflowlib.duke.edu:AFLOWDATA/LIB2_WEB/AgMg_pv/244
Ag12Mg4,aflow:f5cded0fb96fd292,,,-0.130743,18.239,62,oP16,aflowlib.duke.edu:AFLOWDATA/LIB2_WEB/AgMg_pv/181
Ag12Mn4,aflow:5e11fe07d25055e5,,,0.176369,17.3621,194,hP16,aflowlib.duke.edu:AFLOWDATA/LIB2_WEB/AgMn_pv/244
Ag12Mn4,aflow:e69580a37b169375,,,0.185255,17.3483,62,oP16,aflowlib.duke.edu:AFLOWDATA/LIB2_WEB/AgMn_pv/181
Ag12Mo4,aflow:0f4cd66ff388714d,,,0.444666,17.3191,62,oP16,aflowlib.duke.edu:AFLOWDATA/LIB2_WEB/AgMo_pv/181
Ag12Mo4,aflow:809fdb7208a3dded,,,0.684461,18.2435,194,hP16,aflowlib.duke.edu:AFLOWDATA/LIB2_WEB/AgMo_pv/244
Ag12N4O12S4,aflow:d90c42c7cf67bb1e,1.5219,insulator-indirect,,16.7122,198,cP32,aflowlib.duke.edu:AFLOWDATA/ICSD_WEB/CUB/Ag3N1O3S1_ICSD_25523
Ag12Na17,aflow:205f4142d7dc1cbe,,,-0.0345359,23.968,217,cI58,aflowlib.duke.edu:AFLOWDATA/LIB2_WEB/AgNa_sv/559
Ag12Na4,aflow:3d2eb62c749682a8,,,-0.00710381,19.48,62,oP16,aflowlib.duke.edu:AFLOWDATA/LIB2_WEB/AgNa_sv/181
Ag12Na4,aflow:8e943e1849957aa1,,,-0.00440713,19.2375,194,hP16,aflowlib.duke.edu:AFLOWDATA/LIB2_WEB/AgNa_sv/244
Ag12Na4S8,aflow:b8403806e5d2513d,1.0973,insulator-direct,,20.7014,227,cF96,aflowlib.duke.edu:AFLOWDATA/ICSD_WEB/FCC/Ag3Na1S2_ICSD_73198
Ag12Nb4,aflow:5ac58d7363824304,,,0.4771,18.3183,194,hP16,aflowlib.duke.edu:AFLOWDATA/LIB2_WEB/AgNb_sv/244
Ag12Nb4,aflow:bf4a7d1ec501c2d6,,,0.29052,17.9987,62,oP16,aflowlib.duke.edu:AFLOWDATA/LIB2_WEB/AgNb_sv/181
Ag12Ni4,aflow:4ea6541c5978dd11,,,0.188445,16.1705,194,hP16,aflowlib.duke.edu:AFLOWDATA/LIB2_WEB/AgNi_pv/244
Ag12Ni4,aflow:d7f43f7c8902cd85,,,0.175237,16.2124,62,oP16,aflowlib.duke.edu:AFLOWDATA/LIB2_WEB/AgNi_pv/181
Ag12O16Ru4,aflow:1bd4f49b65cc79c4,0.8877,insulator-indirect_spin-polarized,,13.9527,91,tP32,aflowlib.duke.edu:AFLOWDATA/ICSD_WEB/TET/Ag3O4Ru1_ICSD_59924
Ag12O16S2Si2,aflow:b52a9076cd4e16fc,0.1852,insulator-direct,,14.6936,141,tI64,aflowlib.duke.edu:AFLOWDATA/ICSD_WEB/BCT/Ag6O8S1Si1_ICSD_6225
Ag12O16Sb4,aflow:64d74e13498cc658,0.2417,insulator-indirect,,14.4044,91,tP32,aflowlib.duke.edu:AFLOWDATA/ICSD_WEB/TET/Ag3O4Sb1_ICSD_417675
Ag12O24Te6,aflow:4d6d28f65973f297,0.4781,insulator-indirect,,14.3358,15,mS84,aflowlib.duke.edu:AFLOWDATA/ICSD_WEB/MCLC/Ag2O4Te1_ICSD_414464
Ag12Os4,aflow:2e6e0aac8771e9fe,,,0.806877,16.7966,194,hP16,aflowlib.duke.edu:AFLOWDATA/LIB2_WEB/AgOs_pv/244
Ag12Os4,aflow:7dfd103c1526afe2,,,0.469044,16.8671,62,oP16,aflowlib.duke.edu:AFLOWDATA/LIB2_WEB/AgOs_pv/181
Ag12P12,aflow:3661154575bc15b4,,,0.230466,20.1665,57,oP24,aflowlib.duke.edu:AFLOWDATA/LIB2_WEB/AgP/198
Ag12P12Sb4,aflow:63ddc5b91428a468,,,0.203133,20.0898,14,mP28,aflowlib.duke.edu:AFLOWDATA/LIB3_WEB/AgPSb/ICSD_33714.ABC
Ag12P16Ru4,aflow:e32dfac107408f7f,,,0.177049,19.3346,91,tP32,aflowlib.duke.edu:AFLOWDATA/LIB3_WEB/AgPRu_pv/ICSD_59924.ABC
Ag12P16Sb4,aflow:7c2f56541d4ff1e9,,,0.263655,18.8159,91,tP32,aflowlib.duke.edu:AFLOWDATA/LIB3_WEB/AgPSb/ICSD_417675.ABC
Ag12P17,aflow:82cf984882864c21,,,0.139148,19.0511,217,cI58,aflowlib.duke.edu:AFLOWDATA/LIB2_WEB/AgP/559
Ag12P4,aflow:7fed693abe1a02e1,,,0.0879702,18.4592,62,oP16,aflowlib.duke.edu:AFLOWDATA/LIB2_WEB/AgP/181
Ag12P4,aflow:a3c16c2c5dd46501,,,0.171618,17.3196,194,hP16,aflowlib.duke.edu:AFLOWDATA/LIB2_WEB/AgP/244
Ag12P8Pb4,aflow:0b7d72143eaed67c,,,0.132409,20.1901,60,oP24,aflowlib.duke.edu:AFLOWDATA/LIB3_WEB/AgPPb_d/ICSD_79600.ABC
Ag12P8Pb4,aflow:33af467b4ca0d7b1,,,0.132293,20.1643,60,oP24,aflowlib.duke.edu:AFLOWDATA/LIB3_WEB/AgPPb_d/ICSD_75976.ABC
Ag12P8Tl4,aflow:3023cb2a013b9286,,,0.186546,20.0103,60,oP24,aflowlib.duke.edu:AFLOWDATA/LIB3_WEB/AgPTl_d/ICSD_79600.ABC
Ag12P8Tl4,aflow:c9c6ad9bec179a18,,,0.18646,20.0446,60,oP24,aflowlib.duke.edu:AFLOWDATA/LIB3_WEB/AgPTl_d/ICSD_75976.ABC
Ag12Pb12,aflow:37fa91d12c3f1d2f,,,0.0918357,24.7084,57,oP24,aflowlib.duke.edu:AFLOWDATA/LIB2_WEB/AgPb_d/198
Ag12Pb17,aflow:25bd81c212fe8526,,,0.0720074,25.8649,217,cI58,aflowlib.duke.edu:AFLOWDATA/LIB2_WEB/AgPb_d/559
Ag12Pb4,aflow:ce3695c81aaafab4,,,0.0680386,20.6529,194,hP16,aflowlib.duke.edu:AFLOWDATA/LIB2_WEB/AgPb_d/244
Ag12Pb8Tl4,aflow:29a6919ec2f8a117,,,0.0901263,24.4879,60,oP24,aflowlib.duke.edu:AFLOWDATA/LIB3_WEB/AgPb_dTl_d/ICSD_79600.ABC
Ag12Pb8Tl4,aflow:c7dabcd56661e54e,,,0.0940782,24.4337,60,oP24,aflowlib.duke.edu:AFLOWDATA/LIB3_WEB/AgPb_dTl_d/ICSD_75976.ABC
Ag12Pd12,aflow:821761e7dbbdd70a,,,0.0389794,16.874,57,oP24,aflowlib.duke.edu:AFLOWDATA/LIB2_WEB/AgPd_pv/198
Ag12Pd17,aflow:d4362a57ed715a60,,,0.0632469,16.6964,217,cI58,aflowlib.duke.edu:AFLOWDATA/LIB2_WEB/AgPd_pv/559
Ag12Pd4,aflow:16d4862ee7613e30,,,-0.0457881,17.1543,62,oP16,aflowlib.duke.edu:AFLOWDATA/LIB2_WEB/AgPd_pv/181
Ag12Pd4,aflow:6ac5c616f8255093,,,-0.0514923,17.1574,194,hP16,aflowlib.duke.edu:AFLOWDATA/LIB2_WEB/AgPd_pv/244
Ag12Pt12,aflow:f9ddef8e69ed9ae9,,,0.169368,17.4594,57,oP24,aflowlib.duke.edu:AFLOWDATA/LIB2_WEB/AgPt/198
Ag12Pt17,aflow:245e259d89c8d4af,,,0.216341,16.6526,217,cI58,aflowlib.duke.edu:AFLOWDATA/LIB2_WEB/AgPt/559
Ag12Pt4,aflow:54946e8ee7e6aeb3,,,-0.000452125,17.1568,62,oP16,aflowlib.duke.edu:AFLOWDATA/LIB2_WEB/AgPt/181
Ag12Pt4,aflow:dbbf8101c30df88b,,,0.0186663,17.1474,194,hP16,aflowlib.duke.edu:AFLOWDATA/LIB2_WEB/AgPt/244
Ag12Re4,aflow:13cf575d884ce0e9,,,0.904729,17.0889,194,hP16,aflowlib.duke.edu:AFLOWDATA/LIB2_WEB/AgRe_pv/244
Ag12Re4,aflow:77d284dd0763e461,,,0.519697,16.9716,62,oP16,aflowlib.duke.edu:AFLOWDATA/LIB2_WEB/AgRe_pv/181
Ag12Rh4,aflow:68e7a0a4e0851887,,,0.213486,16.8889,194,hP16,aflowlib.duke.edu:AFLOWDATA/LIB2_WEB/AgRh_pv/244
Ag12Rh4,aflow:8f9f70da634a2dec,,,0.139967,16.7871,62,oP16,aflowlib.duke.edu:AFLOWDATA/LIB2_WEB/AgRh_pv/181
Ag12Ru4,aflow:0b94561685788679,,,0.536718,17.0645,194,hP16,aflowlib.duke.edu:AFLOWDATA/LIB2_WEB/AgRu_pv/244
Ag12Ru4,aflow:39d97a08af482d62,,,0.346704,16.8295,62,oP16,aflowlib.duke.edu:AFLOWDATA/LIB2_WEB/AgRu_pv/181
Ag12S12Sb4,aflow:961e25c8a9b18daa,1.8448,insulator-direct,,23.3359,14,mP28,aflowlib.duke.edu:AFLOWDATA/ICSD_WEB/MCL/Ag3S3Sb1_ICSD_33714
Ag12S24Sb8Tl12,aflow:ed1a710ab2326433,1.6108,insulator-indirect,,26.8418,14,mP56,aflowlib.duke.edu:AFLOWDATA/ICSD_WEB/MCL/Ag3S6Sb2Tl3_ICSD_160100
Ag12S8Tl4,aflow:54a2db680cd3861d,1.114,insulator-indirect,,22.076,60,oP24,aflowlib.duke.edu:AFLOWDATA/ICSD_WEB/ORC/Ag3S2Tl1_ICSD_75976
Ag12S8Tl4,aflow:d46ea4f8eda52e8b,1.1126,insulator-indirect,,22.0899,60,oP24,aflowlib.duke.edu:AFLOWDATA/ICSD_WEB/ORC/Ag3S2Tl1_ICSD_79600
Ag12Sb12,aflow:85be3e4289688568,,,0.0101329,23.2343,57,oP24,aflowlib.duke.edu:AFLOWDATA/LIB2_WEB/AgSb/198
Ag12Sb4,aflow:7a5528a6f11ac300,,,0.0101654,21.4333,62,oP16,aflowlib.duke.edu:AFLOWDATA/LIB2_WEB/AgSb/181
Ag12Sb4,aflow:a163e23b7dcd975f,,,-0.039664,19.8389,194,hP16,aflowlib.duke.edu:AFLOWDATA/LIB2_WEB/AgSb/244
Ag12Sc12,aflow:95b1fddb12821910,,,-0.188279,20.6987,57,oP24,aflowlib.duke.edu:AFLOWDATA/LIB2_WEB/AgSc_sv/198
Ag12Sc17,aflow:4f18a2aadb0673cc,,,-0.0970311,20.9688,217,cI58,aflowlib.duke.edu:AFLOWDATA/LIB2_WEB/AgSc_sv/559
Ag12Sc4,aflow:e08155da8abff511,,,-0.0877211,19.1539,62,oP16,aflowlib.duke.edu:AFLOWDATA/LIB2_WEB/AgSc_sv/181
Ag12Sc4,aflow:fa177d807e8c19b9,,,-0.136017,18.9465,194,hP16,aflowlib.duke.edu:AFLOWDATA/LIB2_WEB/AgSc_sv/244
Ag12Se12,aflow:ab5dc63868e6b0f3,,,0.0627353,21.9579,57,oP24,aflowlib.duke.edu:AFLOWDATA/LIB2_WEB/AgSe/198
Ag12Se17,aflow:22d09b625af054d0,,,0.117001,24.6468,217,cI58,aflowlib.duke.edu:AFLOWDATA/LIB2_WEB/AgSe/559
Ag12Se4,aflow:e96feeb539e47d61,,,0.0134447,18.8304,194,hP16,aflowlib.duke.edu:AFLOWDATA/LIB2_WEB/AgSe/244
Ag12Se4,aflow:eb939002b891a7d8,,,0.00442425,18.7207,221,cP4,aflowlib.duke.edu:AFLOWDATA/LIB2_WEB/AgSe/181
Ag12Si12,aflow:098151784d83997f,,,0.349912,18.5185,57,oP24,aflowlib.duke.edu:AFLOWDATA/LIB2_WEB/AgSi/198
Ag12Si4,aflow:602ecea4d20f5a79,,,0.135717,17.7751,62,oP16,aflowlib.duke.edu:AFLOWDATA/LIB2_WEB/AgSi/181
Ag12Si4,aflow:ac6e61e5284732fc,,,0.184726,17.0891,194,hP16,aflowlib.duke.edu:AFLOWDATA/LIB2_WEB/AgSi/244
Ag12Sn12,aflow:f58756da429f8bb9,,,0.0389616,22.7746,57,oP24,aflowlib.duke.edu:AFLOWDATA/LIB2_WEB/AgSn/198
Ag12Sn17,aflow:4f63bc24156b9fee,,,0.0364385,23.3083,217,cI58,aflowlib.duke.edu:AFLOWDATA/LIB2_WEB/AgSn/559
Ag12Sn4,aflow:4e8249297e544d32,,,-0.00385387,19.5873,62,oP16,aflowlib.duke.edu:AFLOWDATA/LIB2_WEB/AgSn/181
Ag12Sn4,aflow:d06260bcc01a2c05,,,-0.0237031,19.385,194,hP16,aflowlib.duke.edu:AFLOWDATA/LIB2_WEB/AgSn/244
Ag12Sr12,aflow:772222f64f5c5829,,,-0.247836,31.9586,57,oP24,aflowlib.duke.edu:AFLOWDATA/LIB2_WEB/AgSr_sv/198
Ag12Sr17,aflow:7e4ede4e33296a17,,,-0.0287801,33.7204,217,cI58,aflowlib.duke.edu:AFLOWDATA/LIB2_WEB/AgSr_sv/559
Ag12Sr4,aflow:5823fb299b3509a1,,,-0.125849,24.139,194,hP16,aflowlib.duke.edu:AFLOWDATA/LIB2_WEB/AgSr_sv/244
Ag12Sr4,aflow:6589c8f45c44cecd,,,-0.229193,24.2323,62,oP16,aflowlib.duke.edu:AFLOWDATA/LIB2_WEB/AgSr_sv/181
Ag12Ta4,aflow:7d9c52723b0d22dc,,,0.555123,18.1181,194,hP16,aflowlib.duke.edu:AFLOWDATA/LIB2_WEB/AgTa_pv/244
Ag12Ta4,aflow:9e896b347dc2df75,,,0.346565,17.9269,62,oP16,aflowlib.duke.edu:AFLOWDATA/LIB2_WEB/AgTa_pv/181
Ag12Tc4,aflow:25fa64ff6fe843cf,,,0.412857,16.9432,62,oP16,aflowlib.duke.edu:AFLOWDATA/LIB2_WEB/AgTc_pv/181
Ag12Tc4,aflow:9a64e3204b64733b,,,0.645976,17.7263,194,hP16,aflowlib.duke.edu:AFLOWDATA/LIB2_WEB/AgTc_pv/244
Ag12Te12,aflow:0a40f69151585fcf,,,0.0266188,26.7144,57,oP24,aflowlib.duke.edu:AFLOWDATA/LIB2_WEB/AgTe/198
Ag12Te17,aflow:298ccc19a98acdb2,,,0.204733,25.6341,217,cI58,aflowlib.duke.edu:AFLOWDATA/LIB2_WEB/AgTe/559
Ag12Te4,aflow:06c3ddb25e1cf975,,,0.0209439,20.5581,194,hP16,aflowlib.duke.edu:AFLOWDATA/LIB2_WEB/AgTe/244
Ag12Te4,aflow:ce327f71d638770b,,,0.009246,20.4061,123,tP4,aflowlib.duke.edu:AFLOWDATA/LIB2_WEB/AgTe/181
Ag12Ti12,aflow:eba451e7217c0d9f,,,0.185628,17.8012,57,oP24,aflowlib.duke.edu:AFLOWDATA/LIB2_WEB/AgTi_sv/198
Ag12Ti17,aflow:ed0af80862f67310,,,0.168438,17.6772,217,cI58,aflowlib.duke.edu:AFLOWDATA/LIB2_WEB/AgTi_sv/559
Ag12Ti4,aflow:8dfe707a4a9c32b5,,,0.127651,17.8142,62,oP16,aflowlib.duke.edu:AFLOWDATA/LIB2_WEB/AgTi_sv/181
Ag12Ti4,aflow:dfe509fd467786b0,,,0.169866,17.8464,194,hP16,aflowlib.duke.edu:AFLOWDATA/LIB2_WEB/AgTi_sv/244
Ag12Tl12,aflow:34f123d803b29d04,,,0.122753,23.8447,57,oP24,aflowlib.duke.edu:AFLOWDATA/LIB2_WEB/AgTl_d/198
Ag12Tl17,aflow:99432b391fd3afc5,,,0.0992999,24.7496,217,cI58,aflowlib.duke.edu:AFLOWDATA/LIB2_WEB/AgTl_d/559
Ag12Tl4,aflow:26733b9ee3b0019a,,,0.0851526,20.1834,62,oP16,aflowlib.duke.edu:AFLOWDATA/LIB2_WEB/AgTl_d/181
Ag12V4,aflow:6d6cbb02da438851,,,0.310115,17.5012,62,oP16,aflowlib.duke.edu:AFLOWDATA/LIB2_WEB/AgV_sv/181
Ag12V4,aflow:b6c20aa48eed06db,,,0.332802,17.5625,194,hP16,aflowlib.duke.edu:AFLOWDATA/LIB2_WEB/AgV_sv/244
Ag12W4,aflow:272864f15cb9b32e,,,0.867278,17.6855,194,hP16,aflowlib.duke.edu:AFLOWDATA/LIB2_WEB/AgW_pv/244
Ag12W4,aflow:ab267b3a2668c788,,,0.552717,17.293,62,oP16,aflowlib.duke.edu:AFLOWDATA/LIB2_WEB/AgW_pv/181
Ag12Y12,aflow:60cfaad46e49b51a,,,-0.243669,24.84,57,oP24,aflowlib.duke.edu:AFLOWDATA/LIB2_WEB/AgY_sv/198
Ag12Y17,aflow:d9882854f1370777,,,-0.0923491,25.3246,217,cI58,aflowlib.duke.edu:AFLOWDATA/LIB2_WEB/AgY_sv/559
Ag12Y4,aflow:83d80244945955a4,,,-0.134897,21.3401,62,oP16,aflowlib.duke.edu:AFLOWDATA/LIB2_WEB/AgY_sv/181
Ag12Y4,aflow:cedf6e0d08145fbe,,,-0.175658,21.1435,194,hP16,aflowlib.duke.edu:AFLOWDATA/LIB2_WEB/AgY_sv/244
Ag12Zn12,aflow:5cb87ea2f3cffcbd,,,-0.0283264,16.3578,57,oP24,aflowlib.duke.edu:AFLOWDATA/LIB2_WEB/AgZn/198
Ag12Zn17,aflow:56eb6f630959b69c,,,0.0573988,16.8872,217,cI58,aflowlib.duke.edu:AFLOWDATA/LIB2_WEB/AgZn/559
Ag12Zn4,aflow:1c12d02200dec1c0,,,-0.0302429,17.0319,194,hP16,aflowlib.duke.edu:AFLOWDATA/LIB2_WEB/AgZn/244
Ag12Zn4,aflow:a868941b77c53829,,,-0.0263407,17.1382,62,oP16,aflowlib.duke.edu:AFLOWDATA/LIB2_WEB/AgZn/181
Ag12Zr12,aflow:417f643867e88536,,,0.0478809,20.624,57,oP24,aflowlib.duke.edu:AFLOWDATA/LIB2_WEB/AgZr_sv/198
Ag12Zr17,aflow:c43086c9e4cdb22b,,,0.0515437,20.7755,217,cI58,aflowlib.duke.edu:AFLOWDATA/LIB2_WEB/AgZr_sv/559
Ag12Zr4,aflow:1af6131b9fb3259d,,,0.10236,19.2209,62,oP16,aflowlib.duke.edu:AFLOWDATA/LIB2_WEB/AgZr_sv/181
Ag12Zr4,aflow:dd9a2303dd5a67da,,,0.110134,19.3942,194,hP16,aflowlib.duke.edu:AFLOWDATA/LIB2_WEB/AgZr_sv/244
Ag13Al36Mg32,aflow:2c8acba10bc0bd57,,,-0.078612,18.8959,204,cI162,aflowlib.duke.edu:AFLOWDATA/LIB3_WEB/AgAlMg_pv/ICSD_55636.ABC
Ag13Al36Mg32,aflow:c6d8842d003b3cf8,0,metal,,18.9878,204,cI162,aflowlib.duke.edu:AFLOWDATA/ICSD_WEB/BCC/Ag13Al36Mg32_ICSD_55636
Ag14Ca4,aflow:53875efefaf23b47,,,-0.243999,21.1533,63,oS36,aflowlib.duke.edu:AFLOWDATA/LIB2_WEB/AgCa_sv/ICSD_55510.AB
Ag14Ca4,aflow:eca36d1497b7f88a,0,metal,,21.3479,63,oS36,aflowlib.duke.edu:AFLOWDATA/ICSD_WEB/ORCC/Ag7Ca2_ICSD_55510
Ag14Y4,aflow:1bbb0d991fd13d45,,,-0.23138,20.5109,63,oS36,aflowlib.duke.edu:AFLOWDATA/LIB2_WEB/AgY_sv/ICSD_370003.AB
Ag14Yb4,aflow:b104a214114104af,0,metal,,21.805,63,oS36,aflowlib.duke.edu:AFLOWDATA/ICSD_WEB/ORCC/Ag7Yb2_ICSD_370003
Ag16Al4,aflow:0d37eb59bd18be71,,,0.181153,19.4516,217,cI40,aflowlib.duke.edu:AFLOWDATA/LIB2_WEB/AgAl/373
Ag16Al8,aflow:01a43ea7d5f3ce1b,,,0.195425,18.9404,194,hP24,aflowlib.duke.edu:AFLOWDATA/LIB2_WEB/AgAl/316
Ag16Al8,aflow:ec381275ccc63325,,,-0.046012,17.4186,227,cF96,aflowlib.duke.edu:AFLOWDATA/LIB2_WEB/AgAl/262
Ag16As4,aflow:9bbcef945ae03fdb,,,0.211464,20.1135,217,cI40,aflowlib.duke.edu:AFLOWDATA/LIB2_WEB/AgAs/373
Ag16As8,aflow:debfa767f0fe5f85,,,0.148654,19.2858,227,cF96,aflowlib.duke.edu:AFLOWDATA/LIB2_WEB/AgAs/262
Ag16As8,aflow:f70493ae0df3bdee,,,0.29872,20.2249,194,hP24,aflowlib.duke.edu:AFLOWDATA/LIB2_WEB/AgAs/316
Ag16Au4,aflow:51f7f062755f425f,,,0.224602,20.5126,217,cI40,aflowlib.duke.edu:AFLOWDATA/LIB2_WEB/AgAu/373
Ag16Au8,aflow:4b31dfa0dc8da832,,,0.0708815,19.3458,227,cF96,aflowlib.duke.edu:AFLOWDATA/LIB2_WEB/AgAu/262
Ag16Au8,aflow:c6f15a11e317d7f9,,,0.169929,18.8752,194,hP24,aflowlib.duke.edu:AFLOWDATA/LIB2_WEB/AgAu/316
Ag16B4,aflow:8d0385a208112647,,,0.338003,17.2476,217,cI40,aflowlib.duke.edu:AFLOWDATA/LIB2_WEB/AgB_h/373
Ag16B8,aflow:ba2cd7ef0c298df1,,,0.610941,14.5024,227,cF96,aflowlib.duke.edu:AFLOWDATA/LIB2_WEB/AgB_h/262
Ag16B8P20,aflow:79feaafe40678e13,,,0.135443,19.1947,52,oP44,aflowlib.duke.edu:AFLOWDATA/LIB3_WEB/AgB_hP/ICSD_78968.ABC
Ag16Ba4,aflow:f21306130e67d05e,,,-0.133214,25.2957,217,cI40,aflowlib.duke.edu:AFLOWDATA/LIB2_WEB/AgBa_sv/373
Ag16Ba8,aflow:8b72b69397c570c6,,,-0.192159,27.1288,194,hP24,aflowlib.duke.edu:AFLOWDATA/LIB2_WEB/AgBa_sv/316
Ag16Ba8,aflow:be898847148d82eb,,,0.00605029,34.8392,227,cF96,aflowlib.duke.edu:AFLOWDATA/LIB2_WEB/AgBa_sv/262
Ag16Be4,aflow:7cf1141f8ab1f4ef,,,0.266831,17.6677,217,cI40,aflowlib.duke.edu:AFLOWDATA/LIB2_WEB/AgBe_sv/373
Ag16Be8,aflow:1d8d8e73faaf913f,,,0.664124,18.6043,194,hP24,aflowlib.duke.edu:AFLOWDATA/LIB2_WEB/AgBe_sv/316
Ag16Be8,aflow:97c0daaf02a78791,,,0.147947,14.7073,227,cF96,aflowlib.duke.edu:AFLOWDATA/LIB2_WEB/AgBe_sv/262
Ag16Bi4,aflow:7e951392c9e26d8d,,,0.141332,21.9699,217,cI40,aflowlib.duke.edu:AFLOWDATA/LIB2_WEB/AgBi_d/373
Ag16Bi8,aflow:50afc29ff462ccdc,,,0.202936,24.7829,227,cF96,aflowlib.duke.edu:AFLOWDATA/LIB2_WEB/AgBi_d/262
Ag16Bi8,aflow:f8145a52da070028,,,0.0312385,22.1814,194,hP24,aflowlib.duke.edu:AFLOWDATA/LIB2_WEB/AgBi_d/316
Ag16Br4,aflow:82d6c5e2a727d7d2,,,0.149033,22.1082,217,cI40,aflowlib.duke.edu:AFLOWDATA/LIB2_WEB/AgBr/373
Ag16Br8,aflow:19d5c7c1a5346ba2,,,0.00418429,26.0678,194,hP24,aflowlib.duke.edu:AFLOWDATA/LIB2_WEB/AgBr/316
Ag16Br8,aflow:68a254bb18ed1de7,,,0.12864,24.2683,227,cF96,aflowlib.duke.edu:AFLOWDATA/LIB2_WEB/AgBr/262
Ag16C4,aflow:7951c1d3f387e85d,,,0.930403,16.9414,217,cI40,aflowlib.duke.edu:AFLOWDATA/LIB2_WEB/AgC/373
Ag16C8,aflow:9d9f3d5c073a41e0,,,1.25948,15.7458,227,cF96,aflowlib.duke.edu:AFLOWDATA/LIB2_WEB/AgC/262
Ag16C8,aflow:ac52025ca350a87e,,,1.26132,20.361,194,hP24,aflowlib.duke.edu:AFLOWDATA/LIB2_WEB/AgC/316
Ag16Ca6,aflow:52a92160866b3a2a,0,metal,,23.0274,229,cI44,aflowlib.duke.edu:AFLOWDATA/ICSD_WEB/BCC/Ag8Ca3_ICSD_107145
Ag16Ca6,aflow:744282d59a9d43d5,,,-0.233689,22.8229,229,cI44,aflowlib.duke.edu:AFLOWDATA/LIB2_WEB/AgCa_sv/ICSD_107145.AB
Ag16Ca6N1,aflow:0d41b60c61f56beb,0,metal,,21.5048,229,cI46,aflowlib.duke.edu:AFLOWDATA/ICSD_WEB/BCC/Ag16Ca6N1_ICSD_78395
Ag16Ca8,aflow:27903192118c0d94,,,-0.0374087,27.6305,227,cF96,aflowlib.duke.edu:AFLOWDATA/LIB2_WEB/AgCa_sv/262
Ag16Cd4,aflow:afbeb4437af349d4,,,0.180677,21.1329,217,cI40,aflowlib.duke.edu:AFLOWDATA/LIB2_WEB/AgCd/373
Ag16Cd8,aflow:5af27e498d5481b2,,,0.0343802,20.073,194,hP24,aflowlib.duke.edu:AFLOWDATA/LIB2_WEB/AgCd/316
Ag16Cd8,aflow:6f8aa2e333ad843b,,,0.0852454,20.0199,227,cF96,aflowlib.duke.edu:AFLOWDATA/LIB2_WEB/AgCd/262
Ag16Cl8,aflow:8ffbb8862f56e24f,,,0.0298405,21.6005,227,cF96,aflowlib.duke.edu:AFLOWDATA/LIB2_WEB/AgCl/262
Ag16Cl8,aflow:c7b48e176ef3ce51,,,-0.0609843,25.3826,194,hP24,aflowlib.duke.edu:AFLOWDATA/LIB2_WEB/AgCl/316
Ag16Co8,aflow:79b1372a54c1f445,,,0.40231,16.3892,227,cF96,aflowlib.duke.edu:AFLOWDATA/LIB2_WEB/AgCo/262
Ag16Co8,aflow:9ffb89a15459c993,,,0.679816,18.3934,194,hP24,aflowlib.duke.edu:AFLOWDATA/LIB2_WEB/AgCo/316
Ag16Cr6I4O24,aflow:6ece62144f1f980e,2.0832,insulator-indirect,,16.7838,176,hP50,aflowlib.duke.edu:AFLOWDATA/ICSD_WEB/HEX/Ag2.67Cr1I0.67O4_ICSD_419833
Ag16Cr8,aflow:c7ca920d99ad32f1,,,0.518168,18.9663,194,hP24,aflowlib.duke.edu:AFLOWDATA/LIB2_WEB/AgCr_pv/316
Ag16Cr8,aflow:f3d10b307cccdca7,,,0.530718,18.3742,227,cF96,aflowlib.duke.edu:AFLOWDATA/LIB2_WEB/AgCr_pv/262
Ag16Cu8,aflow:96361c4c373a9a5a,,,0.122196,16.4496,227,cF96,aflowlib.duke.edu:AFLOWDATA/LIB2_WEB/AgCu_pv/262
Ag16Fe8,aflow:df06896fb48133d5,,,0.394849,16.9946,227,cF96,aflowlib.duke.edu:AFLOWDATA/LIB2_WEB/AgFe_pv/262
Ag16Ga24,aflow:d578a243f25c499c,,,0.108064,21.844,43,oF40,aflowlib.duke.edu:AFLOWDATA/LIB2_WEB/AgGa_h/366
Ag16Ga4,aflow:a56740040f06315d,,,0.169549,19.9945,217,cI40,aflowlib.duke.edu:AFLOWDATA/LIB2_WEB/AgGa_h/373
Ag16Ga8,aflow:d2916e1574972464,,,0.151437,19.8143,194,hP24,aflowlib.duke.edu:AFLOWDATA/LIB2_WEB/AgGa_h/316
Ag16Ga8,aflow:ec1916246fd607e0,,,0.0218554,18.7887,227,cF96,aflowlib.duke.edu:AFLOWDATA/LIB2_WEB/AgGa_h/262
Ag16Ge10,aflow:5c7e4bcb0b01d5a3,,,0.170172,18.6483,217,cI52,aflowlib.duke.edu:AFLOWDATA/LIB2_WEB/AgGe_h/468
Ag16Ge2P12,aflow:8114133fdfc00e60,,,0.200559,19.5501,31,oP30,aflowlib.duke.edu:AFLOWDATA/LIB3_WEB/AgGe_hP/ICSD_10432.ABC
Ag16Ge2Se12,aflow:416a138a2850da35,0.1817,insulator-direct,,23.7656,31,oP30,aflowlib.duke.edu:AFLOWDATA/ICSD_WEB/ORC/Ag8Ge1Se6_ICSD_10432
Ag16Ge4,aflow:c8167577bddd8e32,,,0.243735,20.0391,217,cI40,aflowlib.duke.edu:AFLOWDATA/LIB2_WEB/AgGe_h/373
Ag16Ge8,aflow:1ae83d2c43f85e8b,,,0.168514,18.7085,227,cF96,aflowlib.duke.edu:AFLOWDATA/LIB2_WEB/AgGe_h/262
Ag16Ge8,aflow:a4c12b9c5d98eb04,,,0.265665,19.6936,194,hP24,aflowlib.duke.edu:AFLOWDATA/LIB2_WEB/AgGe_h/316
Ag16Hf4,aflow:9f989a80e9fb1fdc,,,0.319576,20.0492,217,cI40,aflowlib.duke.edu:AFLOWDATA/LIB2_WEB/AgHf_pv/373
Ag16Hf8,aflow:59dfeb2b41073dbf,,,0.251019,21.5776,227,cF96,aflowlib.duke.edu:AFLOWDATA/LIB2_WEB/AgHf_pv/262
Ag16Hf8,aflow:8ec7af517880d1d1,,,0.188453,19.4175,194,hP24,aflowlib.duke.edu:AFLOWDATA/LIB2_WEB/AgHf_pv/316
Ag16Hg8,aflow:6f2d4f9dcfec661c,,,0.161457,20.7002,227,cF96,aflowlib.duke.edu:AFLOWDATA/LIB2_WEB/AgHg/262
Ag16Hg8,aflow:bce0d0676926d3cb,,,0.102706,20.7728,194,hP24,aflowlib.duke.edu:AFLOWDATA/LIB2_WEB/AgHg/316
Ag16I4O16P4,aflow:df85db3898cf2cdb,1.2809,insulator-indirect,,17.6447,11,mP40,aflowlib.duke.edu:AFLOWDATA/ICSD_WEB/MCL/Ag4I1O4P1_ICSD_245791
Ag16I8N8O24,aflow:96e57b9a9f5f54fd,2.1862,insulator-indirect,,18.522,19,oP56,aflowlib.duke.edu:AFLOWDATA/ICSD_WEB/ORC/Ag2I1N1O3_ICSD_8075
Ag16I8O16Se4,aflow:0cb45b7623bddbd1,1.504,insulator-direct,,21.1552,33,oP44,aflowlib.duke.edu:AFLOWDATA/ICSD_WEB/ORC/Ag4I2O4Se1_ICSD_418902
Ag16In4,aflow:c0301385a6f58833,,,0.160272,21.4082,217,cI40,aflowlib.duke.edu:AFLOWDATA/LIB2_WEB/AgIn_d/373
Ag16In8,aflow:3a4d5c75df0a47b4,,,0.0208057,20.7469,194,hP24,aflowlib.duke.edu:AFLOWDATA/LIB2_WEB/AgIn_d/316
Ag16In8,aflow:7953099e801ca53e,,,0.0857976,21.6454,227,cF96,aflowlib.duke.edu:AFLOWDATA/LIB2_WEB/AgIn_d/262
Ag16Ir8,aflow:0659c3247fa5eeef,,,0.574376,18.0846,227,cF96,aflowlib.duke.edu:AFLOWDATA/LIB2_WEB/AgIr/262
Ag16Ir8,aflow:c2e7bfa6bb01f9f5,,,0.768511,17.6358,194,hP24,aflowlib.duke.edu:AFLOWDATA/LIB2_WEB/AgIr/316
Ag16K8,aflow:2d524aeffbad8f5b,,,0.187126,39.7601,227,cF96,aflowlib.duke.edu:AFLOWDATA/LIB2_WEB/AgK_sv/262
Ag16La4,aflow:c61d6d623d6c9af7,,,-0.160044,22.9097,217,cI40,aflowlib.duke.edu:AFLOWDATA/LIB2_WEB/AgLa/373
Ag16La8,aflow:a4e4f1d64de1660f,,,-0.212367,23.5265,194,hP24,aflowlib.duke.edu:AFLOWDATA/LIB2_WEB/AgLa/316
Ag16La8,aflow:bd61dd7bbc5b2037,,,0.00940392,29.8241,227,cF96,aflowlib.duke.edu:AFLOWDATA/LIB2_WEB/AgLa/262
Ag16Li4,aflow:79a899443633132d,,,0.106342,19.51,217,cI40,aflowlib.duke.edu:AFLOWDATA/LIB2_WEB/AgLi_sv/373
Ag16Li8,aflow:6e4be490ea0f9ce3,,,-0.0868635,19.9572,194,hP24,aflowlib.duke.edu:AFLOWDATA/LIB2_WEB/AgLi_sv/316
Ag16Li8,aflow:b851d64259dde60e,,,-0.102063,16.4431,227,cF96,aflowlib.duke.edu:AFLOWDATA/LIB2_WEB/AgLi_sv/262
Ag16Mg4,aflow:6c43edea2a7b9f2d,,,0.110807,20.612,217,cI40,aflowlib.duke.edu:AFLOWDATA/LIB2_WEB/AgMg_pv/373
Ag16Mg8,aflow:0e3002f6cf4325c6,,,-0.0890219,19.8442,194,hP24,aflowlib.duke.edu:AFLOWDATA/LIB2_WEB/AgMg_pv/316
Ag16Mg8,aflow:d499040901617233,,,-0.0417145,18.8467,227,cF96,aflowlib.duke.edu:AFLOWDATA/LIB2_WEB/AgMg_pv/262
Ag16Mn12O32,aflow:c15392bacc630215,0.8525,insulator-indirect,0.0419916,12.4698,155,hR60,aflowlib.duke.edu:AFLOWDATA/ICSD_WEB/RHL/Ag4Mn3O8_ICSD_414178
Ag16Mn8,aflow:9a8c5b9904c8d35a,,,0.313543,17.7097,227,cF96,aflowlib.duke.edu:AFLOWDATA/LIB2_WEB/AgMn_pv/262
Ag16Mo8,aflow:59cb175ab1677027,,,0.754858,19.7501,227,cF96,aflowlib.duke.edu:AFLOWDATA/LIB2_WEB/AgMo_pv/262
Ag16N8O24Te4,aflow:64baec8dcf4fefdf,0.1497,insulator-indirect,,16.6749,198,cP52,aflowlib.duke.edu:AFLOWDATA/ICSD_WEB/CUB/Ag4N2O6Te1_ICSD_16006
Ag16N8O8S4,aflow:141b70c710d70e12,0.7846,insulator-direct,,16.063,33,oP36,aflowlib.duke.edu:AFLOWDATA/ICSD_WEB/ORC/Ag4N2O2S1_ICSD_23111
Ag16Na4,aflow:1c6513995183889d,,,0.0852406,22.2664,217,cI40,aflowlib.duke.edu:AFLOWDATA/LIB2_WEB/AgNa_sv/373
Ag16Na8,aflow:4dcda2f5f2f854c6,,,-0.0971179,21.6538,194,hP24,aflowlib.duke.edu:AFLOWDATA/LIB2_WEB/AgNa_sv/316
Ag16Na8,aflow:a174f130a5b9b61f,,,0.177325,23.9875,227,cF96,aflowlib.duke.edu:AFLOWDATA/LIB2_WEB/AgNa_sv/262
Ag16Nb8,aflow:1888a6a77fd7f10c,,,0.532744,20.1906,227,cF96,aflowlib.duke.edu:AFLOWDATA/LIB2_WEB/AgNb_sv/262
Ag16Nb8,aflow:25ec7f43c347ebcc,,,0.533041,18.261,194,hP24,aflowlib.duke.edu:AFLOWDATA/LIB2_WEB/AgNb_sv/316
Ag16Nb8P16S64,aflow:21834b9804091e2f,1.7357,insulator-indirect,,22.5278,62,oP104,aflowlib.duke.edu:AFLOWDATA/ICSD_WEB/ORC/Ag2Nb1P2S8_ICSD_420032
Ag16Ni8,aflow:a24da3db19da2588,,,0.232211,15.9841,227,cF96,aflowlib.duke.edu:AFLOWDATA/LIB2_WEB/AgNi_pv/262
Ag16O16S4Te4,aflow:cfb6c323acdde63b,1.0738,insulator-indirect,,18.2535,198,cP40,aflowlib.duke.edu:AFLOWDATA/ICSD_WEB/CUB/Ag4O4S1Te1_ICSD_421880
Ag16O20Te4,aflow:e610b141b2f4bad0,0,metal,,14.2714,15,mS80,aflowlib.duke.edu:AFLOWDATA/ICSD_WEB/MCLC/Ag4O5Te1_ICSD_417353
Ag16O8S4Si2,aflow:586aa8017df5ce61,0,metal,,18.5365,141,tI60,aflowlib.duke.edu:AFLOWDATA/ICSD_WEB/BCT/Ag8O4S2Si1_ICSD_2330
Ag16Os8,aflow:27c1dc753ced6768,,,0.89789,18.1926,227,cF96,aflowlib.duke.edu:AFLOWDATA/LIB2_WEB/AgOs_pv/262
Ag16Os8,aflow:c1a0bb967cc16d53,,,1.04785,17.7572,194,hP24,aflowlib.duke.edu:AFLOWDATA/LIB2_WEB/AgOs_pv/316
Ag16P12Se2,aflow:83eac046608c3921,,,0.250487,19.6522,31,oP30,aflowlib.duke.edu:AFLOWDATA/LIB3_WEB/AgPSe/ICSD_95093.ABC
Ag16P2Se12,aflow:7337229a5a9d8079,,,-0.0760978,22.8489,31,oP30,aflowlib.duke.edu:AFLOWDATA/LIB3_WEB/AgPSe/ICSD_10432.ABC
Ag16P4,aflow:e8dbc7046a5f1396,,,0.247503,19.2688,217,cI40,aflowlib.duke.edu:AFLOWDATA/LIB2_WEB/AgP/373
Ag16P8,aflow:9a2b6d0de4bf13e6,,,0.479841,20.2224,194,hP24,aflowlib.duke.edu:AFLOWDATA/LIB2_WEB/AgP/316
Ag16P8,aflow:cb833f0f7abc57f9,,,0.207313,17.8246,227,cF96,aflowlib.duke.edu:AFLOWDATA/LIB2_WEB/AgP/262
Ag16P8S24,aflow:7c08f821b9a2d551,1.6712,insulator-indirect,,21.3909,19,oP48,aflowlib.duke.edu:AFLOWDATA/ICSD_WEB/ORC/Ag4P2S6_ICSD_35628
Ag16P8Se24,aflow:92f0c74459146c91,,,-0.125789,23.692,19,oP48,aflowlib.duke.edu:AFLOWDATA/LIB3_WEB/AgPSe/ICSD_1727.ABC
Ag16P8Se24,aflow:bba3859fcae4ac1a,1.0749,insulator-indirect,,23.8898,19,oP48,aflowlib.duke.edu:AFLOWDATA/ICSD_WEB/ORC/Ag4P2Se6_ICSD_1727
Ag16Pb4,aflow:a482353660f1fca7,,,0.16314,22.1283,217,cI40,aflowlib.duke.edu:AFLOWDATA/LIB2_WEB/AgPb_d/373
Ag16Pb8,aflow:7f9a9a9a6acf832a,,,0.0210341,22.097,194,hP24,aflowlib.duke.edu:AFLOWDATA/LIB2_WEB/AgPb_d/316
Ag16Pd4,aflow:9907997c5680e405,,,0.265877,19.7705,217,cI40,aflowlib.duke.edu:AFLOWDATA/LIB2_WEB/AgPd_pv/373
Ag16Pd8,aflow:04c0901e21aa4de9,,,0.181136,17.9409,194,hP24,aflowlib.duke.edu:AFLOWDATA/LIB2_WEB/AgPd_pv/316
Ag16Pd8,aflow:a5ed95e7b13c8637,,,0.0683163,18.0698,227,cF96,aflowlib.duke.edu:AFLOWDATA/LIB2_WEB/AgPd_pv/262
Ag16Pt32,aflow:9ab6642d4160bc53,,,0.0163012,16.223,69,oF48,aflowlib.duke.edu:AFLOWDATA/LIB2_WEB/AgPt/f8962
Ag16Pt4,aflow:91e3fa293386716d,,,0.336218,19.7452,217,cI40,aflowlib.duke.edu:AFLOWDATA/LIB2_WEB/AgPt/373
Ag16Pt8,aflow:7f05064de497d432,,,0.328095,17.5558,194,hP24,aflowlib.duke.edu:AFLOWDATA/LIB2_WEB/AgPt/316
Ag16Pt8,aflow:8333581011212677,,,0.153347,18.2703,227,cF96,aflowlib.duke.edu:AFLOWDATA/LIB2_WEB/AgPt/262
Ag16Re8,aflow:2da4f62cde304fd7,,,0.911575,19.1578,227,cF96,aflowlib.duke.edu:AFLOWDATA/LIB2_WEB/AgRe_pv/262
Ag16Re8,aflow:701bac6bf7875c0a,,,0.957394,17.6736,194,hP24,aflowlib.duke.edu:AFLOWDATA/LIB2_WEB/AgRe_pv/316
Ag16Rh8,aflow:2f18c59f0d24e7f7,,,0.513671,17.6558,194,hP24,aflowlib.duke.edu:AFLOWDATA/LIB2_WEB/AgRh_pv/316
Ag16Rh8,aflow:8571235ef9f47277,,,0.376343,17.7774,227,cF96,aflowlib.duke.edu:AFLOWDATA/LIB2_WEB/AgRh_pv/262
Ag16Ru8,aflow:95a7465b4ffd7381,,,0.78498,17.7909,194,hP24,aflowlib.duke.edu:AFLOWDATA/LIB2_WEB/AgRu_pv/316
Ag16Ru8,aflow:adf7aac6ed84ef0d,,,0.673268,18.1663,227,cF96,aflowlib.duke.edu:AFLOWDATA/LIB2_WEB/AgRu_pv/262
Ag16S32Sn12,aflow:29cfab04e594310f,0.418,insulator-indirect,,22.2816,213,cP60,aflowlib.duke.edu:AFLOWDATA/ICSD_WEB/CUB/Ag4S8Sn3_ICSD_164435
Ag16S32Sn12,aflow:505aef4a57a1982a,0.429,insulator-indirect,,22.3198,213,cP60,aflowlib.duke.edu:AFLOWDATA/ICSD_WEB/CUB/Ag4S8Sn3_ICSD_164439
Ag16S32Sn12,aflow:5f8e067aebe3a91a,0.4243,insulator-indirect,,22.304,213,cP60,aflowlib.duke.edu:AFLOWDATA/ICSD_WEB/CUB/Ag4S8Sn3_ICSD_164441
Ag16S32Sn12,aflow:6b4320b379ae127f,0.4272,insulator-indirect,,22.3032,213,cP60,aflowlib.duke.edu:AFLOWDATA/ICSD_WEB/CUB/Ag4S8Sn3_ICSD_164440
Ag16S32Sn12,aflow:70488e9e177417b0,0.4142,insulator-indirect,,22.2823,213,cP60,aflowlib.duke.edu:AFLOWDATA/ICSD_WEB/CUB/Ag4S8Sn3_ICSD_164436
Ag16S32Sn12,aflow:8ed2c0c91ba2af90,0.4397,insulator-indirect,,22.291,213,cP60,aflowlib.duke.edu:AFLOWDATA/ICSD_WEB/CUB/Ag4S8Sn3_ICSD_164434
Ag16S32Sn12,aflow:934e54947c1ad75f,0.428,insulator-indirect,,22.2923,213,cP60,aflowlib.duke.edu:AFLOWDATA/ICSD_WEB/CUB/Ag4S8Sn3_ICSD_164437
Ag16S32Sn12,aflow:a4aa5fd7f5c11022,0.4251,insulator-indirect,,22.2928,213,cP60,aflowlib.duke.edu:AFLOWDATA/ICSD_WEB/CUB/Ag4S8Sn3_ICSD_164433
Ag16S32Sn12,aflow:ba7f012bb655f77c,0.4263,insulator-indirect,,22.3053,213,cP60,aflowlib.duke.edu:AFLOWDATA/ICSD_WEB/CUB/Ag4S8Sn3_ICSD_164438
Ag16S32Sn12,aflow:beca6b09ba957f3d,0.4232,insulator-indirect,,22.3113,213,cP60,aflowlib.duke.edu:AFLOWDATA/ICSD_WEB/CUB/Ag4S8Sn3_ICSD_164431
Ag16Sb4,aflow:0d8ff18bc8a944e7,,,0.11216,21.5651,217,cI40,aflowlib.duke.edu:AFLOWDATA/LIB2_WEB/AgSb/373
Ag16Sb8,aflow:01748c2ba8b46940,,,0.08994,22.6664,227,cF96,aflowlib.duke.edu:AFLOWDATA/LIB2_WEB/AgSb/262
Ag16Sb8,aflow:2bb4f30b2cb08c25,,,0.0355875,21.6142,194,hP24,aflowlib.duke.edu:AFLOWDATA/LIB2_WEB/AgSb/316
Ag16Sc4,aflow:822d5c9501e92674,,,0.058422,20.6517,217,cI40,aflowlib.duke.edu:AFLOWDATA/LIB2_WEB/AgSc_sv/373
Ag16Sc8,aflow:15d6745b925dd4f2,,,-0.100978,19.9884,194,hP24,aflowlib.duke.edu:AFLOWDATA/LIB2_WEB/AgSc_sv/316
Ag16Sc8,aflow:7b799e2c77f77d28,,,0.016465,21.6034,227,cF96,aflowlib.duke.edu:AFLOWDATA/LIB2_WEB/AgSc_sv/262
Ag16Se12Sn2,aflow:625faa0b7d86faa7,0.1505,insulator-direct,,24.192,31,oP30,aflowlib.duke.edu:AFLOWDATA/ICSD_WEB/ORC/Ag8Se6Sn1_ICSD_95093
Ag16Se4,aflow:a66c1667506aaccd,,,0.105319,20.7777,217,cI40,aflowlib.duke.edu:AFLOWDATA/LIB2_WEB/AgSe/373
Ag16Se8,aflow:09b4cccee679defa,,,-0.0595622,20.9093,227,cF96,aflowlib.duke.edu:AFLOWDATA/LIB2_WEB/AgSe/262
Ag16Se8,aflow:e802eb0d89adae2d,,,0.114989,23.1407,194,hP24,aflowlib.duke.edu:AFLOWDATA/LIB2_WEB/AgSe/316
Ag16Si10,aflow:6504546fb6330f6e,,,0.321334,17.3422,217,cI52,aflowlib.duke.edu:AFLOWDATA/LIB2_WEB/AgSi/468
Ag16Si4,aflow:65708e1bf1b892a6,,,0.242123,19.2312,217,cI40,aflowlib.duke.edu:AFLOWDATA/LIB2_WEB/AgSi/373
Ag16Si8,aflow:1ef830e2b28ad7e0,,,0.466818,19.8175,194,hP24,aflowlib.duke.edu:AFLOWDATA/LIB2_WEB/AgSi/316
Ag16Si8,aflow:6c5465b254b5847f,,,0.238768,17.3258,227,cF96,aflowlib.duke.edu:AFLOWDATA/LIB2_WEB/AgSi/262
Ag16Sn4,aflow:9a2a6243b9b3e9aa,,,0.157695,21.4779,217,cI40,aflowlib.duke.edu:AFLOWDATA/LIB2_WEB/AgSn/373
Ag16Sn8,aflow:768ad26bc1ccdc42,,,0.0213021,21.0757,194,hP24,aflowlib.duke.edu:AFLOWDATA/LIB2_WEB/AgSn/316
Ag16Sn8,aflow:a679779091f4fbe4,,,0.119689,21.6201,227,cF96,aflowlib.duke.edu:AFLOWDATA/LIB2_WEB/AgSn/262
Ag16Sn8,aflow:fec691dfd7c97012,,,0.00435575,20.5799,11,mP12,aflowlib.duke.edu:AFLOWDATA/LIB2_WEB/AgSn/381
Ag16Sr4,aflow:84321ccdc5611d8d,,,-0.145575,23.6755,217,cI40,aflowlib.duke.edu:AFLOWDATA/LIB2_WEB/AgSr_sv/373
Ag16Sr8,aflow:bc5964e31e4cb3bb,,,-0.245828,24.8791,194,hP24,aflowlib.duke.edu:AFLOWDATA/LIB2_WEB/AgSr_sv/316
Ag16Ta8,aflow:708b8105c38fd762,,,0.615155,18.143,194,hP24,aflowlib.duke.edu:AFLOWDATA/LIB2_WEB/AgTa_pv/316
Ag16Ta8,aflow:b7350a6473110b0d,,,0.595323,20.2879,227,cF96,aflowlib.duke.edu:AFLOWDATA/LIB2_WEB/AgTa_pv/262
Ag16Tc8,aflow:159a17c900d7ed53,,,0.741491,18.743,227,cF96,aflowlib.duke.edu:AFLOWDATA/LIB2_WEB/AgTc_pv/262
Ag16Tc8,aflow:dcace88c952d74d9,,,0.750792,18.1502,194,hP24,aflowlib.duke.edu:AFLOWDATA/LIB2_WEB/AgTc_pv/316
Ag16Te4,aflow:7fa3a16f25923e4e,,,0.105281,22.2812,217,cI40,aflowlib.duke.edu:AFLOWDATA/LIB2_WEB/AgTe/373
Ag16Te8,aflow:9a21bcb7f4dc1850,,,0.112909,23.8208,194,hP24,aflowlib.duke.edu:AFLOWDATA/LIB2_WEB/AgTe/316
Ag16Te8,aflow:ca806c8f37b5e869,,,0.0106725,24.8644,227,cF96,aflowlib.duke.edu:AFLOWDATA/LIB2_WEB/AgTe/262
Ag16Ti4,aflow:ed74f555b1beef60,,,0.398967,20.0575,217,cI40,aflowlib.duke.edu:AFLOWDATA/LIB2_WEB/AgTi_sv/373
Ag16Ti8,aflow:2510b10030de02c5,,,0.253523,19.0424,227,cF96,aflowlib.duke.edu:AFLOWDATA/LIB2_WEB/AgTi_sv/262
Ag16Ti8,aflow:3076bcf788c10b4f,,,0.247254,18.7454,194,hP24,aflowlib.duke.edu:AFLOWDATA/LIB2_WEB/AgTi_sv/316
Ag16Tl8,aflow:b2d4e5c63797de69,,,0.249516,22.5189,227,cF96,aflowlib.duke.edu:AFLOWDATA/LIB2_WEB/AgTl_d/262
Ag16Tl8,aflow:cc5a51ce17391bc7,,,0.081408,21.8854,194,hP24,aflowlib.duke.edu:AFLOWDATA/LIB2_WEB/AgTl_d/316
Ag16V8,aflow:e4c3d656c56d12a7,,,0.517889,18.056,227,cF96,aflowlib.duke.edu:AFLOWDATA/LIB2_WEB/AgV_sv/262
Ag16V8,aflow:fed756d7754d0a0f,,,0.562746,18.66,194,hP24,aflowlib.duke.edu:AFLOWDATA/LIB2_WEB/AgV_sv/316
Ag16W8,aflow:782135d6c8a2be46,,,0.927396,17.8326,194,hP24,aflowlib.duke.edu:AFLOWDATA/LIB2_WEB/AgW_pv/316
Ag16W8,aflow:d5009c1833444c6a,,,0.896191,19.8681,227,cF96,aflowlib.duke.edu:AFLOWDATA/LIB2_WEB/AgW_pv/262
Ag16Y4,aflow:8ddd1a70922e049d,,,-0.0899382,21.6304,217,cI40,aflowlib.duke.edu:AFLOWDATA/LIB2_WEB/AgY_sv/373
Ag16Y8,aflow:0dad770ced57e5f6,,,-0.209852,21.7999,194,hP24,aflowlib.duke.edu:AFLOWDATA/LIB2_WEB/AgY_sv/316
Ag16Y8,aflow:1e0a04092fd142df,,,-0.0119518,25.8974,227,cF96,aflowlib.duke.edu:AFLOWDATA/LIB2_WEB/AgY_sv/262
Ag16Zn4,aflow:e08b7e8ff0b40db5,,,0.196016,19.5994,217,cI40,aflowlib.duke.edu:AFLOWDATA/LIB2_WEB/AgZn/373
Ag16Zn8,aflow:926add6aad0957b5,,,0.205145,19.1868,194,hP24,aflowlib.duke.edu:AFLOWDATA/LIB2_WEB/AgZn/316
Ag16Zn8,aflow:bf32426d2bb425ae,,,0.00692538,17.162,227,cF96,aflowlib.duke.edu:AFLOWDATA/LIB2_WEB/AgZn/262
Ag16Zr4,aflow:f3e1fcfc2db8c5c3,,,0.241619,20.2401,217,cI40,aflowlib.duke.edu:AFLOWDATA/LIB2_WEB/AgZr_sv/373
Ag16Zr8,aflow:184e2d273e719e4b,,,0.21195,22.1948,227,cF96,aflowlib.duke.edu:AFLOWDATA/LIB2_WEB/AgZr_sv/262
Ag16Zr8,aflow:6b64e77638da09f0,,,0.091335,19.8813,194,hP24,aflowlib.duke.edu:AFLOWDATA/LIB2_WEB/AgZr_sv/316
Ag17Al12,aflow:dae7765d7ac624c1,,,-0.0201632,17.2147,217,cI58,aflowlib.duke.edu:AFLOWDATA/LIB2_WEB/AgAl/560
Ag17As12,aflow:0d5eec17a2c4264e,,,0.222193,19.1736,217,cI58,aflowlib.duke.edu:AFLOWDATA/LIB2_WEB/AgAs/560
Ag17Au12,aflow:1ee434f47a9cc420,,,-0.00207983,18.5623,217,cI58,aflowlib.duke.edu:AFLOWDATA/LIB2_WEB/AgAu/560
Ag17B12,aflow:95e53c5a0a55ea96,,,0.707645,15.4277,217,cI58,aflowlib.duke.edu:AFLOWDATA/LIB2_WEB/AgB_h/560
Ag17Ba12,aflow:41e8a98727c1e9cd,,,-0.00936345,42.087,217,cI58,aflowlib.duke.edu:AFLOWDATA/LIB2_WEB/AgBa_sv/560
Ag17Be12,aflow:17c58103d7034062,,,0.20516,14.1314,217,cI58,aflowlib.duke.edu:AFLOWDATA/LIB2_WEB/AgBe_sv/560
Ag17C12,aflow:be678d34abb04a8a,,,1.26206,16.0357,217,cI58,aflowlib.duke.edu:AFLOWDATA/LIB2_WEB/AgC/560
Ag17Ca12,aflow:5382ff1100aa7eb8,,,-0.0211961,26.0128,217,cI58,aflowlib.duke.edu:AFLOWDATA/LIB2_WEB/AgCa_sv/560
Ag17Cd12,aflow:5f57e7a6804d72c2,,,0.001447,19.5552,217,cI58,aflowlib.duke.edu:AFLOWDATA/LIB2_WEB/AgCd/560
Ag17Ga12,aflow:59753294effc2081,,,-0.00364538,17.6792,217,cI58,aflowlib.duke.edu:AFLOWDATA/LIB2_WEB/AgGa_h/560
Ag17Hf12,aflow:6f8cf28c5df569ba,,,0.280563,20.1859,217,cI58,aflowlib.duke.edu:AFLOWDATA/LIB2_WEB/AgHf_pv/560
Ag17In12,aflow:28038032bc3949fa,,,-0.0254311,21.1599,217,cI58,aflowlib.duke.edu:AFLOWDATA/LIB2_WEB/AgIn_d/560
Ag17K12,aflow:701ef6e48ebd2b37,,,0.258651,35.8372,217,cI58,aflowlib.duke.edu:AFLOWDATA/LIB2_WEB/AgK_sv/560
Ag17La12,aflow:801257dcbeda268d,,,0.0139723,26.0035,217,cI58,aflowlib.duke.edu:AFLOWDATA/LIB2_WEB/AgLa/560
Ag17Li12,aflow:9c1600ea6c5c015c,,,-0.154836,16.5462,217,cI58,aflowlib.duke.edu:AFLOWDATA/LIB2_WEB/AgLi_sv/560
Ag17Mg12,aflow:ce3bd501e2c2252f,,,-0.0815604,18.7247,217,cI58,aflowlib.duke.edu:AFLOWDATA/LIB2_WEB/AgMg_pv/560
Ag17Mg54,aflow:9e15108e8dd4e78c,0,metal,,20.958,71,oI142,aflowlib.duke.edu:AFLOWDATA/ICSD_WEB/ORCI/Ag17Mg54_ICSD_58327
Ag17Mg54,aflow:c1311ab3344021d5,,,-0.141585,20.7331,71,oI142,aflowlib.duke.edu:AFLOWDATA/LIB2_WEB/AgMg_pv/ICSD_58327.AB
Ag17Na12,aflow:baa4f1222187549e,,,0.0730337,20.6962,217,cI58,aflowlib.duke.edu:AFLOWDATA/LIB2_WEB/AgNa_sv/560
Ag17P12,aflow:66a4acdc59ddbc81,,,0.32675,17.9363,217,cI58,aflowlib.duke.edu:AFLOWDATA/LIB2_WEB/AgP/560
Ag17Pb12,aflow:b13e138173ee67a4,,,0.218162,24.2674,217,cI58,aflowlib.duke.edu:AFLOWDATA/LIB2_WEB/AgPb_d/560
Ag17Pd12,aflow:262faceb6706c760,,,-0.0157513,17.155,217,cI58,aflowlib.duke.edu:AFLOWDATA/LIB2_WEB/AgPd_pv/560
Ag17Pt12,aflow:a838d602955838d9,,,0.0374204,17.3497,217,cI58,aflowlib.duke.edu:AFLOWDATA/LIB2_WEB/AgPt/560
Ag17Sc12,aflow:e30c866a8987decf,,,0.0154855,20.1496,217,cI58,aflowlib.duke.edu:AFLOWDATA/LIB2_WEB/AgSc_sv/560
Ag17Se12,aflow:337deef0ac6e01e8,,,0.130947,21.2728,217,cI58,aflowlib.duke.edu:AFLOWDATA/LIB2_WEB/AgSe/560
Ag17Sn12,aflow:151051715e35f19a,,,0.109428,22.0456,217,cI58,aflowlib.duke.edu:AFLOWDATA/LIB2_WEB/AgSn/560
Ag17Te12,aflow:1bf6614f0eb53e78,,,0.147046,25.5924,217,cI58,aflowlib.duke.edu:AFLOWDATA/LIB2_WEB/AgTe/560
Ag17Ti12,aflow:d5b26112c6380066,,,0.177306,17.7423,217,cI58,aflowlib.duke.edu:AFLOWDATA/LIB2_WEB/AgTi_sv/560
Ag17Tl12,aflow:26e69d7a41cbce5d,,,0.225398,23.0211,217,cI58,aflowlib.duke.edu:AFLOWDATA/LIB2_WEB/AgTl_d/560
Ag17Y12,aflow:0c8ad5624af70462,,,0.0427866,24.193,217,cI58,aflowlib.duke.edu:AFLOWDATA/LIB2_WEB/AgY_sv/560
Ag17Zn12,aflow:e3dea0d6b59d3b87,,,-0.0505241,16.552,217,cI58,aflowlib.duke.edu:AFLOWDATA/LIB2_WEB/AgZn/560
Ag17Zr12,aflow:108a8b6c2422f5ca,,,0.22171,20.6221,217,cI58,aflowlib.duke.edu:AFLOWDATA/LIB2_WEB/AgZr_sv/560
Ag18Al6,aflow:9c0c6f7fcd4aa653,,,-0.0564609,17.1305,59,oP24,aflowlib.duke.edu:AFLOWDATA/LIB2_WEB/AgAl/243
Ag18Al6,aflow:acc437c213751aec,,,-0.0521272,17.1459,194,hP24,aflowlib.duke.edu:AFLOWDATA/LIB2_WEB/AgAl/239
Ag18As6,aflow:27f337d8fdae2677,,,0.0821305,18.2541,59,oP24,aflowlib.duke.edu:AFLOWDATA/LIB2_WEB/AgAs/243
Ag18As6,aflow:949a174444fe356c,,,0.0812045,18.154,194,hP24,aflowlib.duke.edu:AFLOWDATA/LIB2_WEB/AgAs/239
Ag18Au6,aflow:2f55b9c2e238eea9,,,-0.0444129,17.9199,59,oP24,aflowlib.duke.edu:AFLOWDATA/LIB2_WEB/AgAu/243
Ag18Au6,aflow:93dc810d8c30f10d,,,-0.0425434,17.8773,194,hP24,aflowlib.duke.edu:AFLOWDATA/LIB2_WEB/AgAu/239
Ag18B6,aflow:8b51f920844a8bef,,,0.820626,15.7481,194,hP24,aflowlib.duke.edu:AFLOWDATA/LIB2_WEB/AgB_h/239
Ag18Be6,aflow:13cef2463224a792,,,0.211658,15.8962,59,oP24,aflowlib.duke.edu:AFLOWDATA/LIB2_WEB/AgBe_sv/243
Ag18Be6,aflow:fa0e30dde13bdb56,,,0.212147,15.8946,194,hP24,aflowlib.duke.edu:AFLOWDATA/LIB2_WEB/AgBe_sv/239
Ag18Bi6,aflow:0338479bfa137ec3,,,0.04679,20.9244,194,hP24,aflowlib.duke.edu:AFLOWDATA/LIB2_WEB/AgBi_d/239
Ag18Bi6,aflow:74a65df9fb92586b,,,0.0502488,20.9777,59,oP24,aflowlib.duke.edu:AFLOWDATA/LIB2_WEB/AgBi_d/243
Ag18Br6,aflow:753093979f71fa05,,,0.0472215,22.7352,59,oP24,aflowlib.duke.edu:AFLOWDATA/LIB2_WEB/AgBr/243
Ag18C6,aflow:687e85dc47f8ca15,,,0.986277,16.2008,59,oP24,aflowlib.duke.edu:AFLOWDATA/LIB2_WEB/AgC/243
Ag18C6,aflow:d26d21ab4c13ddb9,,,1.32758,16.0122,194,hP24,aflowlib.duke.edu:AFLOWDATA/LIB2_WEB/AgC/239
Ag18Ca6,aflow:5fdbd7b26f02f27f,,,-0.182133,21.2531,194,hP24,aflowlib.duke.edu:AFLOWDATA/LIB2_WEB/AgCa_sv/239
Ag18Cd6,aflow:0eaf9615b3098dc3,,,-0.0550569,18.5582,59,oP24,aflowlib.duke.edu:AFLOWDATA/LIB2_WEB/AgCd/243
Ag18Cd6,aflow:3a4c8320ef09f261,,,-0.0546123,18.5166,194,hP24,aflowlib.duke.edu:AFLOWDATA/LIB2_WEB/AgCd/239
Ag18Cl6,aflow:26fa099fa4467934,,,-0.0212136,21.704,59,oP24,aflowlib.duke.edu:AFLOWDATA/LIB2_WEB/AgCl/243
Ag18Cl6,aflow:8380a3cb7aa900e1,,,-0.0144694,19.9855,194,hP24,aflowlib.duke.edu:AFLOWDATA/LIB2_WEB/AgCl/239
Ag18Co6,aflow:0dc33141559a509e,,,0.369475,16.3107,194,hP24,aflowlib.duke.edu:AFLOWDATA/LIB2_WEB/AgCo/239
Ag18Co6,aflow:25d90d8287c789f5,,,0.357374,16.3507,59,oP24,aflowlib.duke.edu:AFLOWDATA/LIB2_WEB/AgCo/243
Ag18Cr6,aflow:0d1ea0b03027b8aa,,,0.257646,17.6094,194,hP24,aflowlib.duke.edu:AFLOWDATA/LIB2_WEB/AgCr_pv/239
Ag18Cr6,aflow:fa972c16f19f56dc,,,0.259361,17.503,59,oP24,aflowlib.duke.edu:AFLOWDATA/LIB2_WEB/AgCr_pv/243
Ag18Cu6,aflow:1cac8a44de38c8f9,,,0.0767298,16.6184,59,oP24,aflowlib.duke.edu:AFLOWDATA/LIB2_WEB/AgCu_pv/243
Ag18Cu6,aflow:fc706cba10b6eb83,,,0.0788716,16.5958,194,hP24,aflowlib.duke.edu:AFLOWDATA/LIB2_WEB/AgCu_pv/239
Ag18Fe6,aflow:1a69d1d212396d93,,,0.363946,16.7127,194,hP24,aflowlib.duke.edu:AFLOWDATA/LIB2_WEB/AgFe_pv/239
Ag18Fe6,aflow:ca1777ea6f8c69c0,,,0.320172,16.6212,59,oP24,aflowlib.duke.edu:AFLOWDATA/LIB2_WEB/AgFe_pv/243
Ag18Ga6,aflow:157476bd90b63956,,,-0.0172883,17.6253,194,hP24,aflowlib.duke.edu:AFLOWDATA/LIB2_WEB/AgGa_h/239
Ag18Ga6,aflow:55b717a1de2bd521,,,-0.0210265,17.65,59,oP24,aflowlib.duke.edu:AFLOWDATA/LIB2_WEB/AgGa_h/243
Ag18Ge6,aflow:c7b3fd3e549e4d91,,,0.08481,18.0811,59,oP24,aflowlib.duke.edu:AFLOWDATA/LIB2_WEB/AgGe_h/243
Ag18Ge6,aflow:cb8ca40e2a48911f,,,0.0944498,18.0859,194,hP24,aflowlib.duke.edu:AFLOWDATA/LIB2_WEB/AgGe_h/239
Ag18Hf6,aflow:6d9bc07ada294c2c,,,0.150302,18.934,194,hP24,aflowlib.duke.edu:AFLOWDATA/LIB2_WEB/AgHf_pv/239
Ag18Hf6,aflow:7f86694dbd4d35ae,,,0.0281137,18.4577,59,oP24,aflowlib.duke.edu:AFLOWDATA/LIB2_WEB/AgHf_pv/243
Ag18Hg6,aflow:625eced015a95954,,,0.0205133,18.9234,59,oP24,aflowlib.duke.edu:AFLOWDATA/LIB2_WEB/AgHg/243
Ag18Hg6,aflow:aaa2965365583725,,,0.0190918,18.9407,194,hP24,aflowlib.duke.edu:AFLOWDATA/LIB2_WEB/AgHg/239
Ag18In6,aflow:6ce000ba580a9bc0,,,-0.0526654,18.9212,59,oP24,aflowlib.duke.edu:AFLOWDATA/LIB2_WEB/AgIn_d/243
Ag18In6,aflow:c0de0853d83c38a8,,,-0.0467602,18.9196,194,hP24,aflowlib.duke.edu:AFLOWDATA/LIB2_WEB/AgIn_d/239
Ag18Ir6,aflow:2544602ae63ee83c,,,0.417966,16.8619,194,hP24,aflowlib.duke.edu:AFLOWDATA/LIB2_WEB/AgIr/239
Ag18Ir6,aflow:2df7ae78387686b7,,,0.425361,16.8667,59,oP24,aflowlib.duke.edu:AFLOWDATA/LIB2_WEB/AgIr/243
Ag18K6,aflow:301245d24a6aa69d,,,0.194051,25.1544,194,hP24,aflowlib.duke.edu:AFLOWDATA/LIB2_WEB/AgK_sv/239
Ag18K6,aflow:4a4a870636d1b0ad,,,0.0900502,26.1125,59,oP24,aflowlib.duke.edu:AFLOWDATA/LIB2_WEB/AgK_sv/243
Ag18La6,aflow:08a0ed747fa4c0ec,,,-0.203078,23.0885,59,oP24,aflowlib.duke.edu:AFLOWDATA/LIB2_WEB/AgLa/243
Ag18La6,aflow:31a422504d6161a3,,,-0.116722,23.6792,194,hP24,aflowlib.duke.edu:AFLOWDATA/LIB2_WEB/AgLa/239
Ag18Li6,aflow:f4c6f4e76e98a864,,,-0.145788,17.1659,194,hP24,aflowlib.duke.edu:AFLOWDATA/LIB2_WEB/AgLi_sv/239
Ag18Mg6,aflow:8d66e09860548a8a,,,-0.169727,17.9872,194,hP24,aflowlib.duke.edu:AFLOWDATA/LIB2_WEB/AgMg_pv/239
Ag18Mg6,aflow:cea67778b957cd0e,,,-0.170018,18.0307,59,oP24,aflowlib.duke.edu:AFLOWDATA/LIB2_WEB/AgMg_pv/243
Ag18Mg6,aflow:e4a86d80171389cc,,,-0.0874967,19.0536,185,hP24,aflowlib.duke.edu:AFLOWDATA/LIB2_WEB/AgMg_pv/553
Ag18Mn6,aflow:c4233d2d7b3394ba,,,0.143936,17.1995,59,oP24,aflowlib.duke.edu:AFLOWDATA/LIB2_WEB/AgMn_pv/243
Ag18Mn6,aflow:dfd71663519507d2,,,0.17596,17.3797,194,hP24,aflowlib.duke.edu:AFLOWDATA/LIB2_WEB/AgMn_pv/239
Ag18Mo6,aflow:0c606602af4249f4,,,0.645904,17.7981,59,oP24,aflowlib.duke.edu:AFLOWDATA/LIB2_WEB/AgMo_pv/243
Ag18Mo6,aflow:6085a2d87b5a3d88,,,0.690486,18.2858,194,hP24,aflowlib.duke.edu:AFLOWDATA/LIB2_WEB/AgMo_pv/239
Ag18Na6,aflow:05851ce44cf4694b,,,-0.0023405,19.3189,194,hP24,aflowlib.duke.edu:AFLOWDATA/LIB2_WEB/AgNa_sv/239
Ag18Nb6,aflow:11e274115893b48d,,,0.350194,17.6756,59,oP24,aflowlib.duke.edu:AFLOWDATA/LIB2_WEB/AgNb_sv/243
Ag18Nb6,aflow:f19cabf4f74fb3b6,,,0.490008,18.3598,194,hP24,aflowlib.duke.edu:AFLOWDATA/LIB2_WEB/AgNb_sv/239
Ag18Ni6,aflow:312ff76a8410dcfd,,,0.184749,16.1469,59,oP24,aflowlib.duke.edu:AFLOWDATA/LIB2_WEB/AgNi_pv/243
Ag18Ni6,aflow:8b149bde955dc5e0,,,0.187675,16.2292,194,hP24,aflowlib.duke.edu:AFLOWDATA/LIB2_WEB/AgNi_pv/239
Ag18O21Si6,aflow:3003830ee3817fab,0.7077,insulator-direct,-0.320813,15.0594,12,mS90,aflowlib.duke.edu:AFLOWDATA/ICSD_WEB/MCLC/Ag18O21Si6_ICSD_33907
Ag18Os6,aflow:b44e239dfdca2c01,,,0.801581,17.0256,59,oP24,aflowlib.duke.edu:AFLOWDATA/LIB2_WEB/AgOs_pv/243
Ag18Os6,aflow:faf5d3a6f76da5f5,,,0.802574,16.7685,194,hP24,aflowlib.duke.edu:AFLOWDATA/LIB2_WEB/AgOs_pv/239
Ag18P6,aflow:16847cce31e87144,,,0.168164,17.729,59,oP24,aflowlib.duke.edu:AFLOWDATA/LIB2_WEB/AgP/243
Ag18P6,aflow:2c243eafc0750834,,,0.17544,17.2827,194,hP24,aflowlib.duke.edu:AFLOWDATA/LIB2_WEB/AgP/239
Ag18Pb6,aflow:1477d81eb7e6f5b5,,,0.0704251,20.6362,194,hP24,aflowlib.duke.edu:AFLOWDATA/LIB2_WEB/AgPb_d/239
Ag18Pb6,aflow:7533f4ad52600e52,,,0.0652334,20.6045,59,oP24,aflowlib.duke.edu:AFLOWDATA/LIB2_WEB/AgPb_d/243
Ag18Pd6,aflow:242f4c585cea1a7b,,,-0.0538841,17.1382,59,oP24,aflowlib.duke.edu:AFLOWDATA/LIB2_WEB/AgPd_pv/243
Ag18Pd6,aflow:75a7bf1e287e485a,,,-0.0531507,17.171,194,hP24,aflowlib.duke.edu:AFLOWDATA/LIB2_WEB/AgPd_pv/239
Ag18Pt6,aflow:368b0294519b5e54,,,0.0174993,17.1943,59,oP24,aflowlib.duke.edu:AFLOWDATA/LIB2_WEB/AgPt/243
Ag18Pt6,aflow:d8ac796ae6cdfc43,,,0.0146891,17.1366,194,hP24,aflowlib.duke.edu:AFLOWDATA/LIB2_WEB/AgPt/239
Ag18Re6,aflow:22fdb15321e2acb1,,,0.865804,17.2117,59,oP24,aflowlib.duke.edu:AFLOWDATA/LIB2_WEB/AgRe_pv/243
Ag18Re6,aflow:833521ab60c8a0c9,,,0.912985,16.9797,194,hP24,aflowlib.duke.edu:AFLOWDATA/LIB2_WEB/AgRe_pv/239
Ag18Rh6,aflow:1b0e4d3d0c917207,,,0.215304,16.8769,194,hP24,aflowlib.duke.edu:AFLOWDATA/LIB2_WEB/AgRh_pv/239
Ag18Rh6,aflow:ea6c988fdd470159,,,0.202672,16.8545,59,oP24,aflowlib.duke.edu:AFLOWDATA/LIB2_WEB/AgRh_pv/243
Ag18Ru6,aflow:e223d87e12a96dd3,,,0.515702,17.0051,59,oP24,aflowlib.duke.edu:AFLOWDATA/LIB2_WEB/AgRu_pv/243
Ag18Ru6,aflow:e317c346d0b0d204,,,0.54403,17.0708,194,hP24,aflowlib.duke.edu:AFLOWDATA/LIB2_WEB/AgRu_pv/239
Ag18Sb6,aflow:1a4216a887f36db9,,,-0.0386272,19.769,194,hP24,aflowlib.duke.edu:AFLOWDATA/LIB2_WEB/AgSb/239
Ag18Sb6,aflow:915f1a4ee3b66ea0,,,-0.0323172,19.8875,59,oP24,aflowlib.duke.edu:AFLOWDATA/LIB2_WEB/AgSb/243
Ag18Sc6,aflow:c9a22f9733fd3fd2,,,-0.214126,18.5918,59,oP24,aflowlib.duke.edu:AFLOWDATA/LIB2_WEB/AgSc_sv/243
Ag18Sc6,aflow:e2d9f4f2fcb37ac8,,,-0.131997,18.9687,194,hP24,aflowlib.duke.edu:AFLOWDATA/LIB2_WEB/AgSc_sv/239
Ag18Se6,aflow:00746d489b4ac619,,,0.00601258,18.7577,194,hP24,aflowlib.duke.edu:AFLOWDATA/LIB2_WEB/AgSe/239
Ag18Se6,aflow:d7d7aee77769ac97,,,0.0375859,18.9077,59,oP24,aflowlib.duke.edu:AFLOWDATA/LIB2_WEB/AgSe/243
Ag18Si6,aflow:6d5145b924ded53e,,,0.179046,17.1307,59,oP24,aflowlib.duke.edu:AFLOWDATA/LIB2_WEB/AgSi/243
Ag18Si6,aflow:be6e93e2304190ee,,,0.185828,17.1014,194,hP24,aflowlib.duke.edu:AFLOWDATA/LIB2_WEB/AgSi/239
Ag18Sn6,aflow:6c4de2d8403471c9,,,-0.0212772,19.3923,194,hP24,aflowlib.duke.edu:AFLOWDATA/LIB2_WEB/AgSn/239
Ag18Sn6,aflow:cca9f5e61e389927,,,-0.0265282,19.3981,59,oP24,aflowlib.duke.edu:AFLOWDATA/LIB2_WEB/AgSn/243
Ag18Ta6,aflow:46de86c5924b107e,,,0.446467,17.5774,59,oP24,aflowlib.duke.edu:AFLOWDATA/LIB2_WEB/AgTa_pv/243
Ag18Ta6,aflow:86f543309e89f6e2,,,0.574352,18.0647,194,hP24,aflowlib.duke.edu:AFLOWDATA/LIB2_WEB/AgTa_pv/239
Ag18Tc6,aflow:32960fb491f4d81d,,,0.655075,17.8208,194,hP24,aflowlib.duke.edu:AFLOWDATA/LIB2_WEB/AgTc_pv/239
Ag18Tc6,aflow:9716125b7b318ac2,,,0.588962,17.4132,59,oP24,aflowlib.duke.edu:AFLOWDATA/LIB2_WEB/AgTc_pv/243
Ag18Te6,aflow:af92aa8060b7c784,,,0.0480214,20.6455,59,oP24,aflowlib.duke.edu:AFLOWDATA/LIB2_WEB/AgTe/243
Ag18Te6,aflow:f68056273a070863,,,0.0090775,20.4842,194,hP24,aflowlib.duke.edu:AFLOWDATA/LIB2_WEB/AgTe/239
Ag18Ti6,aflow:105da6a7587db675,,,0.0946595,17.3741,59,oP24,aflowlib.duke.edu:AFLOWDATA/LIB2_WEB/AgTi_sv/243
Ag18Ti6,aflow:b2ccd7024fd5817f,,,0.17777,17.9867,194,hP24,aflowlib.duke.edu:AFLOWDATA/LIB2_WEB/AgTi_sv/239
Ag18Tl6,aflow:19ec7c6cf485f7bf,,,0.0797784,19.8874,59,oP24,aflowlib.duke.edu:AFLOWDATA/LIB2_WEB/AgTl_d/243
Ag18Tl6,aflow:ecd4fe269d7a5231,,,0.0851761,19.8638,194,hP24,aflowlib.duke.edu:AFLOWDATA/LIB2_WEB/AgTl_d/239
Ag18V6,aflow:65ad4a6231bd1129,,,0.330148,17.3783,59,oP24,aflowlib.duke.edu:AFLOWDATA/LIB2_WEB/AgV_sv/243
Ag18V6,aflow:85af84ea37e73a8a,,,0.329098,17.5445,194,hP24,aflowlib.duke.edu:AFLOWDATA/LIB2_WEB/AgV_sv/239
Ag18W6,aflow:5df676e743783daa,,,0.910723,17.5073,194,hP24,aflowlib.duke.edu:AFLOWDATA/LIB2_WEB/AgW_pv/239
Ag18Y6,aflow:63de1a8cd354d19a,,,-0.249752,20.6658,59,oP24,aflowlib.duke.edu:AFLOWDATA/LIB2_WEB/AgY_sv/243
Ag18Y6,aflow:a7ef5d17001040db,,,-0.17155,21.2679,194,hP24,aflowlib.duke.edu:AFLOWDATA/LIB2_WEB/AgY_sv/239
Ag18Zn6,aflow:85c2266bce6fdcfd,,,-0.0277306,17.0971,59,oP24,aflowlib.duke.edu:AFLOWDATA/LIB2_WEB/AgZn/243
Ag18Zn6,aflow:d5fd9bcfee07f12d,,,-0.0301863,17.024,194,hP24,aflowlib.duke.edu:AFLOWDATA/LIB2_WEB/AgZn/239
Ag18Zr6,aflow:47b174070679ef3a,,,-0.0115567,18.8357,59,oP24,aflowlib.duke.edu:AFLOWDATA/LIB2_WEB/AgZr_sv/243
Ag18Zr6,aflow:a0478a35b83b7a1d,,,0.116423,19.4113,194,hP24,aflowlib.duke.edu:AFLOWDATA/LIB2_WEB/AgZr_sv/239
Ag1Al1,aflow:387717185b305e3a,,,-0.041831,16.9758,166,hR2,aflowlib.duke.edu:AFLOWDATA/LIB2_WEB/AgAl/4
Ag1Al1,aflow:4fe550429597790c,,,-0.0075495,17.0172,123,tP2,aflowlib.duke.edu:AFLOWDATA/LIB2_WEB/AgAl/3
Ag1Al1,aflow:63e72cafa3b12a62,,,-0.0463165,16.9283,187,hP2,aflowlib.duke.edu:AFLOWDATA/LIB2_WEB/AgAl/116
Ag1Al1,aflow:71a087ffe5c9b367,,,0.519102,25.6835,216,cF8,aflowlib.duke.edu:AFLOWDATA/LIB2_WEB/AgAl/218
Ag1Al1,aflow:96c5cbc78a9d8928,,,-0.0400585,16.9183,166,hR2,aflowlib.duke.edu:AFLOWDATA/LIB2_WEB/AgAl/f3
Ag1Al1,aflow:b340abf36e67ee9d,,,0.247581,19.7247,225,cF8,aflowlib.duke.edu:AFLOWDATA/LIB2_WEB/AgAl/201
Ag1Al1,aflow:b7f90e123339e3fb,,,0.0431385,17.0048,221,cP2,aflowlib.duke.edu:AFLOWDATA/LIB2_WEB/AgAl/61
Ag1Al1,aflow:c2d4a10115e86c54,,,0.0121255,17.3324,65,oS4,aflowlib.duke.edu:AFLOWDATA/LIB2_WEB/AgAl/60
Ag1Al1,aflow:c7e80a051bbe9d08,,,-0.007689,17.0692,123,tP2,aflowlib.duke.edu:AFLOWDATA/LIB2_WEB/AgAl/f4
Ag1Al1As1,aflow:0bee96633c9cd200,,,0.133538,18.5453,42,oF12,aflowlib.duke.edu:AFLOWDATA/LIB3_WEB/AgAlAs/TBCC001.ABC
Ag1Al1As1,aflow:2053541f37f5da23,0,metal,0.85309,20.2424,216,cF12,aflowlib.duke.edu:AFLOWDATA/LIB3_WEB/AgAlAs/T0003.ABC:LDAU2
Ag1Al1As1,aflow:263800d350e4cb59,,,0.137471,21.2196,216,cF12,aflowlib.duke.edu:AFLOWDATA/LIB3_WEB/AgAlAs/T0003.BCA
Ag1Al1As1,aflow:39122c832e531557,,,0.139219,18.2666,107,tI6,aflowlib.duke.edu:AFLOWDATA/LIB3_WEB/AgAlAs/TFCC003.ABC
Ag1Al1As1,aflow:4c695fbcade7b01f,,,0.138116,20.6088,216,cF12,aflowlib.duke.edu:AFLOWDATA/LIB3_WEB/AgAlAs/T0003.CAB
Ag1Al1As1,aflow:6feefab6b85be62a,,,0.176857,18.4764,107,tI6,aflowlib.duke.edu:AFLOWDATA/LIB3_WEB/AgAlAs/TBCC003.ABC
Ag1Al1As1,aflow:8e22c5b079ebd248,,,0.1505,18.5955,156,hP3,aflowlib.duke.edu:AFLOWDATA/LIB3_WEB/AgAlAs/TBCC002.ABC
Ag1Al1As1,aflow:a7d866fe125630d5,0,metal,0.998228,20.6111,216,cF12,aflowlib.duke.edu:AFLOWDATA/LIB3_WEB/AgAlAs/T0003.CAB:LDAU2
Ag1Al1As1,aflow:e92b8139f03dfc0e,,,0.042024,20.1403,216,cF12,aflowlib.duke.edu:AFLOWDATA/LIB3_WEB/AgAlAs/T0003.proto
Ag1Al1As1,aflow:ea63c0f4f72caa44,0,metal,0.923816,21.3731,216,cF12,aflowlib.duke.edu:AFLOWDATA/LIB3_WEB/AgAlAs/T0003.BCA:LDAU2
Ag1Al1As1,aflow:eb5f9776a545767d,,,0.0694177,18.683,156,hP3,aflowlib.duke.edu:AFLOWDATA/LIB3_WEB/AgAlAs/TFCC001.ABC
Ag1Al1As1,aflow:eb4afc998d9a5c70,,,0.15328,18.3253,44,oI6,aflowlib.duke.edu:AFLOWDATA/LIB3_WEB/AgAlAs/TFCC002.ABC
Ag1Al1As1,aflow:f1c8a9970ec87a3d,,,0.0420367,20.174,216,cF12,aflowlib.duke.edu:AFLOWDATA/LIB3_WEB/AgAlAs/T0003.ABC
Ag1Al1As2,aflow:05ee886b34da7910,,,0.234782,18.6827,10,mP4,aflowlib.duke.edu:AFLOWDATA/LIB3_WEB/AgAlAs/TFCC014.CAB
Ag1Al1As2,aflow:10f92650184f9e79,,,0.299517,18.7459,216,cF16,aflowlib.duke.edu:AFLOWDATA/LIB3_WEB/AgAlAs/T0002.ABC2
Ag1Al1As2,aflow:1603b5ea61de0caf,,,-0.0106454,22.0388,6,mP4,aflowlib.duke.edu:AFLOWDATA/LIB3_WEB/AgAlAs/TBCC005.CAB
Ag1Al1As2,aflow:236b4e1e59914b5e,0,metal,0.906126,18.8318,216,cF16,aflowlib.duke.edu:AFLOWDATA/LIB3_WEB/AgAlAs/T0002.ABC2:LDAU2
Ag1Al1As2,aflow:25535609c3b664b0,,,0.085283,19.9796,8,mS8,aflowlib.duke.edu:AFLOWDATA/LIB3_WEB/AgAlAs/TFCC006.CAB
Ag1Al1As2,aflow:27866a1c0d33a1f8,,,0.174084,19.5458,12,mS8,aflowlib.duke.edu:AFLOWDATA/LIB3_WEB/AgAlAs/TFCC011.CAB
Ag1Al1As2,aflow:2b4d248147e5d32b,,,0.209249,18.7614,35,oS8,aflowlib.duke.edu:AFLOWDATA/LIB3_WEB/AgAlAs/TBCC004.CAB
Ag1Al1As2,aflow:419600df66ab2ca7,,,0.188162,18.5394,65,oS8,aflowlib.duke.edu:AFLOWDATA/LIB3_WEB/AgAlAs/TBCC009.CAB
Ag1Al1As2,aflow:457c78aabae1b090,,,0.17322,18.4986,123,tP4,aflowlib.duke.edu:AFLOWDATA/LIB3_WEB/AgAlAs/TBCC016.CAB
Ag1Al1As2,aflow:49e9e4b314eb853a,,,0.171543,18.5743,47,oP4,aflowlib.duke.edu:AFLOWDATA/LIB3_WEB/AgAlAs/TFCC010.CAB
Ag1Al1As2,aflow:6340d1afcdb0c329,,,0.108112,20.6115,25,oP4,aflowlib.duke.edu:AFLOWDATA/LIB3_WEB/AgAlAs/TFCC005.CAB
Ag1Al1As2,aflow:6c50c275fe34de6f,,,0.184587,19.1761,71,oI8,aflowlib.duke.edu:AFLOWDATA/LIB3_WEB/AgAlAs/TBCC012.CAB
Ag1Al1As2,aflow:7413e224a3eaba7a,,,0.253283,18.6284,119,tI8,aflowlib.duke.edu:AFLOWDATA/LIB3_WEB/AgAlAs/TFCC008.CAB
Ag1Al1As2,aflow:78378912020b3d09,,,0.224993,19.0189,47,oP4,aflowlib.duke.edu:AFLOWDATA/LIB3_WEB/AgAlAs/TBCC015.CAB
Ag1Al1As2,aflow:82ac6b7f2764c566,0,metal,0.847175,18.5439,225,cF16,aflowlib.duke.edu:AFLOWDATA/LIB3_WEB/AgAlAs/T0001.ABC2:LDAU2
Ag1Al1As2,aflow:941d46ec1f9ef685,,,0.211482,18.6295,99,tP4,aflowlib.duke.edu:AFLOWDATA/LIB3_WEB/AgAlAs/TFCC007.CAB
Ag1Al1As2,aflow:9c506e6bf8fe2fc2,,,0.0437673,19.3811,166,hR4,aflowlib.duke.edu:AFLOWDATA/LIB3_WEB/AgAlAs/TFCC009.CAB
Ag1Al1As2,aflow:9d6689f061b84756,,,0.009327,19.5232,99,tP4,aflowlib.duke.edu:AFLOWDATA/LIB3_WEB/AgAlAs/TBCC006.CAB
Ag1Al1As2,aflow:b2a1e85e588c6d49,,,0.20439,17.6732,65,oS8,aflowlib.duke.edu:AFLOWDATA/LIB3_WEB/AgAlAs/TFCC015.CAB
Ag1Al1As2,aflow:b5f118430208858e,,,0.128992,19.8183,12,mS8,aflowlib.duke.edu:AFLOWDATA/LIB3_WEB/AgAlAs/TBCC014.CAB
Ag1Al1As2,aflow:d188c9c926662c66,,,0.162413,19.5854,44,oI8,aflowlib.duke.edu:AFLOWDATA/LIB3_WEB/AgAlAs/TBCC007.CAB
Ag1Al1As2,aflow:e43ac9458b6fa432,,,0.185491,18.518,123,tP4,aflowlib.duke.edu:AFLOWDATA/LIB3_WEB/AgAlAs/TFCC012.CAB
Ag1Al1As2,aflow:e7c62c3a5e650248,,,0.232682,18.613,139,tI8,aflowlib.duke.edu:AFLOWDATA/LIB3_WEB/AgAlAs/TFCC013.CAB
Ag1Al1As2,aflow:ea10a1ad7f29d0f4,,,0.0587327,20.2782,10,mP4,aflowlib.duke.edu:AFLOWDATA/LIB3_WEB/AgAlAs/TBCC010.CAB
Ag1Al1As2,aflow:ef4bedac233fb0b2,,,0.188212,18.5111,123,tP4,aflowlib.duke.edu:AFLOWDATA/LIB3_WEB/AgAlAs/TBCC011.CAB
Ag1Al1As2,aflow:f978f1a0d69e8a60,,,0.24506,18.6421,123,tP4,aflowlib.duke.edu:AFLOWDATA/LIB3_WEB/AgAlAs/TFCC016.CAB
Ag1Al1As2,aflow:faa06af236f8bdc7,0,metal,0.260731,18.5189,225,cF16,aflowlib.duke.edu:AFLOWDATA/LIB3_WEB/AgAlAs/T0001.ABC2
Ag1Al1As4,aflow:bc7f2d51724ddba2,,,0.450105,20.6654,216,cF24,aflowlib.duke.edu:AFLOWDATA/LIB3_WEB/AgAlAs/T0010.CAB
Ag1Al1Au1,aflow:001039070d0bb81f,,,-0.209164,16.8673,42,oF12,aflowlib.duke.edu:AFLOWDATA/LIB3_WEB/AgAlAu/TBCC001.ABC
Ag1Al1Au1,aflow:30d82ff3355b7ebf,,,-0.140574,19.093,216,cF12,aflowlib.duke.edu:AFLOWDATA/LIB3_WEB/AgAlAu/T0003.ABC
Ag1Al1Au1,aflow:50c76bca3ee4a2e8,,,0.0743273,20.2507,216,cF12,aflowlib.duke.edu:AFLOWDATA/LIB3_WEB/AgAlAu/T0003.CAB
Ag1Al1Au1,aflow:960845095b19eb36,,,-0.184686,17.3557,156,hP3,aflowlib.duke.edu:AFLOWDATA/LIB3_WEB/AgAlAu/TBCC002.ABC
Ag1Al1Au1,aflow:aa85e7d9401249a4,,,-0.20948,16.897,44,oI6,aflowlib.duke.edu:AFLOWDATA/LIB3_WEB/AgAlAu/TFCC002.ABC
Ag1Al1Au1,aflow:be2162302a058e63,,,-0.210807,16.9301,107,tI6,aflowlib.duke.edu:AFLOWDATA/LIB3_WEB/AgAlAu/TBCC003.ABC
Ag1Al1Au1,aflow:d1f1107b81d662a5,,,-0.135612,17.3384,156,hP3,aflowlib.duke.edu:AFLOWDATA/LIB3_WEB/AgAlAu/TFCC001.ABC
Ag1Al1Au1,aflow:d4257174fc572aef,,,-0.069084,20.3351,216,cF12,aflowlib.duke.edu:AFLOWDATA/LIB3_WEB/AgAlAu/T0003.BCA
Ag1Al1Au1,aflow:ff698d2310043ccb,,,-0.192244,17.0621,107,tI6,aflowlib.duke.edu:AFLOWDATA/LIB3_WEB/AgAlAu/TFCC003.ABC
Ag1Al1Au2,aflow:0cb4d46f3be3e8a3,,,-0.240992,17.1725,123,tP4,aflowlib.duke.edu:AFLOWDATA/LIB3_WEB/AgAlAu/TBCC009.CAB
Ag1Al1Au2,aflow:0c430253c528b243,,,-0.191777,17.333,65,oS8,aflowlib.duke.edu:AFLOWDATA/LIB3_WEB/AgAlAu/TBCC014.CAB
Ag1Al1Au2,aflow:22f2878ed26304cd,,,-0.190923,17.3167,47,oP4,aflowlib.duke.edu:AFLOWDATA/LIB3_WEB/AgAlAu/TBCC015.CAB
Ag1Al1Au2,aflow:22b2e1886148a33e,,,-0.127189,17.3602,10,mP4,aflowlib.duke.edu:AFLOWDATA/LIB3_WEB/AgAlAu/TFCC014.CAB
Ag1Al1Au2,aflow:31827728c35f00a5,,,-0.240665,17.2241,123,tP4,aflowlib.duke.edu:AFLOWDATA/LIB3_WEB/AgAlAu/TFCC012.CAB
Ag1Al1Au2,aflow:35a1d26906a6e15a,,,-0.192937,17.2875,65,oS8,aflowlib.duke.edu:AFLOWDATA/LIB3_WEB/AgAlAu/TFCC015.CAB
Ag1Al1Au2,aflow:43445755891ec365,,,-0.136004,17.3022,99,tP4,aflowlib.duke.edu:AFLOWDATA/LIB3_WEB/AgAlAu/TFCC007.CAB
Ag1Al1Au2,aflow:447734dfffe1323b,,,-0.241983,17.1642,47,oP4,aflowlib.duke.edu:AFLOWDATA/LIB3_WEB/AgAlAu/TFCC010.CAB
Ag1Al1Au2,aflow:47fdea97a74a0def,,,-0.197521,17.157,119,tI8,aflowlib.duke.edu:AFLOWDATA/LIB3_WEB/AgAlAu/TFCC008.CAB
Ag1Al1Au2,aflow:4ed0a216f2c3762b,0,metal,-0.194199,17.2031,225,cF16,aflowlib.duke.edu:AFLOWDATA/LIB3_WEB/AgAlAu/T0001.ABC2
Ag1Al1Au2,aflow:56e7b31b1faa532e,,,-0.132846,17.3007,216,cF16,aflowlib.duke.edu:AFLOWDATA/LIB3_WEB/AgAlAu/TBCC008.CAB
Ag1Al1Au2,aflow:5d488552b2dcd587,,,-0.148263,17.3085,99,tP4,aflowlib.duke.edu:AFLOWDATA/LIB3_WEB/AgAlAu/TBCC006.CAB
Ag1Al1Au2,aflow:668c19213ae3d33c,,,-0.196312,17.2839,71,oI8,aflowlib.duke.edu:AFLOWDATA/LIB3_WEB/AgAlAu/TBCC012.CAB
Ag1Al1Au2,aflow:864707f86230e599,,,-0.203312,17.2867,25,oP4,aflowlib.duke.edu:AFLOWDATA/LIB3_WEB/AgAlAu/TBCC005.CAB
Ag1Al1Au2,aflow:8b18f0a7dda0102c,,,-0.194216,17.2034,225,cF16,aflowlib.duke.edu:AFLOWDATA/LIB3_WEB/AgAlAu/TBCC013.CAB
Ag1Al1Au2,aflow:8c058d3acf7899fd,,,-0.186235,17.2319,123,tP4,aflowlib.duke.edu:AFLOWDATA/LIB3_WEB/AgAlAu/TFCC016.CAB
Ag1Al1Au2,aflow:a5b6aca387e4db13,,,-0.239271,17.2261,47,oP4,aflowlib.duke.edu:AFLOWDATA/LIB3_WEB/AgAlAu/TBCC010.CAB
Ag1Al1Au2,aflow:aa480b334bb62866,,,-0.200967,17.2025,8,mS8,aflowlib.duke.edu:AFLOWDATA/LIB3_WEB/AgAlAu/TFCC006.CAB
Ag1Al1Au2,aflow:aebba299d1ae617e,0,metal,-0.132851,17.3015,216,cF16,aflowlib.duke.edu:AFLOWDATA/LIB3_WEB/AgAlAu/T0002.ABC2
Ag1Al1Au2,aflow:bdda564412a89ac6,,,-0.184651,17.574,166,hR4,aflowlib.duke.edu:AFLOWDATA/LIB3_WEB/AgAlAu/TFCC009.CAB
Ag1Al1Au2,aflow:d013925bb013e92f,,,-0.191679,17.2821,123,tP4,aflowlib.duke.edu:AFLOWDATA/LIB3_WEB/AgAlAu/TBCC016.CAB
Ag1Al1Au2,aflow:d04a66f9e1b45761,,,-0.241827,17.15,123,tP4,aflowlib.duke.edu:AFLOWDATA/LIB3_WEB/AgAlAu/TBCC011.CAB
Ag1Al1Au2,aflow:da80721359a06932,,,-0.150929,17.2881,25,oP4,aflowlib.duke.edu:AFLOWDATA/LIB3_WEB/AgAlAu/TFCC005.CAB
Ag1Al1Au2,aflow:ec9a2e479f4ab606,,,-0.121773,17.505,160,hR4,aflowlib.duke.edu:AFLOWDATA/LIB3_WEB/AgAlAu/TFCC004.CAB
Ag1Al1Au2,aflow:f3331df700c2a904,,,-0.204082,17.2166,44,oI8,aflowlib.duke.edu:AFLOWDATA/LIB3_WEB/AgAlAu/TBCC007.CAB
Ag1Al1Au2,aflow:f654dc4f3999ae8b,,,-0.192828,17.1625,139,tI8,aflowlib.duke.edu:AFLOWDATA/LIB3_WEB/AgAlAu/TFCC013.CAB
Ag1Al1Au2,aflow:f77bca6526fd0b7d,,,-0.136398,17.2837,99,tP4,aflowlib.duke.edu:AFLOWDATA/LIB3_WEB/AgAlAu/TBCC004.CAB
Ag1Al1Au2,aflow:fc20717c651aa1bb,,,-0.175822,17.4013,12,mS8,aflowlib.duke.edu:AFLOWDATA/LIB3_WEB/AgAlAu/TFCC011.CAB
Ag1Al1Au4,aflow:5c599858e7ce2910,,,0.067548,19.562,216,cF24,aflowlib.duke.edu:AFLOWDATA/LIB3_WEB/AgAlAu/T0010.CAB
Ag1Al1B1,aflow:1a252ad7dcc4638b,,,0.660325,13.5972,107,tI6,aflowlib.duke.edu:AFLOWDATA/LIB3_WEB/AgAlB_h/TBCC003.ABC
Ag1Al1B1,aflow:294c5c40cc4c97f8,,,0.660317,13.6104,107,tI6,aflowlib.duke.edu:AFLOWDATA/LIB3_WEB/AgAlB_h/TFCC003.ABC
Ag1Al1B1,aflow:63c588fa7e76f42d,,,0.850928,15.3889,216,cF12,aflowlib.duke.edu:AFLOWDATA/LIB3_WEB/AgAlB_h/T0003.ABC
Ag1Al1B1,aflow:68bc62449b132fe8,,,0.619081,15.0022,156,hP3,aflowlib.duke.edu:AFLOWDATA/LIB3_WEB/AgAlB_h/TBCC002.ABC
Ag1Al1B1,aflow:6d0f8a8ec57d8d68,,,0.396316,13.909,216,cF12,aflowlib.duke.edu:AFLOWDATA/LIB3_WEB/AgAlB_h/T0003.BCA
Ag1Al1B1,aflow:73e839a56c3af88e,,,0.6758,14.1254,44,oI6,aflowlib.duke.edu:AFLOWDATA/LIB3_WEB/AgAlB_h/TFCC002.ABC
Ag1Al1B1,aflow:7bbcee1a4bcdd188,,,0.653553,13.6643,42,oF12,aflowlib.duke.edu:AFLOWDATA/LIB3_WEB/AgAlB_h/TBCC001.ABC
Ag1Al1B1,aflow:efd2c1965cbc69c7,,,0.848576,15.0845,216,cF12,aflowlib.duke.edu:AFLOWDATA/LIB3_WEB/AgAlB_h/T0003.CAB
Ag1Al1B1,aflow:ff2b8b23e4080a38,,,0.609262,13.6447,156,hP3,aflowlib.duke.edu:AFLOWDATA/LIB3_WEB/AgAlB_h/TFCC001.ABC
Ag1Al1B2,aflow:12ba063127cc9b8f,,,1.12529,11.6869,65,oS8,aflowlib.duke.edu:AFLOWDATA/LIB3_WEB/AgAlB_h/TFCC015.CAB
Ag1Al1B2,aflow:27e3ce7d34054410,,,1.18925,12.0198,139,tI8,aflowlib.duke.edu:AFLOWDATA/LIB3_WEB/AgAlB_h/TFCC013.CAB
Ag1Al1B2,aflow:2b60565ffb8928e4,,,1.08447,12.2942,12,mS8,aflowlib.duke.edu:AFLOWDATA/LIB3_WEB/AgAlB_h/TBCC014.CAB
Ag1Al1B2,aflow:3a381e7e296063f1,,,1.17715,12.0458,225,cF16,aflowlib.duke.edu:AFLOWDATA/LIB3_WEB/AgAlB_h/T0001.ABC2
Ag1Al1B2,aflow:438830fbbaf7eade,,,1.0358,11.5386,123,tP4,aflowlib.duke.edu:AFLOWDATA/LIB3_WEB/AgAlB_h/TFCC012.CAB
Ag1Al1B2,aflow:5c8137838cb786a0,,,1.0393,12.9421,71,oI8,aflowlib.duke.edu:AFLOWDATA/LIB3_WEB/AgAlB_h/TBCC012.CAB
Ag1Al1B2,aflow:60e39308384c01cd,,,0.471793,13.353,35,oS8,aflowlib.duke.edu:AFLOWDATA/LIB3_WEB/AgAlB_h/TBCC004.CAB
Ag1Al1B2,aflow:62175b641b687f81,,,1.05482,13.148,65,oS8,aflowlib.duke.edu:AFLOWDATA/LIB3_WEB/AgAlB_h/TBCC009.CAB
Ag1Al1B2,aflow:6d063e1ad6369e74,,,0.867025,12.1105,99,tP4,aflowlib.duke.edu:AFLOWDATA/LIB3_WEB/AgAlB_h/TBCC006.CAB
Ag1Al1B2,aflow:818898b5a66cd39d,,,0.301237,13.5237,12,mS8,aflowlib.duke.edu:AFLOWDATA/LIB3_WEB/AgAlB_h/TFCC011.CAB
Ag1Al1B2,aflow:836d062176a51c45,,,0.298929,13.5375,6,mP4,aflowlib.duke.edu:AFLOWDATA/LIB3_WEB/AgAlB_h/TBCC005.CAB
Ag1Al1B2,aflow:85858bc7b3b9f0a5,,,0.996715,12.1696,10,mP4,aflowlib.duke.edu:AFLOWDATA/LIB3_WEB/AgAlB_h/TFCC014.CAB
Ag1Al1B2,aflow:911dac28efcf5126,,,1.16262,11.926,123,tP4,aflowlib.duke.edu:AFLOWDATA/LIB3_WEB/AgAlB_h/TFCC016.CAB
Ag1Al1B2,aflow:95a547fc34e054a0,,,0.919049,11.8139,166,hR4,aflowlib.duke.edu:AFLOWDATA/LIB3_WEB/AgAlB_h/TFCC009.CAB
Ag1Al1B2,aflow:a21e0ed513b77a8d,,,1.40925,12.5687,216,cF16,aflowlib.duke.edu:AFLOWDATA/LIB3_WEB/AgAlB_h/T0002.ABC2
Ag1Al1B2,aflow:afc83f584f20abc2,,,1.10401,12.989,47,oP4,aflowlib.duke.edu:AFLOWDATA/LIB3_WEB/AgAlB_h/TBCC015.CAB
Ag1Al1B2,aflow:b38eaaa28f4fd06c,,,1.00932,12.1736,99,tP4,aflowlib.duke.edu:AFLOWDATA/LIB3_WEB/AgAlB_h/TFCC005.CAB
Ag1Al1B2,aflow:c26843c890745fb7,,,0.346705,11.919,8,mP4,aflowlib.duke.edu:AFLOWDATA/LIB3_WEB/AgAlB_h/TFCC006.CAB
Ag1Al1B2,aflow:d02061b77b3b72b9,,,0.864934,12.1376,99,tP4,aflowlib.duke.edu:AFLOWDATA/LIB3_WEB/AgAlB_h/TFCC007.CAB
Ag1Al1B2,aflow:db4ad22204c00958,,,1.14832,11.775,123,tP4,aflowlib.duke.edu:AFLOWDATA/LIB3_WEB/AgAlB_h/TBCC016.CAB
Ag1Al1B2,aflow:e27c7fe90f05e08a,,,1.16502,12.2483,119,tI8,aflowlib.duke.edu:AFLOWDATA/LIB3_WEB/AgAlB_h/TFCC008.CAB
Ag1Al1B2,aflow:f2e6bc6cbc2551c1,,,1.03929,11.5517,123,tP4,aflowlib.duke.edu:AFLOWDATA/LIB3_WEB/AgAlB_h/TBCC011.CAB
Ag1Al1B2,aflow:f825442599656e08,,,0.398328,13.0924,44,oI8,aflowlib.duke.edu:AFLOWDATA/LIB3_WEB/AgAlB_h/TBCC007.CAB
Ag1Al1B2,aflow:fe0093968175d327,,,0.49638,12.3019,10,mP4,aflowlib.duke.edu:AFLOWDATA/LIB3_WEB/AgAlB_h/TBCC010.CAB
Ag1Al1B4,aflow:6b88abd8a819a33d,,,1.19134,9.9603,216,cF24,aflowlib.duke.edu:AFLOWDATA/LIB3_WEB/AgAlB_h/T0010.CAB
Ag1Al1Ba1,aflow:07720983f363e265,,,-0.0693047,27.7119,44,oI6,aflowlib.duke.edu:AFLOWDATA/LIB3_WEB/AgAlBa_sv/TFCC002.ABC
Ag1Al1Ba1,aflow:09887bc1676df20d,,,-0.192216,30.4674,187,hP3,aflowlib.duke.edu:AFLOWDATA/LIB3_WEB/AgAlBa_sv/TBCC002.ABC
Ag1Al1Ba1,aflow:3eb5a022e262ec17,,,0.508713,37.3722,216,cF12,aflowlib.duke.edu:AFLOWDATA/LIB3_WEB/AgAlBa_sv/T0003.BCA
Ag1Al1Ba1,aflow:65e435ec3c5c8d3b,,,-0.0674127,27.3837,107,tI6,aflowlib.duke.edu:AFLOWDATA/LIB3_WEB/AgAlBa_sv/TBCC001.ABC
Ag1Al1Ba1,aflow:69f3f8696fd042a8,,,0.198363,32.9021,216,cF12,aflowlib.duke.edu:AFLOWDATA/LIB3_WEB/AgAlBa_sv/T0003.ABC
Ag1Al1Ba1,aflow:90433b4d6752c87b,,,0.198592,32.6566,216,cF12,aflowlib.duke.edu:AFLOWDATA/LIB3_WEB/AgAlBa_sv/T0003.proto
Ag1Al1Ba1,aflow:996a4870b8e6f6df,,,0.0945063,33.0372,216,cF12,aflowlib.duke.edu:AFLOWDATA/LIB3_WEB/AgAlBa_sv/T0003.CAB
Ag1Al1Ba1,aflow:d02077ad56f75d70,,,-0.193978,30.3626,156,hP3,aflowlib.duke.edu:AFLOWDATA/LIB3_WEB/AgAlBa_sv/TFCC001.ABC
Ag1Al1Ba1,aflow:e3f138f3b6573482,,,-0.0691233,27.6915,107,tI6,aflowlib.duke.edu:AFLOWDATA/LIB3_WEB/AgAlBa_sv/TFCC003.ABC
Ag1Al1Ba1,aflow:e43379fcc8c48927,,,-0.06942,27.7065,107,tI6,aflowlib.duke.edu:AFLOWDATA/LIB3_WEB/AgAlBa_sv/TBCC003.ABC
Ag1Al1Ba2,aflow:114e21e6aa852eea,,,-0.00567325,36.2163,99,tP4,aflowlib.duke.edu:AFLOWDATA/LIB3_WEB/AgAlBa_sv/TBCC006.CAB
Ag1Al1Ba2,aflow:241ac5324efc1803,,,0.0589589,41.8407,47,oP4,aflowlib.duke.edu:AFLOWDATA/LIB3_WEB/AgAlBa_sv/TFCC014.CAB
Ag1Al1Ba2,aflow:297fd094fd610845,,,-0.105624,35.5334,225,cF16,aflowlib.duke.edu:AFLOWDATA/LIB3_WEB/AgAlBa_sv/TBCC012.CAB
Ag1Al1Ba2,aflow:2ddefd472edf8ee7,,,-0.197107,42.2814,160,hR4,aflowlib.duke.edu:AFLOWDATA/LIB3_WEB/AgAlBa_sv/TFCC004.CAB
Ag1Al1Ba2,aflow:39cefacdcdddb609,,,-0.133391,35.5087,47,oP4,aflowlib.duke.edu:AFLOWDATA/LIB3_WEB/AgAlBa_sv/TBCC015.CAB
Ag1Al1Ba2,aflow:3eb9eab228b97973,,,0.041303,41.7908,12,mS8,aflowlib.duke.edu:AFLOWDATA/LIB3_WEB/AgAlBa_sv/TFCC011.CAB
Ag1Al1Ba2,aflow:47797f150b286b93,,,-0.0184195,30.7769,216,cF16,aflowlib.duke.edu:AFLOWDATA/LIB3_WEB/AgAlBa_sv/T0002.ABC2
Ag1Al1Ba2,aflow:48f0c30b8c476a6a,,,-0.129142,35.5322,123,tP4,aflowlib.duke.edu:AFLOWDATA/LIB3_WEB/AgAlBa_sv/TFCC012.CAB
Ag1Al1Ba2,aflow:4cc1025fd162c56d,,,-0.134542,35.5338,123,tP4,aflowlib.duke.edu:AFLOWDATA/LIB3_WEB/AgAlBa_sv/TBCC016.CAB
Ag1Al1Ba2,aflow:669e371816e84af2,,,-0.134781,35.5281,123,tP4,aflowlib.duke.edu:AFLOWDATA/LIB3_WEB/AgAlBa_sv/TFCC016.CAB
Ag1Al1Ba2,aflow:69fe20dde4cb8cdb,,,-0.132954,35.2013,25,oP4,aflowlib.duke.edu:AFLOWDATA/LIB3_WEB/AgAlBa_sv/TBCC005.CAB
Ag1Al1Ba2,aflow:7667653d41658c25,,,-0.106435,35.5484,139,tI8,aflowlib.duke.edu:AFLOWDATA/LIB3_WEB/AgAlBa_sv/TFCC013.CAB
Ag1Al1Ba2,aflow:784689e33c114def,,,0.0398908,41.4116,166,hR4,aflowlib.duke.edu:AFLOWDATA/LIB3_WEB/AgAlBa_sv/TFCC009.CAB
Ag1Al1Ba2,aflow:7e836db471a5cd32,,,-0.135085,33.8832,44,oI8,aflowlib.duke.edu:AFLOWDATA/LIB3_WEB/AgAlBa_sv/TFCC006.CAB
Ag1Al1Ba2,aflow:85dc4ade35218fae,,,-0.106563,35.5694,225,cF16,aflowlib.duke.edu:AFLOWDATA/LIB3_WEB/AgAlBa_sv/T0001.ABC2
Ag1Al1Ba2,aflow:9aa63954c46bb02f,,,-0.130769,35.4468,123,tP4,aflowlib.duke.edu:AFLOWDATA/LIB3_WEB/AgAlBa_sv/TBCC011.CAB
Ag1Al1Ba2,aflow:b9c97174bf3b7dea,,,-0.129009,35.565,10,mP4,aflowlib.duke.edu:AFLOWDATA/LIB3_WEB/AgAlBa_sv/TBCC010.CAB
Ag1Al1Ba2,aflow:ba802dc0ba896025,,,-0.00532117,36.1778,35,oS8,aflowlib.duke.edu:AFLOWDATA/LIB3_WEB/AgAlBa_sv/TBCC004.CAB
Ag1Al1Ba2,aflow:c03d15f0019b4634,,,-0.130417,35.5159,65,oS8,aflowlib.duke.edu:AFLOWDATA/LIB3_WEB/AgAlBa_sv/TBCC009.CAB
Ag1Al1Ba2,aflow:c7143b52f0f76f1f,,,0.072576,39.6305,99,tP4,aflowlib.duke.edu:AFLOWDATA/LIB3_WEB/AgAlBa_sv/TFCC005.CAB
Ag1Al1Ba2,aflow:d7837fd586cf386a,,,-0.134863,34.094,44,oI8,aflowlib.duke.edu:AFLOWDATA/LIB3_WEB/AgAlBa_sv/TBCC007.CAB
Ag1Al1Ba2,aflow:d73260d1398f20ad,,,-0.00585725,36.1962,99,tP4,aflowlib.duke.edu:AFLOWDATA/LIB3_WEB/AgAlBa_sv/TFCC007.CAB
Ag1Al1Ba2,aflow:d777416014a876d2,,,-0.134821,35.4451,65,oS8,aflowlib.duke.edu:AFLOWDATA/LIB3_WEB/AgAlBa_sv/TFCC015.CAB
Ag1Al1Ba2,aflow:df39679026907ed2,,,-0.129546,35.6003,123,tP4,aflowlib.duke.edu:AFLOWDATA/LIB3_WEB/AgAlBa_sv/TFCC010.CAB
Ag1Al1Ba2,aflow:e827a00590433cc5,,,-0.134202,35.3655,12,mP4,aflowlib.duke.edu:AFLOWDATA/LIB3_WEB/AgAlBa_sv/TBCC014.CAB
Ag1Al1Ba2,aflow:ff3b90332bf8de7f,,,-0.0181067,30.7763,119,tI8,aflowlib.duke.edu:AFLOWDATA/LIB3_WEB/AgAlBa_sv/TFCC008.CAB
Ag1Al1Ba4,aflow:2f353bb5d6ee36c0,,,0.549744,43.8921,216,cF24,aflowlib.duke.edu:AFLOWDATA/LIB3_WEB/AgAlBa_sv/T0010.CAB
Ag1Al1Be1,aflow:0f8c6f54b026ca78,,,0.155342,14.169,44,oI6,aflowlib.duke.edu:AFLOWDATA/LIB3_WEB/AgAlBe_sv/TFCC002.ABC
Ag1Al1Be1,aflow:34cd37b2610e20d8,,,0.237995,14.5261,42,oF12,aflowlib.duke.edu:AFLOWDATA/LIB3_WEB/AgAlBe_sv/TBCC001.ABC
Ag1Al1Be1,aflow:635668b25307611a,,,0.300302,16.6161,216,cF12,aflowlib.duke.edu:AFLOWDATA/LIB3_WEB/AgAlBe_sv/T0003.CAB
Ag1Al1Be1,aflow:8034d43731774f81,,,0.177574,15.4814,216,cF12,aflowlib.duke.edu:AFLOWDATA/LIB3_WEB/AgAlBe_sv/T0003.BCA
Ag1Al1Be1,aflow:9752476e8213345d,,,0.150473,14.2454,107,tI6,aflowlib.duke.edu:AFLOWDATA/LIB3_WEB/AgAlBe_sv/TFCC003.ABC
Ag1Al1Be1,aflow:acf67df7ba14b2da,,,0.417548,16.8601,216,cF12,aflowlib.duke.edu:AFLOWDATA/LIB3_WEB/AgAlBe_sv/T0003.ABC
Ag1Al1Be1,aflow:be02cc15fe2b8cae,,,0.152544,14.1586,107,tI6,aflowlib.duke.edu:AFLOWDATA/LIB3_WEB/AgAlBe_sv/TBCC003.ABC
Ag1Al1Be1,aflow:cbe8ff5ee3c0c698,,,0.239784,14.5865,156,hP3,aflowlib.duke.edu:AFLOWDATA/LIB3_WEB/AgAlBe_sv/TBCC002.ABC
Ag1Al1Be1,aflow:f608a8fc5d0ef25e,,,0.181272,14.3991,156,hP3,aflowlib.duke.edu:AFLOWDATA/LIB3_WEB/AgAlBe_sv/TFCC001.ABC
Ag1Al1Be2,aflow:032830df1dc1c65e,,,0.229709,12.7793,65,oS8,aflowlib.duke.edu:AFLOWDATA/LIB3_WEB/AgAlBe_sv/TFCC015.CAB
Ag1Al1Be2,aflow:0698a0dd647f7f08,,,0.221484,12.7451,8,mS8,aflowlib.duke.edu:AFLOWDATA/LIB3_WEB/AgAlBe_sv/TFCC006.CAB
Ag1Al1Be2,aflow:0adf6126a98bb88f,,,0.190977,12.8161,6,mP4,aflowlib.duke.edu:AFLOWDATA/LIB3_WEB/AgAlBe_sv/TBCC005.CAB
Ag1Al1Be2,aflow:10d19d82e7b8ee3d,,,0.23524,12.6203,44,oI8,aflowlib.duke.edu:AFLOWDATA/LIB3_WEB/AgAlBe_sv/TBCC007.CAB
Ag1Al1Be2,aflow:2b8dbb0bb15fb0b9,,,0.286668,12.5813,225,cF16,aflowlib.duke.edu:AFLOWDATA/LIB3_WEB/AgAlBe_sv/T0001.ABC2
Ag1Al1Be2,aflow:3f30cb911d6b6e11,,,0.234062,12.5966,123,tP4,aflowlib.duke.edu:AFLOWDATA/LIB3_WEB/AgAlBe_sv/TFCC016.CAB
Ag1Al1Be2,aflow:43c003600759efae,,,0.168037,12.4566,123,tP4,aflowlib.duke.edu:AFLOWDATA/LIB3_WEB/AgAlBe_sv/TBCC009.CAB
Ag1Al1Be2,aflow:44de4075c02d7986,,,0.279882,13.2647,166,hR4,aflowlib.duke.edu:AFLOWDATA/LIB3_WEB/AgAlBe_sv/TFCC009.CAB
Ag1Al1Be2,aflow:459f7eb618d7e08b,,,0.239233,12.6715,119,tI8,aflowlib.duke.edu:AFLOWDATA/LIB3_WEB/AgAlBe_sv/TFCC008.CAB
Ag1Al1Be2,aflow:513739c57dd1e448,,,0.240456,12.6842,139,tI8,aflowlib.duke.edu:AFLOWDATA/LIB3_WEB/AgAlBe_sv/TFCC013.CAB
Ag1Al1Be2,aflow:59fd7ef3cf297e83,,,0.337981,13.3648,35,oS8,aflowlib.duke.edu:AFLOWDATA/LIB3_WEB/AgAlBe_sv/TBCC004.CAB
Ag1Al1Be2,aflow:5a4dee738c45241a,,,0.266498,13.0559,12,mS8,aflowlib.duke.edu:AFLOWDATA/LIB3_WEB/AgAlBe_sv/TFCC011.CAB
Ag1Al1Be2,aflow:6d8dc6d1e13cfe13,,,0.164511,12.4681,123,tP4,aflowlib.duke.edu:AFLOWDATA/LIB3_WEB/AgAlBe_sv/TBCC011.CAB
Ag1Al1Be2,aflow:777819978b91cb64,,,0.293476,13.2599,160,hR4,aflowlib.duke.edu:AFLOWDATA/LIB3_WEB/AgAlBe_sv/TFCC004.CAB
Ag1Al1Be2,aflow:805fb878d4ee0795,,,0.240398,12.7004,139,tI8,aflowlib.duke.edu:AFLOWDATA/LIB3_WEB/AgAlBe_sv/TBCC012.CAB
Ag1Al1Be2,aflow:8ead65ce0fbfeca0,,,0.233313,12.6611,123,tP4,aflowlib.duke.edu:AFLOWDATA/LIB3_WEB/AgAlBe_sv/TBCC015.CAB
Ag1Al1Be2,aflow:90bf73ec443be7ec,,,0.24272,12.709,123,tP4,aflowlib.duke.edu:AFLOWDATA/LIB3_WEB/AgAlBe_sv/TFCC012.CAB
Ag1Al1Be2,aflow:9125eada4a417658,,,0.187457,12.5701,99,tP4,aflowlib.duke.edu:AFLOWDATA/LIB3_WEB/AgAlBe_sv/TFCC007.CAB
Ag1Al1Be2,aflow:9399684437c66526,,,0.167285,12.5271,47,oP4,aflowlib.duke.edu:AFLOWDATA/LIB3_WEB/AgAlBe_sv/TFCC010.CAB
Ag1Al1Be2,aflow:a56c6fc1e0003ab9,,,0.184395,12.4818,99,tP4,aflowlib.duke.edu:AFLOWDATA/LIB3_WEB/AgAlBe_sv/TBCC006.CAB
Ag1Al1Be2,aflow:ad6ab6c99e546f2d,,,0.34447,12.8555,216,cF16,aflowlib.duke.edu:AFLOWDATA/LIB3_WEB/AgAlBe_sv/T0002.ABC2
Ag1Al1Be2,aflow:bb6234d786793732,,,0.24173,12.6243,123,tP4,aflowlib.duke.edu:AFLOWDATA/LIB3_WEB/AgAlBe_sv/TBCC016.CAB
Ag1Al1Be2,aflow:ccd7a718afd40ecf,,,0.27409,13.0924,10,mP4,aflowlib.duke.edu:AFLOWDATA/LIB3_WEB/AgAlBe_sv/TFCC014.CAB
Ag1Al1Be2,aflow:d47ba2e35649594a,,,0.185001,12.5496,25,oP4,aflowlib.duke.edu:AFLOWDATA/LIB3_WEB/AgAlBe_sv/TFCC005.CAB
Ag1Al1Be2,aflow:d95f1118f85caf74,,,0.230958,12.7741,65,oS8,aflowlib.duke.edu:AFLOWDATA/LIB3_WEB/AgAlBe_sv/TBCC014.CAB
Ag1Al1Be2,aflow:f840d463533a83a8,,,0.304918,13.4432,10,mP4,aflowlib.duke.edu:AFLOWDATA/LIB3_WEB/AgAlBe_sv/TBCC010.CAB
Ag1Al1Be4,aflow:229d6d688390b30d,,,0.0411887,10.6815,216,cF24,aflowlib.duke.edu:AFLOWDATA/LIB3_WEB/AgAlBe_sv/T0010.CAB
Ag1Al1Bi1,aflow:15fd819b74d3acd6,,,0.177228,22.6765,44,oI6,aflowlib.duke.edu:AFLOWDATA/LIB3_WEB/AgAlBi_d/TFCC002.ABC
Ag1Al1Bi1,aflow:41fa959e1f5672d4,,,0.328163,27.2303,216,cF12,aflowlib.duke.edu:AFLOWDATA/LIB3_WEB/AgAlBi_d/T0003.BCA
Ag1Al1Bi1,aflow:59d2fed6d7945930,,,0.151578,24.8563,216,cF12,aflowlib.duke.edu:AFLOWDATA/LIB3_WEB/AgAlBi_d/T0003.ABC
Ag1Al1Bi1,aflow:6a414eba7acdb285,,,0.169682,23.158,156,hP3,aflowlib.duke.edu:AFLOWDATA/LIB3_WEB/AgAlBi_d/TBCC002.ABC
Ag1Al1Bi1,aflow:870eb3cf9968f365,,,0.160004,22.3618,107,tI6,aflowlib.duke.edu:AFLOWDATA/LIB3_WEB/AgAlBi_d/TBCC003.ABC
Ag1Al1Bi1,aflow:8a1b648888c852ba,,,0.161722,22.3319,107,tI6,aflowlib.duke.edu:AFLOWDATA/LIB3_WEB/AgAlBi_d/TFCC003.ABC
Ag1Al1Bi1,aflow:8aa751400ad29224,,,0.165902,22.5368,42,oF12,aflowlib.duke.edu:AFLOWDATA/LIB3_WEB/AgAlBi_d/TBCC001.ABC
Ag1Al1Bi1,aflow:c7584b7c9214634b,,,0.175461,24.9776,216,cF12,aflowlib.duke.edu:AFLOWDATA/LIB3_WEB/AgAlBi_d/T0003.CAB
Ag1Al1Bi1,aflow:e35679bc9d0c5233,,,0.148853,23.0571,156,hP3,aflowlib.duke.edu:AFLOWDATA/LIB3_WEB/AgAlBi_d/TFCC001.ABC
Ag1Al1Bi2,aflow:049ad51108cc8e34,,,0.222309,25.4667,47,oP4,aflowlib.duke.edu:AFLOWDATA/LIB3_WEB/AgAlBi_d/TBCC015.CAB
Ag1Al1Bi2,aflow:07834496db93c759,,,0.227983,25.546,119,tI8,aflowlib.duke.edu:AFLOWDATA/LIB3_WEB/AgAlBi_d/TFCC008.CAB
Ag1Al1Bi2,aflow:096044f7e7315fc4,,,0.29346,25.8654,216,cF16,aflowlib.duke.edu:AFLOWDATA/LIB3_WEB/AgAlBi_d/T0002.ABC2
Ag1Al1Bi2,aflow:0afa822feca21a0d,,,0.147741,24.545,99,tP4,aflowlib.duke.edu:AFLOWDATA/LIB3_WEB/AgAlBi_d/TFCC007.CAB
Ag1Al1Bi2,aflow:14052126e09b5aba,,,0.222627,25.042,71,oI8,aflowlib.duke.edu:AFLOWDATA/LIB3_WEB/AgAlBi_d/TBCC012.CAB
Ag1Al1Bi2,aflow:2e11cd5bfff6ed89,,,0.099413,26.1055,8,mS8,aflowlib.duke.edu:AFLOWDATA/LIB3_WEB/AgAlBi_d/TFCC006.CAB
Ag1Al1Bi2,aflow:36ffc0fa5477ab20,,,0.171843,24.9724,44,oI8,aflowlib.duke.edu:AFLOWDATA/LIB3_WEB/AgAlBi_d/TBCC007.CAB
Ag1Al1Bi2,aflow:3873d359e5d3fa1c,,,0.21605,25.0249,47,oP4,aflowlib.duke.edu:AFLOWDATA/LIB3_WEB/AgAlBi_d/TFCC010.CAB
Ag1Al1Bi2,aflow:3d0a9f9cf08f05ff,,,0.187402,24.9984,123,tP4,aflowlib.duke.edu:AFLOWDATA/LIB3_WEB/AgAlBi_d/TBCC011.CAB
Ag1Al1Bi2,aflow:422e9b50fa737889,,,0.187469,26.1984,12,mS8,aflowlib.duke.edu:AFLOWDATA/LIB3_WEB/AgAlBi_d/TFCC011.CAB
Ag1Al1Bi2,aflow:432141bde38aea9a,,,0.200379,25.1662,123,tP4,aflowlib.duke.edu:AFLOWDATA/LIB3_WEB/AgAlBi_d/TBCC016.CAB
Ag1Al1Bi2,aflow:47de4190bce6839f,,,0.198182,24.86,65,oS8,aflowlib.duke.edu:AFLOWDATA/LIB3_WEB/AgAlBi_d/TFCC015.CAB
Ag1Al1Bi2,aflow:4fbabbf3ce163717,,,0.112467,25.7318,99,tP4,aflowlib.duke.edu:AFLOWDATA/LIB3_WEB/AgAlBi_d/TBCC006.CAB
Ag1Al1Bi2,aflow:85754507c2f59637,,,0.240214,25.4939,10,mP4,aflowlib.duke.edu:AFLOWDATA/LIB3_WEB/AgAlBi_d/TFCC014.CAB
Ag1Al1Bi2,aflow:914c5c1c83a1501d,,,0.187796,25.0536,65,oS8,aflowlib.duke.edu:AFLOWDATA/LIB3_WEB/AgAlBi_d/TBCC009.CAB
Ag1Al1Bi2,aflow:97a8051737a34c57,,,0.148668,24.6069,35,oS8,aflowlib.duke.edu:AFLOWDATA/LIB3_WEB/AgAlBi_d/TBCC004.CAB
Ag1Al1Bi2,aflow:9b0f3836acfa75b9,,,0.179752,25.9358,166,hR4,aflowlib.duke.edu:AFLOWDATA/LIB3_WEB/AgAlBi_d/TFCC009.CAB
Ag1Al1Bi2,aflow:ad9e7e46bc159c96,,,0.199463,25.3004,6,mP4,aflowlib.duke.edu:AFLOWDATA/LIB3_WEB/AgAlBi_d/TBCC005.CAB
Ag1Al1Bi2,aflow:ae7d2421268b7b24,,,0.126811,25.6452,160,hR4,aflowlib.duke.edu:AFLOWDATA/LIB3_WEB/AgAlBi_d/TFCC004.CAB
Ag1Al1Bi2,aflow:b397874221cc0da0,,,0.220289,25.1152,123,tP4,aflowlib.duke.edu:AFLOWDATA/LIB3_WEB/AgAlBi_d/TFCC016.CAB
Ag1Al1Bi2,aflow:b3fe382891496eb1,,,0.102188,25.9937,25,oP4,aflowlib.duke.edu:AFLOWDATA/LIB3_WEB/AgAlBi_d/TFCC005.CAB
Ag1Al1Bi2,aflow:b4d321f629884b7e,,,0.215111,25.1551,10,mP4,aflowlib.duke.edu:AFLOWDATA/LIB3_WEB/AgAlBi_d/TBCC010.CAB
Ag1Al1Bi2,aflow:cb28f16a089cee3c,,,0.187149,25.3106,123,tP4,aflowlib.duke.edu:AFLOWDATA/LIB3_WEB/AgAlBi_d/TFCC012.CAB
Ag1Al1Bi2,aflow:ed6c648e21e4dac1,,,0.199408,24.9718,12,mS8,aflowlib.duke.edu:AFLOWDATA/LIB3_WEB/AgAlBi_d/TBCC014.CAB
Ag1Al1Bi2,aflow:f92ea61bbb877562,,,0.245912,24.8239,225,cF16,aflowlib.duke.edu:AFLOWDATA/LIB3_WEB/AgAlBi_d/T0001.ABC2
Ag1Al1Bi2,aflow:fa01f1bd80fff803,,,0.224587,24.9242,139,tI8,aflowlib.duke.edu:AFLOWDATA/LIB3_WEB/AgAlBi_d/TFCC013.CAB
Ag1Al1Bi4,aflow:0d2a591b9764389e,,,0.460663,32.0042,216,cF24,aflowlib.duke.edu:AFLOWDATA/LIB3_WEB/AgAlBi_d/T0010.CAB
Ag1Al1Br1,aflow:065be5e66074eb89,,,-0.01447,21.4655,107,tI6,aflowlib.duke.edu:AFLOWDATA/LIB3_WEB/AgAlBr/TFCC002.ABC
Ag1Al1Br1,aflow:09437ee60ea5b359,,,-0.152132,22.7839,156,hP3,aflowlib.duke.edu:AFLOWDATA/LIB3_WEB/AgAlBr/TFCC001.ABC
Ag1Al1Br1,aflow:1896ee6f2767fe9a,,,-0.0135918,22.848,42,oF12,aflowlib.duke.edu:AFLOWDATA/LIB3_WEB/AgAlBr/TBCC001.ABC
Ag1Al1Br1,aflow:6df9d802ec8b02ec,,,0.239518,26.6996,216,cF12,aflowlib.duke.edu:AFLOWDATA/LIB3_WEB/AgAlBr/T0003.proto
Ag1Al1Br1,aflow:7d9d58ba3f552922,,,0.239508,26.7649,216,cF12,aflowlib.duke.edu:AFLOWDATA/LIB3_WEB/AgAlBr/T0003.ABC
Ag1Al1Br1,aflow:9af363156eb39616,,,-0.0143502,21.4197,107,tI6,aflowlib.duke.edu:AFLOWDATA/LIB3_WEB/AgAlBr/TBCC003.ABC
Ag1Al1Br1,aflow:c2acdce46623becd,,,-0.0143897,21.4399,107,tI6,aflowlib.duke.edu:AFLOWDATA/LIB3_WEB/AgAlBr/TFCC003.ABC
Ag1Al1Br1,aflow:da9ead4870ba295c,,,0.213397,26.3416,216,cF12,aflowlib.duke.edu:AFLOWDATA/LIB3_WEB/AgAlBr/T0003.CAB
Ag1Al1Br1,aflow:e4de586af2a1b7d6,,,-0.118879,22.5992,156,hP3,aflowlib.duke.edu:AFLOWDATA/LIB3_WEB/AgAlBr/TBCC002.ABC
Ag1Al1Br1,aflow:fe0236ead5005208,,,0.470005,28.2575,216,cF12,aflowlib.duke.edu:AFLOWDATA/LIB3_WEB/AgAlBr/T0003.BCA
Ag1Al1Br2,aflow:15692eef515c24bb,,,-0.178767,28.2379,71,oI8,aflowlib.duke.edu:AFLOWDATA/LIB3_WEB/AgAlBr/TBCC012.CAB
Ag1Al1Br2,aflow:1ee63d0287e2d227,,,-0.442073,30.3909,8,mS8,aflowlib.duke.edu:AFLOWDATA/LIB3_WEB/AgAlBr/TFCC006.CAB
Ag1Al1Br2,aflow:2c7aeeee681cd08e,,,-0.138802,24.8502,123,tP4,aflowlib.duke.edu:AFLOWDATA/LIB3_WEB/AgAlBr/TBCC011.CAB
Ag1Al1Br2,aflow:3056016a48f19725,,,-0.126439,24.6976,123,tP4,aflowlib.duke.edu:AFLOWDATA/LIB3_WEB/AgAlBr/TFCC016.CAB
Ag1Al1Br2,aflow:31d6c1d5aa050f6d,,,-0.173453,26.7055,99,tP4,aflowlib.duke.edu:AFLOWDATA/LIB3_WEB/AgAlBr/TBCC006.CAB
Ag1Al1Br2,aflow:468883b6584188c0,,,-0.180339,27.9714,65,oS8,aflowlib.duke.edu:AFLOWDATA/LIB3_WEB/AgAlBr/TBCC009.CAB
Ag1Al1Br2,aflow:4c2cbb58407761c7,,,-0.250271,27.7243,166,hR4,aflowlib.duke.edu:AFLOWDATA/LIB3_WEB/AgAlBr/TFCC009.CAB
Ag1Al1Br2,aflow:5240e8c9d6e56e9a,,,-0.227383,27.3926,35,oS8,aflowlib.duke.edu:AFLOWDATA/LIB3_WEB/AgAlBr/TBCC004.CAB
Ag1Al1Br2,aflow:542095f41d6c4044,,,-0.491457,27.7252,6,mP4,aflowlib.duke.edu:AFLOWDATA/LIB3_WEB/AgAlBr/TBCC005.CAB
Ag1Al1Br2,aflow:56fb4435a94263d5,,,-0.138996,24.9192,123,tP4,aflowlib.duke.edu:AFLOWDATA/LIB3_WEB/AgAlBr/TFCC012.CAB
Ag1Al1Br2,aflow:562db964e6cf8478,,,-0.195232,27.5401,10,mP4,aflowlib.duke.edu:AFLOWDATA/LIB3_WEB/AgAlBr/TBCC010.CAB
Ag1Al1Br2,aflow:6031483089756d1a,,,0.131156,24.804,216,cF16,aflowlib.duke.edu:AFLOWDATA/LIB3_WEB/AgAlBr/T0002.ABC2
Ag1Al1Br2,aflow:661c6252ea8ee14c,,,-0.123811,24.7601,225,cF16,aflowlib.duke.edu:AFLOWDATA/LIB3_WEB/AgAlBr/T0001.ABC2
Ag1Al1Br2,aflow:790870387292d391,,,-0.125796,24.6681,123,tP4,aflowlib.duke.edu:AFLOWDATA/LIB3_WEB/AgAlBr/TBCC016.CAB
Ag1Al1Br2,aflow:7bfef27cda0c718d,,,-0.423762,25.1904,160,hR4,aflowlib.duke.edu:AFLOWDATA/LIB3_WEB/AgAlBr/TFCC004.CAB
Ag1Al1Br2,aflow:7e6050a93466288b,,,-0.154245,27.4843,12,mS8,aflowlib.duke.edu:AFLOWDATA/LIB3_WEB/AgAlBr/TBCC014.CAB
Ag1Al1Br2,aflow:8256f6d684f7b4be,,,-0.249894,27.8605,12,mS8,aflowlib.duke.edu:AFLOWDATA/LIB3_WEB/AgAlBr/TFCC011.CAB
Ag1Al1Br2,aflow:a13ff3a63750df79,,,-0.144704,28.546,119,tI8,aflowlib.duke.edu:AFLOWDATA/LIB3_WEB/AgAlBr/TFCC008.CAB
Ag1Al1Br2,aflow:a7c561969b556224,,,-0.124002,24.7415,225,cF16,aflowlib.duke.edu:AFLOWDATA/LIB3_WEB/AgAlBr/TFCC013.CAB
Ag1Al1Br2,aflow:c73767cac89f44ab,,,-0.228273,27.3638,10,mP4,aflowlib.duke.edu:AFLOWDATA/LIB3_WEB/AgAlBr/TFCC014.CAB
Ag1Al1Br2,aflow:d82228825b8f1b98,,,-0.173977,26.838,99,tP4,aflowlib.duke.edu:AFLOWDATA/LIB3_WEB/AgAlBr/TFCC007.CAB
Ag1Al1Br2,aflow:df3e6ab39721e185,,,-0.30221,26.0234,44,oI8,aflowlib.duke.edu:AFLOWDATA/LIB3_WEB/AgAlBr/TBCC007.CAB
Ag1Al1Br2,aflow:e1151f539615559a,,,-0.146803,27.2874,47,oP4,aflowlib.duke.edu:AFLOWDATA/LIB3_WEB/AgAlBr/TBCC015.CAB
Ag1Al1Br2,aflow:eaa8d19a9f78f74f,,,-0.138803,24.8214,123,tP4,aflowlib.duke.edu:AFLOWDATA/LIB3_WEB/AgAlBr/TFCC010.CAB
Ag1Al1Br2,aflow:ead9fed9598da3db,,,-0.229196,27.2985,25,oP4,aflowlib.duke.edu:AFLOWDATA/LIB3_WEB/AgAlBr/TFCC005.CAB
Ag1Al1Br2,aflow:f602c8436788a6e0,,,-0.126271,24.6917,65,oS8,aflowlib.duke.edu:AFLOWDATA/LIB3_WEB/AgAlBr/TFCC015.CAB
Ag1Al1Br4,aflow:28a30b340c359604,,,0.490812,31.4184,216,cF24,aflowlib.duke.edu:AFLOWDATA/LIB3_WEB/AgAlBr/T0010.CAB
Ag1Al1Ca1,aflow:94a7c6d2018a4903,,,0.382404,28.6125,216,cF12,aflowlib.duke.edu:AFLOWDATA/LIB3_WEB/AgAlCa_sv/T0003.BCA
Ag1Al1Ca1,aflow:9fc60f526880663c,,,-0.0823937,25.6322,216,cF12,aflowlib.duke.edu:AFLOWDATA/LIB3_WEB/AgAlCa_sv/T0003.CAB
Ag1Al1Ca1,aflow:b68a3817ba6bc8f9,,,-0.290217,23.1268,187,hP3,aflowlib.duke.edu:AFLOWDATA/LIB3_WEB/AgAlCa_sv/TBCC002.ABC
Ag1Al1Ca1,aflow:b986eb851efff9d0,,,-0.209093,22.324,107,tI6,aflowlib.duke.edu:AFLOWDATA/LIB3_WEB/AgAlCa_sv/TBCC003.ABC
Ag1Al1Ca1,aflow:bfec9d241cbdc853,,,-0.208929,22.2212,44,oI6,aflowlib.duke.edu:AFLOWDATA/LIB3_WEB/AgAlCa_sv/TFCC002.ABC
Ag1Al1Ca1,aflow:c9bb2df431fca7a9,,,-0.207122,22.3538,42,oF12,aflowlib.duke.edu:AFLOWDATA/LIB3_WEB/AgAlCa_sv/TBCC001.ABC
Ag1Al1Ca1,aflow:dc5131e8c454e71b,,,-0.208875,22.2161,107,tI6,aflowlib.duke.edu:AFLOWDATA/LIB3_WEB/AgAlCa_sv/TFCC003.ABC
Ag1Al1Ca1,aflow:eef82e25db66feb9,,,-0.28884,22.3816,187,hP3,aflowlib.duke.edu:AFLOWDATA/LIB3_WEB/AgAlCa_sv/TFCC001.ABC
Ag1Al1Ca1,aflow:ffbbf10db7cce812,,,0.067771,26.0366,216,cF12,aflowlib.duke.edu:AFLOWDATA/LIB3_WEB/AgAlCa_sv/T0003.ABC
Ag1Al1Ca2,aflow:00afbf08d0e7b692,,,-0.209439,26.0115,8,mS8,aflowlib.duke.edu:AFLOWDATA/LIB3_WEB/AgAlCa_sv/TFCC006.CAB
Ag1Al1Ca2,aflow:02439063138aa775,,,-0.00430548,28.9489,10,mP4,aflowlib.duke.edu:AFLOWDATA/LIB3_WEB/AgAlCa_sv/TFCC014.CAB
Ag1Al1Ca2,aflow:0a1f2142852c1317,,,-0.24867,25.7182,47,oP4,aflowlib.duke.edu:AFLOWDATA/LIB3_WEB/AgAlCa_sv/TFCC010.CAB
Ag1Al1Ca2,aflow:16f7f95ab3600946,,,-0.150106,26.7794,99,tP4,aflowlib.duke.edu:AFLOWDATA/LIB3_WEB/AgAlCa_sv/TBCC004.CAB
Ag1Al1Ca2,aflow:38281ecd59269962,,,-0.239876,25.7744,25,oP4,aflowlib.duke.edu:AFLOWDATA/LIB3_WEB/AgAlCa_sv/TBCC005.CAB
Ag1Al1Ca2,aflow:3fb47e245ce5550c,,,-0.148801,26.8843,25,oP4,aflowlib.duke.edu:AFLOWDATA/LIB3_WEB/AgAlCa_sv/TFCC005.CAB
Ag1Al1Ca2,aflow:4151ac5cfea667c1,,,-0.246718,25.6257,123,tP4,aflowlib.duke.edu:AFLOWDATA/LIB3_WEB/AgAlCa_sv/TFCC012.CAB
Ag1Al1Ca2,aflow:46bd16802e438d9c,,,-0.234168,26.1013,71,oI8,aflowlib.duke.edu:AFLOWDATA/LIB3_WEB/AgAlCa_sv/TBCC012.CAB
Ag1Al1Ca2,aflow:4b6c7239aba905ce,,,-0.243571,25.6953,123,tP4,aflowlib.duke.edu:AFLOWDATA/LIB3_WEB/AgAlCa_sv/TBCC016.CAB
Ag1Al1Ca2,aflow:5406f1e269e5d652,,,-0.231875,25.7467,139,tI8,aflowlib.duke.edu:AFLOWDATA/LIB3_WEB/AgAlCa_sv/TFCC011.CAB
Ag1Al1Ca2,aflow:5574fb4ed7cb6fc0,,,-0.1977,30.779,160,hR4,aflowlib.duke.edu:AFLOWDATA/LIB3_WEB/AgAlCa_sv/TFCC004.CAB
Ag1Al1Ca2,aflow:5c523d401c83972a,,,-0.234819,25.874,225,cF16,aflowlib.duke.edu:AFLOWDATA/LIB3_WEB/AgAlCa_sv/T0001.ABC2
Ag1Al1Ca2,aflow:7696b05968e1b87a,,,-0.233417,25.7176,139,tI8,aflowlib.duke.edu:AFLOWDATA/LIB3_WEB/AgAlCa_sv/TFCC013.CAB
Ag1Al1Ca2,aflow:7d1de562045660d6,,,-0.25043,25.7157,123,tP4,aflowlib.duke.edu:AFLOWDATA/LIB3_WEB/AgAlCa_sv/TBCC011.CAB
Ag1Al1Ca2,aflow:881b284362e37fec,,,-0.153246,23.3243,216,cF16,aflowlib.duke.edu:AFLOWDATA/LIB3_WEB/AgAlCa_sv/T0002.ABC2
Ag1Al1Ca2,aflow:892f1eee18a33b52,,,-0.148586,26.8886,99,tP4,aflowlib.duke.edu:AFLOWDATA/LIB3_WEB/AgAlCa_sv/TBCC006.CAB
Ag1Al1Ca2,aflow:964026ca9ead4cc3,,,-0.243957,25.8545,123,tP4,aflowlib.duke.edu:AFLOWDATA/LIB3_WEB/AgAlCa_sv/TFCC015.CAB
Ag1Al1Ca2,aflow:9b33bc00bc03735d,,,-0.148538,26.8057,99,tP4,aflowlib.duke.edu:AFLOWDATA/LIB3_WEB/AgAlCa_sv/TFCC007.CAB
Ag1Al1Ca2,aflow:9d98b4ab0e6e91ed,,,-0.241495,25.8468,123,tP4,aflowlib.duke.edu:AFLOWDATA/LIB3_WEB/AgAlCa_sv/TBCC015.CAB
Ag1Al1Ca2,aflow:b2b0ba0ed1a5399c,,,-0.242568,25.846,123,tP4,aflowlib.duke.edu:AFLOWDATA/LIB3_WEB/AgAlCa_sv/TBCC014.CAB
Ag1Al1Ca2,aflow:b6d13d05757b8246,,,-0.245191,25.7095,123,tP4,aflowlib.duke.edu:AFLOWDATA/LIB3_WEB/AgAlCa_sv/TFCC016.CAB
Ag1Al1Ca2,aflow:c9db675e3da603d8,,,-0.034995,28.9624,166,hR4,aflowlib.duke.edu:AFLOWDATA/LIB3_WEB/AgAlCa_sv/TFCC009.CAB
Ag1Al1Ca2,aflow:de1791b6352ba4fe,,,-0.153165,23.3752,119,tI8,aflowlib.duke.edu:AFLOWDATA/LIB3_WEB/AgAlCa_sv/TFCC008.CAB
Ag1Al1Ca2,aflow:e242925516a52807,,,-0.210375,25.8345,44,oI8,aflowlib.duke.edu:AFLOWDATA/LIB3_WEB/AgAlCa_sv/TBCC007.CAB
Ag1Al1Ca2,aflow:e8e8e1770da10d3c,,,-0.251135,25.6482,123,tP4,aflowlib.duke.edu:AFLOWDATA/LIB3_WEB/AgAlCa_sv/TBCC010.CAB
Ag1Al1Ca2,aflow:fd49c91306019f29,,,-0.252232,25.9192,123,tP4,aflowlib.duke.edu:AFLOWDATA/LIB3_WEB/AgAlCa_sv/TBCC009.CAB
Ag1Al1Ca4,aflow:8b2ea5e8e7e6c8ad,,,0.447676,33.5789,216,cF24,aflowlib.duke.edu:AFLOWDATA/LIB3_WEB/AgAlCa_sv/T0010.CAB
Ag1Al1Cd1,aflow:05652d0e19bf0529,,,0.015381,18.7527,156,hP3,aflowlib.duke.edu:AFLOWDATA/LIB3_WEB/AgAlCd/TFCC001.ABC
Ag1Al1Cd1,aflow:191762eabaf92ae0,,,0.033566,18.7571,107,tI6,aflowlib.duke.edu:AFLOWDATA/LIB3_WEB/AgAlCd/TFCC003.ABC
Ag1Al1Cd1,aflow:1b24d77f30bf660d,,,0.074862,18.8657,42,oF12,aflowlib.duke.edu:AFLOWDATA/LIB3_WEB/AgAlCd/TBCC001.ABC
Ag1Al1Cd1,aflow:3e140f3b7df58555,,,0.234412,22.1279,216,cF12,aflowlib.duke.edu:AFLOWDATA/LIB3_WEB/AgAlCd/T0003.BCA
Ag1Al1Cd1,aflow:441ee8ecd5ec592d,,,0.0395253,18.8832,107,tI6,aflowlib.duke.edu:AFLOWDATA/LIB3_WEB/AgAlCd/TBCC003.ABC
Ag1Al1Cd1,aflow:4fbcbbbee6253e6b,,,0.0908483,21.5416,216,cF12,aflowlib.duke.edu:AFLOWDATA/LIB3_WEB/AgAlCd/T0003.CAB
Ag1Al1Cd1,aflow:5719b5802d601f82,,,0.117632,21.2491,216,cF12,aflowlib.duke.edu:AFLOWDATA/LIB3_WEB/AgAlCd/T0003.ABC
Ag1Al1Cd1,aflow:a43c8f66ac0f3c47,,,0.0434623,18.7108,44,oI6,aflowlib.duke.edu:AFLOWDATA/LIB3_WEB/AgAlCd/TFCC002.ABC
Ag1Al1Cd1,aflow:df05448964c9d35f,,,0.088999,19.1125,156,hP3,aflowlib.duke.edu:AFLOWDATA/LIB3_WEB/AgAlCd/TBCC002.ABC
Ag1Al1Cd2,aflow:06bbc6dbe25786c1,,,0.0922293,20.081,47,oP4,aflowlib.duke.edu:AFLOWDATA/LIB3_WEB/AgAlCd/TBCC015.CAB
Ag1Al1Cd2,aflow:0a63e39a4aa8e691,,,0.116306,19.8674,71,oI8,aflowlib.duke.edu:AFLOWDATA/LIB3_WEB/AgAlCd/TBCC012.CAB
Ag1Al1Cd2,aflow:0a03e3dbb61c97ab,,,0.032489,19.6466,99,tP4,aflowlib.duke.edu:AFLOWDATA/LIB3_WEB/AgAlCd/TFCC007.CAB
Ag1Al1Cd2,aflow:1df6621a7268a78f,,,0.0551083,19.7171,65,oS8,aflowlib.duke.edu:AFLOWDATA/LIB3_WEB/AgAlCd/TBCC014.CAB
Ag1Al1Cd2,aflow:25c70a6f32a590cc,,,0.0172938,19.6077,160,hR4,aflowlib.duke.edu:AFLOWDATA/LIB3_WEB/AgAlCd/TFCC004.CAB
Ag1Al1Cd2,aflow:25c7814adb579537,,,0.0993175,19.9773,65,oS8,aflowlib.duke.edu:AFLOWDATA/LIB3_WEB/AgAlCd/TBCC009.CAB
Ag1Al1Cd2,aflow:2a0b075a9c1bc391,,,0.0857588,19.983,123,tP4,aflowlib.duke.edu:AFLOWDATA/LIB3_WEB/AgAlCd/TBCC016.CAB
Ag1Al1Cd2,aflow:338394d18f85948e,,,0.0604588,19.6566,12,mS8,aflowlib.duke.edu:AFLOWDATA/LIB3_WEB/AgAlCd/TFCC011.CAB
Ag1Al1Cd2,aflow:3478c717eb9ee42d,,,0.0460508,19.5939,6,mP4,aflowlib.duke.edu:AFLOWDATA/LIB3_WEB/AgAlCd/TBCC005.CAB
Ag1Al1Cd2,aflow:3a033613a13a8222,,,0.045524,19.6777,166,hR4,aflowlib.duke.edu:AFLOWDATA/LIB3_WEB/AgAlCd/TFCC009.CAB
Ag1Al1Cd2,aflow:3f7c1dbb8359428d,,,0.0763167,19.8709,99,tP4,aflowlib.duke.edu:AFLOWDATA/LIB3_WEB/AgAlCd/TBCC006.CAB
Ag1Al1Cd2,aflow:47fd1a268ec3742c,0,metal,0.130845,20.0482,216,cF16,aflowlib.duke.edu:AFLOWDATA/LIB3_WEB/AgAlCd/T0002.ABC2
Ag1Al1Cd2,aflow:56e1ecb676277589,,,0.0589598,19.6951,123,tP4,aflowlib.duke.edu:AFLOWDATA/LIB3_WEB/AgAlCd/TFCC012.CAB
Ag1Al1Cd2,aflow:5b1f6484241d5100,,,0.0638148,19.6251,119,tI8,aflowlib.duke.edu:AFLOWDATA/LIB3_WEB/AgAlCd/TFCC008.CAB
Ag1Al1Cd2,aflow:602089827ba34cc1,,,0.135596,20.1756,225,cF16,aflowlib.duke.edu:AFLOWDATA/LIB3_WEB/AgAlCd/TBCC013.CAB
Ag1Al1Cd2,aflow:7ddc41c0c463fba7,,,0.0629697,19.6404,139,tI8,aflowlib.duke.edu:AFLOWDATA/LIB3_WEB/AgAlCd/TFCC013.CAB
Ag1Al1Cd2,aflow:86e57ebac64372c7,,,0.049273,19.7182,8,mS8,aflowlib.duke.edu:AFLOWDATA/LIB3_WEB/AgAlCd/TFCC006.CAB
Ag1Al1Cd2,aflow:8a86719a09ceefbe,,,0.0591118,19.6606,65,oS8,aflowlib.duke.edu:AFLOWDATA/LIB3_WEB/AgAlCd/TFCC015.CAB
Ag1Al1Cd2,aflow:bc724e054ed04e52,0,metal,0.135734,20.1665,225,cF16,aflowlib.duke.edu:AFLOWDATA/LIB3_WEB/AgAlCd/T0001.ABC2
Ag1Al1Cd2,aflow:bd8bd2219dc10722,,,0.113759,19.9189,10,mP4,aflowlib.duke.edu:AFLOWDATA/LIB3_WEB/AgAlCd/TBCC010.CAB
Ag1Al1Cd2,aflow:c104cca170181589,,,0.0833795,19.974,35,oS8,aflowlib.duke.edu:AFLOWDATA/LIB3_WEB/AgAlCd/TBCC004.CAB
Ag1Al1Cd2,aflow:d0ccaac2ce49d348,,,0.0674163,19.6781,123,tP4,aflowlib.duke.edu:AFLOWDATA/LIB3_WEB/AgAlCd/TFCC016.CAB
Ag1Al1Cd2,aflow:d8fb5c35c0d53ed3,,,0.0512825,20.1142,44,oI8,aflowlib.duke.edu:AFLOWDATA/LIB3_WEB/AgAlCd/TBCC007.CAB
Ag1Al1Cd2,aflow:d9b9bcdce337c926,,,0.0484045,19.5513,47,oP4,aflowlib.duke.edu:AFLOWDATA/LIB3_WEB/AgAlCd/TFCC010.CAB
Ag1Al1Cd2,aflow:df0f1e21f4e03e09,,,0.130713,20.0869,216,cF16,aflowlib.duke.edu:AFLOWDATA/LIB3_WEB/AgAlCd/TBCC008.CAB
Ag1Al1Cd2,aflow:e102d50c365952af,,,0.0451825,19.6317,25,oP4,aflowlib.duke.edu:AFLOWDATA/LIB3_WEB/AgAlCd/TFCC005.CAB
Ag1Al1Cd2,aflow:e36ccdb69c4e9341,,,0.054468,19.7054,123,tP4,aflowlib.duke.edu:AFLOWDATA/LIB3_WEB/AgAlCd/TBCC011.CAB
Ag1Al1Cd2,aflow:fb524d77fd99847b,,,0.0627365,19.6919,10,mP4,aflowlib.duke.edu:AFLOWDATA/LIB3_WEB/AgAlCd/TFCC014.CAB
Ag1Al1Cd4,aflow:a951cde322895be2,,,0.218513,22.0859,216,cF24,aflowlib.duke.edu:AFLOWDATA/LIB3_WEB/AgAlCd/T0010.CAB
Ag1Al1Cl1,aflow:57f14e0e56d414d3,,,-0.147295,19.7207,107,tI6,aflowlib.duke.edu:AFLOWDATA/LIB3_WEB/AgAlCl/TFCC002.ABC
Ag1Al1Cl1,aflow:69a8d8132b5042ab,,,0.406191,26.0329,216,cF12,aflowlib.duke.edu:AFLOWDATA/LIB3_WEB/AgAlCl/T0003.BCA
Ag1Al1Cl1,aflow:a2be37bb1a80450e,,,0.0866838,19.9446,156,hP3,aflowlib.duke.edu:AFLOWDATA/LIB3_WEB/AgAlCl/TBCC002.ABC
Ag1Al1Cl1,aflow:bba9752867300b0c,,,0.134186,24.472,216,cF12,aflowlib.duke.edu:AFLOWDATA/LIB3_WEB/AgAlCl/T0003.CAB
Ag1Al1Cl1,aflow:d3f2b8e7cfdf667e,,,-0.147434,19.6484,107,tI6,aflowlib.duke.edu:AFLOWDATA/LIB3_WEB/AgAlCl/TBCC003.ABC
Ag1Al1Cl1,aflow:d42bace1e21e4699,,,-0.147426,19.7396,107,tI6,aflowlib.duke.edu:AFLOWDATA/LIB3_WEB/AgAlCl/TFCC003.ABC
Ag1Al1Cl1,aflow:f119ffaa2fa68841,,,0.115533,24.544,216,cF12,aflowlib.duke.edu:AFLOWDATA/LIB3_WEB/AgAlCl/T0003.ABC
Ag1Al1Cl1,aflow:f3d2582ce4a7f7be,,,-0.285198,21.392,156,hP3,aflowlib.duke.edu:AFLOWDATA/LIB3_WEB/AgAlCl/TFCC001.ABC
Ag1Al1Cl1,aflow:f50930e2c7899483,,,-0.168837,21.285,42,oF12,aflowlib.duke.edu:AFLOWDATA/LIB3_WEB/AgAlCl/TBCC001.ABC
Ag1Al1Cl2,aflow:0963f7b886fa618d,,,-0.694098,26.7637,8,mS8,aflowlib.duke.edu:AFLOWDATA/LIB3_WEB/AgAlCl/TFCC006.CAB
Ag1Al1Cl2,aflow:1bca77b29ad2644c,,,-0.0389168,21.5057,216,cF16,aflowlib.duke.edu:AFLOWDATA/LIB3_WEB/AgAlCl/T0002.ABC2
Ag1Al1Cl2,aflow:1eb5a86bc49c3cfa,,,-0.531751,22.3491,44,oI8,aflowlib.duke.edu:AFLOWDATA/LIB3_WEB/AgAlCl/TBCC007.CAB
Ag1Al1Cl2,aflow:33a844d521b7b75b,,,-0.330121,24.4062,10,mP4,aflowlib.duke.edu:AFLOWDATA/LIB3_WEB/AgAlCl/TFCC014.CAB
Ag1Al1Cl2,aflow:5115d8cb4b7a4d5f,,,-0.286835,21.8257,123,tP4,aflowlib.duke.edu:AFLOWDATA/LIB3_WEB/AgAlCl/TFCC012.CAB
Ag1Al1Cl2,aflow:580edb96847ef152,,,-0.26912,21.7982,123,tP4,aflowlib.duke.edu:AFLOWDATA/LIB3_WEB/AgAlCl/TBCC016.CAB
Ag1Al1Cl2,aflow:5c0280733872207d,,,-0.314647,24.8161,71,oI8,aflowlib.duke.edu:AFLOWDATA/LIB3_WEB/AgAlCl/TBCC012.CAB
Ag1Al1Cl2,aflow:615204340d483906,,,-0.368146,24.7053,12,mS8,aflowlib.duke.edu:AFLOWDATA/LIB3_WEB/AgAlCl/TFCC011.CAB
Ag1Al1Cl2,aflow:61d11205561832c1,,,-0.618186,21.3639,160,hR4,aflowlib.duke.edu:AFLOWDATA/LIB3_WEB/AgAlCl/TFCC004.CAB
Ag1Al1Cl2,aflow:6236cca4f9b013d8,,,-0.286846,21.7939,123,tP4,aflowlib.duke.edu:AFLOWDATA/LIB3_WEB/AgAlCl/TBCC011.CAB
Ag1Al1Cl2,aflow:6ace22501c7f02e2,,,-0.761752,24.7869,6,mP4,aflowlib.duke.edu:AFLOWDATA/LIB3_WEB/AgAlCl/TBCC005.CAB
Ag1Al1Cl2,aflow:6b259b1cc946179c,,,-0.284412,24.2712,119,tI8,aflowlib.duke.edu:AFLOWDATA/LIB3_WEB/AgAlCl/TFCC008.CAB
Ag1Al1Cl2,aflow:6c8326635f2d8928,,,-0.259914,22.002,225,cF16,aflowlib.duke.edu:AFLOWDATA/LIB3_WEB/AgAlCl/T0001.ABC2
Ag1Al1Cl2,aflow:6df57aecb0a1cb80,,,-0.269122,21.7494,123,tP4,aflowlib.duke.edu:AFLOWDATA/LIB3_WEB/AgAlCl/TFCC015.CAB
Ag1Al1Cl2,aflow:6ec9e3a5df8086dc,,,-0.350636,22.0332,99,tP4,aflowlib.duke.edu:AFLOWDATA/LIB3_WEB/AgAlCl/TFCC007.CAB
Ag1Al1Cl2,aflow:71f2d17a44db34f3,,,-0.327226,24.023,10,mP4,aflowlib.duke.edu:AFLOWDATA/LIB3_WEB/AgAlCl/TBCC010.CAB
Ag1Al1Cl2,aflow:7e3419a0d71d542e,,,-0.338184,22.8086,12,mS8,aflowlib.duke.edu:AFLOWDATA/LIB3_WEB/AgAlCl/TBCC014.CAB
Ag1Al1Cl2,aflow:8af0ba9de453f7af,,,-0.322776,24.1404,65,oS8,aflowlib.duke.edu:AFLOWDATA/LIB3_WEB/AgAlCl/TBCC009.CAB
Ag1Al1Cl2,aflow:94479e3da4c5c2b0,,,-0.36815,24.7901,166,hR4,aflowlib.duke.edu:AFLOWDATA/LIB3_WEB/AgAlCl/TFCC009.CAB
Ag1Al1Cl2,aflow:a8642a2a024334ca,,,-0.268891,21.7774,123,tP4,aflowlib.duke.edu:AFLOWDATA/LIB3_WEB/AgAlCl/TFCC016.CAB
Ag1Al1Cl2,aflow:aaac0e2c7df40c4a,,,-0.35457,23.864,25,oP4,aflowlib.duke.edu:AFLOWDATA/LIB3_WEB/AgAlCl/TFCC005.CAB
Ag1Al1Cl2,aflow:c018da7b71550f90,,,-0.286837,21.8471,123,tP4,aflowlib.duke.edu:AFLOWDATA/LIB3_WEB/AgAlCl/TFCC010.CAB
Ag1Al1Cl2,aflow:d72b830c0da40bb1,,,-0.432217,23.2461,35,oS8,aflowlib.duke.edu:AFLOWDATA/LIB3_WEB/AgAlCl/TBCC004.CAB
Ag1Al1Cl2,aflow:db97af9a6cb07ec3,,,-0.350249,21.7368,99,tP4,aflowlib.duke.edu:AFLOWDATA/LIB3_WEB/AgAlCl/TBCC006.CAB
Ag1Al1Cl2,aflow:e78fc12b42a75dba,,,-0.287207,24.3251,47,oP4,aflowlib.duke.edu:AFLOWDATA/LIB3_WEB/AgAlCl/TBCC015.CAB
Ag1Al1Cl2,aflow:ee2f7f6e5508e16c,,,-0.259947,21.9185,225,cF16,aflowlib.duke.edu:AFLOWDATA/LIB3_WEB/AgAlCl/TFCC013.CAB
Ag1Al1Cl4,aflow:ce38527f50d8a32e,,,0.379866,25.5025,216,cF24,aflowlib.duke.edu:AFLOWDATA/LIB3_WEB/AgAlCl/T0010.CAB
Ag1Al1Co1,aflow:1d410c72afa60262,,,-0.0779933,13.9988,107,tI6,aflowlib.duke.edu:AFLOWDATA/LIB3_WEB/AgAlCo/TFCC002.ABC
Ag1Al1Co1,aflow:538b8dc68f3694d6,,,-0.0782227,14.0279,107,tI6,aflowlib.duke.edu:AFLOWDATA/LIB3_WEB/AgAlCo/TBCC003.ABC
Ag1Al1Co1,aflow:63c9e8ebe1fa5b73,,,0.259298,16.3773,216,cF12,aflowlib.duke.edu:AFLOWDATA/LIB3_WEB/AgAlCo/T0003.BCA
Ag1Al1Co1,aflow:8d479a02ca9cd7eb,,,0.0688623,14.3035,156,hP3,aflowlib.duke.edu:AFLOWDATA/LIB3_WEB/AgAlCo/TBCC002.ABC
Ag1Al1Co1,aflow:9891f78448fdc08a,,,0.519026,16.9797,216,cF12,aflowlib.duke.edu:AFLOWDATA/LIB3_WEB/AgAlCo/T0003.CAB
Ag1Al1Co1,aflow:9cc7af0d8dc53c7b,,,0.274424,16.0593,216,cF12,aflowlib.duke.edu:AFLOWDATA/LIB3_WEB/AgAlCo/T0003.ABC
Ag1Al1Co1,aflow:a7afc4d39b0f2b7e,,,3.63,241.895,42,oF12,aflowlib.duke.edu:AFLOWDATA/LIB3_WEB/AgAlCo/TBCC001.ABC
Ag1Al1Co1,aflow:c25b850dc7d7a595,,,0.0671267,14.4242,156,hP3,aflowlib.duke.edu:AFLOWDATA/LIB3_WEB/AgAlCo/TFCC001.ABC
Ag1Al1Co1,aflow:ca45685958eba13e,,,-0.078057,14.003,107,tI6,aflowlib.duke.edu:AFLOWDATA/LIB3_WEB/AgAlCo/TFCC003.ABC
Ag1Al1Co2,aflow:159b813ce2d4b4c8,,,0.020914,13.0334,123,tP4,aflowlib.duke.edu:AFLOWDATA/LIB3_WEB/AgAlCo/TFCC012.CAB
Ag1Al1Co2,aflow:19ed90630e49bb30,0,metal,0.0834746,13.3495,216,cF16,aflowlib.duke.edu:AFLOWDATA/LIB3_WEB/AgAlCo/T0002.ABC2
Ag1Al1Co2,aflow:24b635355fab75de,,,0.072635,13.1556,123,tP4,aflowlib.duke.edu:AFLOWDATA/LIB3_WEB/AgAlCo/TFCC016.CAB
Ag1Al1Co2,aflow:2f93b3c5328ecb4e,,,0.0430758,13.3956,10,mP4,aflowlib.duke.edu:AFLOWDATA/LIB3_WEB/AgAlCo/TBCC010.CAB
Ag1Al1Co2,aflow:36dd20446caf4528,,,0.0725443,13.1228,123,tP4,aflowlib.duke.edu:AFLOWDATA/LIB3_WEB/AgAlCo/TBCC015.CAB
Ag1Al1Co2,aflow:382719ad49dea371,,,0.103202,13.721,160,hR4,aflowlib.duke.edu:AFLOWDATA/LIB3_WEB/AgAlCo/TFCC004.CAB
Ag1Al1Co2,aflow:3e2d405dc5e913b2,,,-0.0252945,13.3319,99,tP4,aflowlib.duke.edu:AFLOWDATA/LIB3_WEB/AgAlCo/TFCC005.CAB
Ag1Al1Co2,aflow:452234b6d692016e,,,0.057014,13.262,8,mS8,aflowlib.duke.edu:AFLOWDATA/LIB3_WEB/AgAlCo/TFCC006.CAB
Ag1Al1Co2,aflow:4da316fd4e679684,,,0.0155383,13.5164,6,mP4,aflowlib.duke.edu:AFLOWDATA/LIB3_WEB/AgAlCo/TBCC005.CAB
Ag1Al1Co2,aflow:4f55be82188e982d,,,-0.0269772,13.3944,99,tP4,aflowlib.duke.edu:AFLOWDATA/LIB3_WEB/AgAlCo/TBCC004.CAB
Ag1Al1Co2,aflow:4fd3297a2c834d89,,,0.0903698,13.3905,71,oI8,aflowlib.duke.edu:AFLOWDATA/LIB3_WEB/AgAlCo/TBCC012.CAB
Ag1Al1Co2,aflow:5383bd91f80e74fc,,,-0.0273617,13.3514,99,tP4,aflowlib.duke.edu:AFLOWDATA/LIB3_WEB/AgAlCo/TBCC006.CAB
Ag1Al1Co2,aflow:5933c0102f84e850,,,0.0209913,13.025,123,tP4,aflowlib.duke.edu:AFLOWDATA/LIB3_WEB/AgAlCo/TBCC011.CAB
Ag1Al1Co2,aflow:673b99081645b365,,,0.0945997,13.4951,12,mS8,aflowlib.duke.edu:AFLOWDATA/LIB3_WEB/AgAlCo/TFCC011.CAB
Ag1Al1Co2,aflow:76a64f7650ea5a83,,,0.104121,13.1267,225,cF16,aflowlib.duke.edu:AFLOWDATA/LIB3_WEB/AgAlCo/TBCC013.CAB
Ag1Al1Co2,aflow:89ebbae040b39897,,,0.093208,13.2447,139,tI8,aflowlib.duke.edu:AFLOWDATA/LIB3_WEB/AgAlCo/TFCC013.CAB
Ag1Al1Co2,aflow:89d5b0767064c7dd,,,0.043271,13.3786,47,oP4,aflowlib.duke.edu:AFLOWDATA/LIB3_WEB/AgAlCo/TFCC010.CAB
Ag1Al1Co2,aflow:959d7d21278039eb,,,0.107584,13.315,166,hR4,aflowlib.duke.edu:AFLOWDATA/LIB3_WEB/AgAlCo/TFCC009.CAB
Ag1Al1Co2,aflow:a1be1f10129f92ba,,,0.0879988,13.1511,65,oS8,aflowlib.duke.edu:AFLOWDATA/LIB3_WEB/AgAlCo/TFCC015.CAB
Ag1Al1Co2,aflow:a957dc95935be1a8,,,0.0879388,13.2,65,oS8,aflowlib.duke.edu:AFLOWDATA/LIB3_WEB/AgAlCo/TBCC014.CAB
Ag1Al1Co2,aflow:bc8e7b6cab749e47,,,-0.027167,13.3398,99,tP4,aflowlib.duke.edu:AFLOWDATA/LIB3_WEB/AgAlCo/TFCC007.CAB
Ag1Al1Co2,aflow:c27facad82954894,,,0.06255,13.261,119,tI8,aflowlib.duke.edu:AFLOWDATA/LIB3_WEB/AgAlCo/TFCC008.CAB
Ag1Al1Co2,aflow:c5804fe626e269ab,,,0.11041,13.3744,10,mP4,aflowlib.duke.edu:AFLOWDATA/LIB3_WEB/AgAlCo/TFCC014.CAB
Ag1Al1Co2,aflow:cd4d61e3475801a3,,,0.083195,13.1058,123,tP4,aflowlib.duke.edu:AFLOWDATA/LIB3_WEB/AgAlCo/TBCC016.CAB
Ag1Al1Co2,aflow:daa44e0478aa7744,,,0.0833483,13.3148,216,cF16,aflowlib.duke.edu:AFLOWDATA/LIB3_WEB/AgAlCo/TBCC008.CAB
Ag1Al1Co2,aflow:e5aad257ed042a83,0,metal,0.103681,13.1405,225,cF16,aflowlib.duke.edu:AFLOWDATA/LIB3_WEB/AgAlCo/T0001.ABC2
Ag1Al1Co2,aflow:e9f8ea811ff710a1,,,0.0211633,13.0678,123,tP4,aflowlib.duke.edu:AFLOWDATA/LIB3_WEB/AgAlCo/TBCC009.CAB
Ag1Al1Co2,aflow:ee7e6a4b2d378e23,,,0.0653645,13.3591,44,oI8,aflowlib.duke.edu:AFLOWDATA/LIB3_WEB/AgAlCo/TBCC007.CAB
Ag1Al1Co4,aflow:bd0efc39b1861329,,,0.105266,12.8059,216,cF24,aflowlib.duke.edu:AFLOWDATA/LIB3_WEB/AgAlCo/T0010.CAB
Ag1Al1Cr1,aflow:184bf3b2ab048324,,,0.177522,15.7753,107,tI6,aflowlib.duke.edu:AFLOWDATA/LIB3_WEB/AgAlCr_pv/TBCC003.ABC
Ag1Al1Cr1,aflow:22e7d5b5287cd622,,,0.463375,18.5572,216,cF12,aflowlib.duke.edu:AFLOWDATA/LIB3_WEB/AgAlCr_pv/T0003.ABC
Ag1Al1Cr1,aflow:3db7ad6e7bbe28aa,,,0.179335,16.4246,187,hP3,aflowlib.duke.edu:AFLOWDATA/LIB3_WEB/AgAlCr_pv/TBCC002.ABC
Ag1Al1Cr1,aflow:45098058f66fa922,,,0.267372,14.7813,156,hP3,aflowlib.duke.edu:AFLOWDATA/LIB3_WEB/AgAlCr_pv/TFCC001.ABC
Ag1Al1Cr1,aflow:655868cb9a690bb5,,,0.882055,17.6808,216,cF12,aflowlib.duke.edu:AFLOWDATA/LIB3_WEB/AgAlCr_pv/T0003.CAB
Ag1Al1Cr1,aflow:72d1f7de55b63733,,,0.28708,14.4959,44,oI6,aflowlib.duke.edu:AFLOWDATA/LIB3_WEB/AgAlCr_pv/TFCC002.ABC
Ag1Al1Cr1,aflow:cb59b3b36380d78e,,,0.220401,14.7001,107,tI6,aflowlib.duke.edu:AFLOWDATA/LIB3_WEB/AgAlCr_pv/TFCC003.ABC
Ag1Al1Cr1,aflow:d01dddcdfebf4d74,,,0.223033,14.7624,42,oF12,aflowlib.duke.edu:AFLOWDATA/LIB3_WEB/AgAlCr_pv/TBCC001.ABC
Ag1Al1Cr1,aflow:d7b29e41e469d588,,,0.892721,17.8873,216,cF12,aflowlib.duke.edu:AFLOWDATA/LIB3_WEB/AgAlCr_pv/T0003.BCA
Ag1Al1Cr1,aflow:f4b621ff56d704c2,,,0.4633,18.5642,216,cF12,aflowlib.duke.edu:AFLOWDATA/LIB3_WEB/AgAlCr_pv/T0003.proto
Ag1Al1Cr2,aflow:12ea225b959425eb,,,0.29036,14.074,12,mS8,aflowlib.duke.edu:AFLOWDATA/LIB3_WEB/AgAlCr_pv/TFCC011.CAB
Ag1Al1Cr2,aflow:2e3893b02cfcc1a4,,,0.379708,13.8287,119,tI8,aflowlib.duke.edu:AFLOWDATA/LIB3_WEB/AgAlCr_pv/TFCC008.CAB
Ag1Al1Cr2,aflow:2f64fe80f7903b1b,,,0.359257,15.8879,123,tP4,aflowlib.duke.edu:AFLOWDATA/LIB3_WEB/AgAlCr_pv/TBCC016.CAB
Ag1Al1Cr2,aflow:3633aacdf468fea4,,,0.240664,14.5824,160,hR4,aflowlib.duke.edu:AFLOWDATA/LIB3_WEB/AgAlCr_pv/TFCC004.CAB
Ag1Al1Cr2,aflow:3e9e793596bbbc63,,,0.224486,14.1709,44,oI8,aflowlib.duke.edu:AFLOWDATA/LIB3_WEB/AgAlCr_pv/TBCC007.CAB
Ag1Al1Cr2,aflow:4dfe540a159a269e,,,0.359123,15.828,65,oS8,aflowlib.duke.edu:AFLOWDATA/LIB3_WEB/AgAlCr_pv/TFCC015.CAB
Ag1Al1Cr2,aflow:51fc95d32b556680,,,0.124468,14.0116,99,tP4,aflowlib.duke.edu:AFLOWDATA/LIB3_WEB/AgAlCr_pv/TBCC006.CAB
Ag1Al1Cr2,aflow:585bdf4f9c257554,,,0.349333,13.856,65,oS8,aflowlib.duke.edu:AFLOWDATA/LIB3_WEB/AgAlCr_pv/TBCC009.CAB
Ag1Al1Cr2,aflow:5bfe619d6d72e67f,,,0.349441,13.8504,123,tP4,aflowlib.duke.edu:AFLOWDATA/LIB3_WEB/AgAlCr_pv/TFCC012.CAB
Ag1Al1Cr2,aflow:5c2197ebfdc7d59a,,,0.188698,14.1278,35,oS8,aflowlib.duke.edu:AFLOWDATA/LIB3_WEB/AgAlCr_pv/TBCC004.CAB
Ag1Al1Cr2,aflow:623737e6588b2df6,,,0.236289,14.1445,6,mP4,aflowlib.duke.edu:AFLOWDATA/LIB3_WEB/AgAlCr_pv/TBCC005.CAB
Ag1Al1Cr2,aflow:801d40538f69eaec,,,0.28514,14.0502,10,mP4,aflowlib.duke.edu:AFLOWDATA/LIB3_WEB/AgAlCr_pv/TBCC010.CAB
Ag1Al1Cr2,aflow:85e8bfc52e4793dd,,,0.344271,13.7978,12,mS8,aflowlib.duke.edu:AFLOWDATA/LIB3_WEB/AgAlCr_pv/TBCC014.CAB
Ag1Al1Cr2,aflow:9ceaf9259881a527,,,0.317526,13.7347,139,tI8,aflowlib.duke.edu:AFLOWDATA/LIB3_WEB/AgAlCr_pv/TFCC013.CAB
Ag1Al1Cr2,aflow:bfb7f2f58a856b26,,,0.295796,13.7037,47,oP4,aflowlib.duke.edu:AFLOWDATA/LIB3_WEB/AgAlCr_pv/TBCC015.CAB
Ag1Al1Cr2,aflow:bf741f79b36edc5f,,,0.324135,13.9629,8,mS8,aflowlib.duke.edu:AFLOWDATA/LIB3_WEB/AgAlCr_pv/TFCC006.CAB
Ag1Al1Cr2,aflow:c2aeb07a4cea9aeb,,,0.295896,13.6598,47,oP4,aflowlib.duke.edu:AFLOWDATA/LIB3_WEB/AgAlCr_pv/TFCC014.CAB
Ag1Al1Cr2,aflow:c424663436842216,,,0.300505,13.9816,47,oP4,aflowlib.duke.edu:AFLOWDATA/LIB3_WEB/AgAlCr_pv/TFCC010.CAB
Ag1Al1Cr2,aflow:c79f89c6dd474f33,,,0.349058,13.8762,123,tP4,aflowlib.duke.edu:AFLOWDATA/LIB3_WEB/AgAlCr_pv/TBCC011.CAB
Ag1Al1Cr2,aflow:ce1c02cc37a22c37,,,0.306305,13.7104,123,tP4,aflowlib.duke.edu:AFLOWDATA/LIB3_WEB/AgAlCr_pv/TFCC016.CAB
Ag1Al1Cr2,aflow:d82fd6a69589ecc2,0,metal,0.380633,13.8129,216,cF16,aflowlib.duke.edu:AFLOWDATA/LIB3_WEB/AgAlCr_pv/T0002.ABC2
Ag1Al1Cr2,aflow:de66c8d1cabb0f3d,,,0.124827,13.9883,99,tP4,aflowlib.duke.edu:AFLOWDATA/LIB3_WEB/AgAlCr_pv/TFCC005.CAB
Ag1Al1Cr2,aflow:e4f0bbdcf6d63b1f,,,0.1218,14.0014,99,tP4,aflowlib.duke.edu:AFLOWDATA/LIB3_WEB/AgAlCr_pv/TFCC007.CAB
Ag1Al1Cr2,aflow:e79f88095e8a8a99,0,metal,0.580125,14.0701,225,cF16,aflowlib.duke.edu:AFLOWDATA/LIB3_WEB/AgAlCr_pv/T0001.ABC2
Ag1Al1Cr2,aflow:f7107cd91a5c57c8,,,0.302261,13.6954,71,oI8,aflowlib.duke.edu:AFLOWDATA/LIB3_WEB/AgAlCr_pv/TBCC012.CAB
Ag1Al1Cr2,aflow:f9f68d310ab2882d,,,0.420042,13.9977,166,hR4,aflowlib.duke.edu:AFLOWDATA/LIB3_WEB/AgAlCr_pv/TFCC009.CAB
Ag1Al1Cr4,aflow:623c5bfd2baf07dd,,,0.349369,13.3232,216,cF24,aflowlib.duke.edu:AFLOWDATA/LIB3_WEB/AgAlCr_pv/T0010.CAB
Ag1Al1Cu1,aflow:19ae1fff932d1df8,,,-0.084267,14.976,42,oF12,aflowlib.duke.edu:AFLOWDATA/LIB3_WEB/AgAlCu_pv/TBCC001.ABC
Ag1Al1Cu1,aflow:3066446903206b06,,,0.158751,17.4696,216,cF12,aflowlib.duke.edu:AFLOWDATA/LIB3_WEB/AgAlCu_pv/T0003.ABC
Ag1Al1Cu1,aflow:48624f8aa00d3f8f,,,-0.0204613,15.1956,156,hP3,aflowlib.duke.edu:AFLOWDATA/LIB3_WEB/AgAlCu_pv/TFCC001.ABC
Ag1Al1Cu1,aflow:53725bf233e77afc,,,-0.0961982,14.6959,107,tI6,aflowlib.duke.edu:AFLOWDATA/LIB3_WEB/AgAlCu_pv/TBCC003.ABC
Ag1Al1Cu1,aflow:605fc28dfd0e8855,,,-0.0398179,15.0201,156,hP3,aflowlib.duke.edu:AFLOWDATA/LIB3_WEB/AgAlCu_pv/TBCC002.ABC
Ag1Al1Cu1,aflow:65ad75192503ef40,,,-0.0915473,14.8517,107,tI6,aflowlib.duke.edu:AFLOWDATA/LIB3_WEB/AgAlCu_pv/TFCC003.ABC
Ag1Al1Cu1,aflow:77fc96c037de8ba6,,,0.100516,17.3407,216,cF12,aflowlib.duke.edu:AFLOWDATA/LIB3_WEB/AgAlCu_pv/T0003.BCA
Ag1Al1Cu1,aflow:a0f59ce74ee8ab79,,,0.158486,17.4665,216,cF12,aflowlib.duke.edu:AFLOWDATA/LIB3_WEB/AgAlCu_pv/T0003.proto
Ag1Al1Cu1,aflow:aca47c434f9e2dc8,,,-0.0973103,14.7391,44,oI6,aflowlib.duke.edu:AFLOWDATA/LIB3_WEB/AgAlCu_pv/TFCC002.ABC
Ag1Al1Cu1,aflow:e20438501a4d6e12,,,0.211716,17.9485,216,cF12,aflowlib.duke.edu:AFLOWDATA/LIB3_WEB/AgAlCu_pv/T0003.CAB
Ag1Al1Cu2,aflow:05c6cb5bc3cc3029,,,-0.0681296,14.0591,123,tP4,aflowlib.duke.edu:AFLOWDATA/LIB3_WEB/AgAlCu_pv/TBCC015.CAB
Ag1Al1Cu2,aflow:052c6f28c519af74,,,-0.0545377,14.1685,99,tP4,aflowlib.duke.edu:AFLOWDATA/LIB3_WEB/AgAlCu_pv/TFCC007.CAB
Ag1Al1Cu2,aflow:198cb37e483f3e90,,,-0.0583765,14.1985,25,oP4,aflowlib.duke.edu:AFLOWDATA/LIB3_WEB/AgAlCu_pv/TFCC005.CAB
Ag1Al1Cu2,aflow:201ef0c24a322605,,,-0.058294,14.2617,71,oI8,aflowlib.duke.edu:AFLOWDATA/LIB3_WEB/AgAlCu_pv/TBCC012.CAB
Ag1Al1Cu2,aflow:22acc7d4f66a187f,,,-0.0575599,14.1366,99,tP4,aflowlib.duke.edu:AFLOWDATA/LIB3_WEB/AgAlCu_pv/TBCC004.CAB
Ag1Al1Cu2,aflow:2454e3f02d2cf1e4,,,-0.0701937,14.0814,44,oI8,aflowlib.duke.edu:AFLOWDATA/LIB3_WEB/AgAlCu_pv/TBCC007.CAB
Ag1Al1Cu2,aflow:3a280889bb1c1a02,,,-0.0778112,13.9676,119,tI8,aflowlib.duke.edu:AFLOWDATA/LIB3_WEB/AgAlCu_pv/TFCC008.CAB
Ag1Al1Cu2,aflow:4251a9680b239eca,,,-0.0151282,14.5263,166,hR4,aflowlib.duke.edu:AFLOWDATA/LIB3_WEB/AgAlCu_pv/TFCC009.CAB
Ag1Al1Cu2,aflow:45b60050c12b5e0e,0,metal,-0.0628561,14.073,225,cF16,aflowlib.duke.edu:AFLOWDATA/LIB3_WEB/AgAlCu_pv/T0001.ABC2
Ag1Al1Cu2,aflow:58ef78db88741d84,,,-0.0901472,13.9606,123,tP4,aflowlib.duke.edu:AFLOWDATA/LIB3_WEB/AgAlCu_pv/TBCC011.CAB
Ag1Al1Cu2,aflow:671df554d2e47b86,,,0.020699,14.4355,160,hR4,aflowlib.duke.edu:AFLOWDATA/LIB3_WEB/AgAlCu_pv/TFCC004.CAB
Ag1Al1Cu2,aflow:73d98ccff03ac0bd,,,-0.0634587,14.1234,123,tP4,aflowlib.duke.edu:AFLOWDATA/LIB3_WEB/AgAlCu_pv/TBCC016.CAB
Ag1Al1Cu2,aflow:7597d38ce3ea762c,,,-0.0641625,14.1674,65,oS8,aflowlib.duke.edu:AFLOWDATA/LIB3_WEB/AgAlCu_pv/TFCC015.CAB
Ag1Al1Cu2,aflow:8a19491fc04bc615,,,-0.0606039,14.3322,12,mS8,aflowlib.duke.edu:AFLOWDATA/LIB3_WEB/AgAlCu_pv/TBCC014.CAB
Ag1Al1Cu2,aflow:91f773874403ab81,,,-0.0617275,14.0806,99,tP4,aflowlib.duke.edu:AFLOWDATA/LIB3_WEB/AgAlCu_pv/TBCC006.CAB
Ag1Al1Cu2,aflow:99f98c605431a3a0,0,metal,-0.0554859,14.0297,216,cF16,aflowlib.duke.edu:AFLOWDATA/LIB3_WEB/AgAlCu_pv/T0002.ABC2
Ag1Al1Cu2,aflow:a1ef95edc394f0c0,,,-0.0775417,14.0796,139,tI8,aflowlib.duke.edu:AFLOWDATA/LIB3_WEB/AgAlCu_pv/TFCC013.CAB
Ag1Al1Cu2,aflow:b003c357283dc0fa,,,-0.0665575,14.1137,8,mS8,aflowlib.duke.edu:AFLOWDATA/LIB3_WEB/AgAlCu_pv/TFCC006.CAB
Ag1Al1Cu2,aflow:bc7191682427e0db,,,-0.087655,14.1799,47,oP4,aflowlib.duke.edu:AFLOWDATA/LIB3_WEB/AgAlCu_pv/TFCC010.CAB
Ag1Al1Cu2,aflow:be22e53f057a1532,,,-0.0624202,14.5067,6,mP4,aflowlib.duke.edu:AFLOWDATA/LIB3_WEB/AgAlCu_pv/TBCC005.CAB
Ag1Al1Cu2,aflow:cb8167b571ccbac7,,,-0.0529295,14.1667,12,mS8,aflowlib.duke.edu:AFLOWDATA/LIB3_WEB/AgAlCu_pv/TFCC011.CAB
Ag1Al1Cu2,aflow:db48182095caa6b5,,,-0.0738972,14.0994,123,tP4,aflowlib.duke.edu:AFLOWDATA/LIB3_WEB/AgAlCu_pv/TFCC016.CAB
Ag1Al1Cu2,aflow:e96a2b45334f7475,,,-0.086887,14.1042,123,tP4,aflowlib.duke.edu:AFLOWDATA/LIB3_WEB/AgAlCu_pv/TFCC012.CAB
Ag1Al1Cu2,aflow:eb27b6054b36de4f,,,-0.0775795,14.2445,65,oS8,aflowlib.duke.edu:AFLOWDATA/LIB3_WEB/AgAlCu_pv/TBCC009.CAB
Ag1Al1Cu2,aflow:eca45fb500772e87,,,-0.0325183,14.2091,10,mP4,aflowlib.duke.edu:AFLOWDATA/LIB3_WEB/AgAlCu_pv/TFCC014.CAB
Ag1Al1Cu2,aflow:ed35f882b156e64c,,,-0.0711272,13.8526,10,mP4,aflowlib.duke.edu:AFLOWDATA/LIB3_WEB/AgAlCu_pv/TBCC010.CAB
Ag1Al1Cu4,aflow:753ff324a04ec81b,,,-0.00751117,13.6625,216,cF24,aflowlib.duke.edu:AFLOWDATA/LIB3_WEB/AgAlCu_pv/T0010.CAB
Ag1Al1F3,aflow:7ac6d4149f101ae3,0,metal,-1.68881,12.3889,221,cP5,aflowlib.duke.edu:AFLOWDATA/LIB3_WEB/AgAlF/T0009.ABC:LDAU2
Ag1Al1F3,aflow:a839fbf74ab8b219,0,metal,-0.60527,16.8115,221,cP5,aflowlib.duke.edu:AFLOWDATA/LIB3_WEB/AgAlF/T0009.BAC:LDAU2
Ag1Al1Fe1,aflow:0f9db7ce459949bb,,,0.528255,16.1694,216,cF12,aflowlib.duke.edu:AFLOWDATA/LIB3_WEB/AgAlFe_pv/T0003.proto
Ag1Al1Fe1,aflow:1015eea52cf8c52f,,,0.021517,14.8147,107,tI6,aflowlib.duke.edu:AFLOWDATA/LIB3_WEB/AgAlFe_pv/TFCC003.ABC
Ag1Al1Fe1,aflow:1606c8a2e8f3ded6,,,0.0847517,14.8282,156,hP3,aflowlib.duke.edu:AFLOWDATA/LIB3_WEB/AgAlFe_pv/TFCC001.ABC
Ag1Al1Fe1,aflow:1e1444c851b5c4ba,,,0.0225742,14.6452,42,oF12,aflowlib.duke.edu:AFLOWDATA/LIB3_WEB/AgAlFe_pv/TBCC001.ABC
Ag1Al1Fe1,aflow:37a0fa366829688f,,,0.157437,14.0734,107,tI6,aflowlib.duke.edu:AFLOWDATA/LIB3_WEB/AgAlFe_pv/TBCC003.ABC
Ag1Al1Fe1,aflow:550993c32b001acd,,,0.41391,17.6206,216,cF12,aflowlib.duke.edu:AFLOWDATA/LIB3_WEB/AgAlFe_pv/T0003.BCA
Ag1Al1Fe1,aflow:8a0a3898c30abb93,,,0.528298,16.2091,216,cF12,aflowlib.duke.edu:AFLOWDATA/LIB3_WEB/AgAlFe_pv/T0003.ABC
Ag1Al1Fe1,aflow:a2c694126e3d2de6,,,0.129066,15.0349,156,hP3,aflowlib.duke.edu:AFLOWDATA/LIB3_WEB/AgAlFe_pv/TBCC002.ABC
Ag1Al1Fe1,aflow:c59b497f4dd9e7f1,,,0.75349,17.0432,216,cF12,aflowlib.duke.edu:AFLOWDATA/LIB3_WEB/AgAlFe_pv/T0003.CAB
Ag1Al1Fe1,aflow:e9e4c633497839f1,,,0.023479,14.6136,107,tI6,aflowlib.duke.edu:AFLOWDATA/LIB3_WEB/AgAlFe_pv/TFCC002.ABC
Ag1Al1Fe2,aflow:01815824bab78ad1,0,metal,0.191026,13.961,225,cF16,aflowlib.duke.edu:AFLOWDATA/LIB3_WEB/AgAlFe_pv/T0001.ABC2
Ag1Al1Fe2,aflow:07435fe2d7fade56,,,0.0561617,13.7676,123,tP4,aflowlib.duke.edu:AFLOWDATA/LIB3_WEB/AgAlFe_pv/TFCC016.CAB
Ag1Al1Fe2,aflow:0837725aa2cf5e5f,,,0.0663129,13.9131,10,mP4,aflowlib.duke.edu:AFLOWDATA/LIB3_WEB/AgAlFe_pv/TBCC010.CAB
Ag1Al1Fe2,aflow:20e9eea6d2569ab2,,,0.050557,13.8633,71,oI8,aflowlib.duke.edu:AFLOWDATA/LIB3_WEB/AgAlFe_pv/TFCC011.CAB
Ag1Al1Fe2,aflow:25dac12da5688184,,,0.0794272,14.0422,6,mP4,aflowlib.duke.edu:AFLOWDATA/LIB3_WEB/AgAlFe_pv/TBCC005.CAB
Ag1Al1Fe2,aflow:2cbad69bf06c4b04,,,0.0984415,13.0925,99,tP4,aflowlib.duke.edu:AFLOWDATA/LIB3_WEB/AgAlFe_pv/TFCC007.CAB
Ag1Al1Fe2,aflow:36f99f9d9495c644,,,0.097874,13.1221,99,tP4,aflowlib.duke.edu:AFLOWDATA/LIB3_WEB/AgAlFe_pv/TFCC005.CAB
Ag1Al1Fe2,aflow:3bc35ee2cc6e0e5c,,,0.0492422,13.8063,139,tI8,aflowlib.duke.edu:AFLOWDATA/LIB3_WEB/AgAlFe_pv/TFCC013.CAB
Ag1Al1Fe2,aflow:41affb857d0f17a1,,,0.201955,14.0248,123,tP4,aflowlib.duke.edu:AFLOWDATA/LIB3_WEB/AgAlFe_pv/TBCC016.CAB
Ag1Al1Fe2,aflow:5f67cdedcaef86ba,,,0.0870622,13.7505,119,tI8,aflowlib.duke.edu:AFLOWDATA/LIB3_WEB/AgAlFe_pv/TFCC008.CAB
Ag1Al1Fe2,aflow:6826656070bd5ca4,,,0.0573065,13.7662,123,tP4,aflowlib.duke.edu:AFLOWDATA/LIB3_WEB/AgAlFe_pv/TBCC011.CAB
Ag1Al1Fe2,aflow:6ec52a93107055b4,,,0.0566189,13.8078,123,tP4,aflowlib.duke.edu:AFLOWDATA/LIB3_WEB/AgAlFe_pv/TBCC009.CAB
Ag1Al1Fe2,aflow:6ea8479ad18b6a64,,,0.0726647,13.683,99,tP4,aflowlib.duke.edu:AFLOWDATA/LIB3_WEB/AgAlFe_pv/TBCC006.CAB
Ag1Al1Fe2,aflow:abfd8d3c260288f4,,,0.08565,14.0856,8,mS8,aflowlib.duke.edu:AFLOWDATA/LIB3_WEB/AgAlFe_pv/TFCC006.CAB
Ag1Al1Fe2,aflow:bb699186433fb0fd,,,0.0576534,13.87,10,mP4,aflowlib.duke.edu:AFLOWDATA/LIB3_WEB/AgAlFe_pv/TFCC014.CAB
Ag1Al1Fe2,aflow:c55c7946c8748534,,,0.141761,14.0507,166,hR4,aflowlib.duke.edu:AFLOWDATA/LIB3_WEB/AgAlFe_pv/TFCC009.CAB
Ag1Al1Fe2,aflow:cae63651f3dac128,,,0.0663632,13.9001,47,oP4,aflowlib.duke.edu:AFLOWDATA/LIB3_WEB/AgAlFe_pv/TFCC010.CAB
Ag1Al1Fe2,aflow:cf209f7b61afd648,,,0.0908823,13.8534,12,mS8,aflowlib.duke.edu:AFLOWDATA/LIB3_WEB/AgAlFe_pv/TBCC014.CAB
Ag1Al1Fe2,aflow:d66c7b5798113e21,,,0.265463,13.2838,160,hR4,aflowlib.duke.edu:AFLOWDATA/LIB3_WEB/AgAlFe_pv/TFCC004.CAB
Ag1Al1Fe2,aflow:d9deb26a30bc20c9,,,0.0559525,13.7907,47,oP4,aflowlib.duke.edu:AFLOWDATA/LIB3_WEB/AgAlFe_pv/TBCC015.CAB
Ag1Al1Fe2,aflow:db0a6a2db1288f42,,,0.056343,13.8351,123,tP4,aflowlib.duke.edu:AFLOWDATA/LIB3_WEB/AgAlFe_pv/TFCC012.CAB
Ag1Al1Fe2,aflow:e008fc1f37e560b4,0,metal,0.0853226,13.8213,216,cF16,aflowlib.duke.edu:AFLOWDATA/LIB3_WEB/AgAlFe_pv/T0002.ABC2
Ag1Al1Fe2,aflow:ed6b7a87ff18ccbd,,,0.0832078,13.9329,44,oI8,aflowlib.duke.edu:AFLOWDATA/LIB3_WEB/AgAlFe_pv/TBCC007.CAB
Ag1Al1Fe2,aflow:f54cf2c2da762795,,,0.0495864,13.7986,71,oI8,aflowlib.duke.edu:AFLOWDATA/LIB3_WEB/AgAlFe_pv/TBCC012.CAB
Ag1Al1Fe2,aflow:fb7a624fd2084cc3,,,0.0814636,14.1441,35,oS8,aflowlib.duke.edu:AFLOWDATA/LIB3_WEB/AgAlFe_pv/TBCC004.CAB
Ag1Al1Fe2,aflow:fdd43e70b07992dc,,,0.0900877,13.8832,65,oS8,aflowlib.duke.edu:AFLOWDATA/LIB3_WEB/AgAlFe_pv/TFCC015.CAB
Ag1Al1Fe4,aflow:fa24a546a9aefa65,,,0.128603,13.1391,216,cF24,aflowlib.duke.edu:AFLOWDATA/LIB3_WEB/AgAlFe_pv/T0010.CAB
Ag1Al1Ga1,aflow:0168d2c6ddd2bb95,,,0.0585973,17.7619,42,oF12,aflowlib.duke.edu:AFLOWDATA/LIB3_WEB/AgAlGa_h/TBCC001.ABC
Ag1Al1Ga1,aflow:52a7ee96460ff9b7,,,0.0594723,19.4734,216,cF12,aflowlib.duke.edu:AFLOWDATA/LIB3_WEB/AgAlGa_h/T0003.BCA
Ag1Al1Ga1,aflow:6b4b11d5a3b4e1b4,,,0.057811,19.6795,216,cF12,aflowlib.duke.edu:AFLOWDATA/LIB3_WEB/AgAlGa_h/T0003.ABC
Ag1Al1Ga1,aflow:97c7f0f2c1710e24,,,0.00981267,17.5229,107,tI6,aflowlib.duke.edu:AFLOWDATA/LIB3_WEB/AgAlGa_h/TFCC003.ABC
Ag1Al1Ga1,aflow:afc05c052a264381,,,0.0919857,18.0529,156,hP3,aflowlib.duke.edu:AFLOWDATA/LIB3_WEB/AgAlGa_h/TBCC002.ABC
Ag1Al1Ga1,aflow:b7d2dcb18ef23d91,,,-0.03975,17.2949,156,hP3,aflowlib.duke.edu:AFLOWDATA/LIB3_WEB/AgAlGa_h/TFCC001.ABC
Ag1Al1Ga1,aflow:d36111d5c3b6511b,,,0.00988436,17.5056,107,tI6,aflowlib.duke.edu:AFLOWDATA/LIB3_WEB/AgAlGa_h/TBCC003.ABC
Ag1Al1Ga1,aflow:e2b063a15e6e8e13,,,0.024365,19.4824,216,cF12,aflowlib.duke.edu:AFLOWDATA/LIB3_WEB/AgAlGa_h/T0003.CAB
Ag1Al1Ga1,aflow:fc372414a03b1726,,,0.00883933,17.4211,44,oI6,aflowlib.duke.edu:AFLOWDATA/LIB3_WEB/AgAlGa_h/TFCC002.ABC
Ag1Al1Ga2,aflow:043c18ab326501f5,,,0.0501993,17.9767,35,oS8,aflowlib.duke.edu:AFLOWDATA/LIB3_WEB/AgAlGa_h/TBCC004.CAB
Ag1Al1Ga2,aflow:1b3fe52dd613459a,,,0.0052655,17.4481,123,tP4,aflowlib.duke.edu:AFLOWDATA/LIB3_WEB/AgAlGa_h/TBCC011.CAB
Ag1Al1Ga2,aflow:1f91ee7b26bd9b46,,,0.008039,17.6773,8,mS8,aflowlib.duke.edu:AFLOWDATA/LIB3_WEB/AgAlGa_h/TFCC006.CAB
Ag1Al1Ga2,aflow:2d10e5deed6e8552,,,0.0579095,18.3833,123,tP4,aflowlib.duke.edu:AFLOWDATA/LIB3_WEB/AgAlGa_h/TBCC016.CAB
Ag1Al1Ga2,aflow:4686ed992dca06be,,,0.0800985,18.2356,12,mS8,aflowlib.duke.edu:AFLOWDATA/LIB3_WEB/AgAlGa_h/TBCC014.CAB
Ag1Al1Ga2,aflow:473794dea82238ca,,,-0.0163662,17.6126,160,hR4,aflowlib.duke.edu:AFLOWDATA/LIB3_WEB/AgAlGa_h/TFCC004.CAB
Ag1Al1Ga2,aflow:50cd35ca564a23dc,,,-0.0159165,17.5633,166,hR4,aflowlib.duke.edu:AFLOWDATA/LIB3_WEB/AgAlGa_h/TFCC009.CAB
Ag1Al1Ga2,aflow:564ce206c212b9f4,,,0.00466725,17.6709,12,mS8,aflowlib.duke.edu:AFLOWDATA/LIB3_WEB/AgAlGa_h/TFCC011.CAB
Ag1Al1Ga2,aflow:594b5e2963021160,,,0.0484604,18.0962,71,oI8,aflowlib.duke.edu:AFLOWDATA/LIB3_WEB/AgAlGa_h/TBCC012.CAB
Ag1Al1Ga2,aflow:61852d9bd00c2bae,,,0.0185065,17.7358,25,oP4,aflowlib.duke.edu:AFLOWDATA/LIB3_WEB/AgAlGa_h/TFCC005.CAB
Ag1Al1Ga2,aflow:6cc9eae04c46a907,,,0.0239438,17.6865,10,mP4,aflowlib.duke.edu:AFLOWDATA/LIB3_WEB/AgAlGa_h/TBCC010.CAB
Ag1Al1Ga2,aflow:6dcda2ec14b9cc3d,,,0.0194463,17.6325,65,oS8,aflowlib.duke.edu:AFLOWDATA/LIB3_WEB/AgAlGa_h/TFCC015.CAB
Ag1Al1Ga2,aflow:89f7cae95e3db8e1,,,-0.00218625,17.711,99,tP4,aflowlib.duke.edu:AFLOWDATA/LIB3_WEB/AgAlGa_h/TFCC007.CAB
Ag1Al1Ga2,aflow:a3a01bd6eb9b4949,,,0.0263943,17.6614,47,oP4,aflowlib.duke.edu:AFLOWDATA/LIB3_WEB/AgAlGa_h/TFCC010.CAB
Ag1Al1Ga2,aflow:a6de42f531deea2b,,,0.047372,17.9714,123,tP4,aflowlib.duke.edu:AFLOWDATA/LIB3_WEB/AgAlGa_h/TFCC016.CAB
Ag1Al1Ga2,aflow:acab12af5f4c1bbd,,,0.0109248,17.4149,123,tP4,aflowlib.duke.edu:AFLOWDATA/LIB3_WEB/AgAlGa_h/TFCC012.CAB
Ag1Al1Ga2,aflow:b1227bba3e53042a,,,0.0108211,17.6268,10,mP4,aflowlib.duke.edu:AFLOWDATA/LIB3_WEB/AgAlGa_h/TFCC014.CAB
Ag1Al1Ga2,aflow:b75fefbe26f78f94,,,0.0248823,17.731,6,mP4,aflowlib.duke.edu:AFLOWDATA/LIB3_WEB/AgAlGa_h/TBCC005.CAB
Ag1Al1Ga2,aflow:c550951a6435cecf,,,0.0574979,17.8342,65,oS8,aflowlib.duke.edu:AFLOWDATA/LIB3_WEB/AgAlGa_h/TBCC009.CAB
Ag1Al1Ga2,aflow:c75eff2c5b2d5f6e,,,0.0488196,18.2144,47,oP4,aflowlib.duke.edu:AFLOWDATA/LIB3_WEB/AgAlGa_h/TBCC015.CAB
Ag1Al1Ga2,aflow:d1ea7265ef33b7f1,,,0.0785735,18.1758,225,cF16,aflowlib.duke.edu:AFLOWDATA/LIB3_WEB/AgAlGa_h/T0001.ABC2
Ag1Al1Ga2,aflow:e60a07e43a1c3a77,,,0.0486122,18.1856,44,oI8,aflowlib.duke.edu:AFLOWDATA/LIB3_WEB/AgAlGa_h/TBCC007.CAB
Ag1Al1Ga2,aflow:e72b04990f6c9a70,,,0.0789813,18.2378,216,cF16,aflowlib.duke.edu:AFLOWDATA/LIB3_WEB/AgAlGa_h/T0002.ABC2
Ag1Al1Ga2,aflow:f80559437739544d,,,0.039342,17.852,139,tI8,aflowlib.duke.edu:AFLOWDATA/LIB3_WEB/AgAlGa_h/TFCC013.CAB
Ag1Al1Ga2,aflow:fe6a1f8d64ea3dff,,,0.0386723,17.8217,119,tI8,aflowlib.duke.edu:AFLOWDATA/LIB3_WEB/AgAlGa_h/TFCC008.CAB
Ag1Al1Ga2,aflow:ffdd26b5db159b53,,,-0.00282275,17.6802,99,tP4,aflowlib.duke.edu:AFLOWDATA/LIB3_WEB/AgAlGa_h/TBCC006.CAB
Ag1Al1Ga4,aflow:9f433d479ed10c40,,,0.16817,19.0602,216,cF24,aflowlib.duke.edu:AFLOWDATA/LIB3_WEB/AgAlGa_h/T0010.CAB
Ag1Al1Ge1,aflow:144c2b41ddff707f,,,0.119152,17.9252,107,tI6,aflowlib.duke.edu:AFLOWDATA/LIB3_WEB/AgAlGe_h/TBCC003.ABC
Ag1Al1Ge1,aflow:584951db0d735cb9,,,0.131594,17.9751,44,oI6,aflowlib.duke.edu:AFLOWDATA/LIB3_WEB/AgAlGe_h/TFCC002.ABC
Ag1Al1Ge1,aflow:6ea5d53fb1081175,,,0.195196,18.3761,156,hP3,aflowlib.duke.edu:AFLOWDATA/LIB3_WEB/AgAlGe_h/TBCC002.ABC
Ag1Al1Ge1,aflow:776f165765ff0756,,,0.0889217,17.7889,156,hP3,aflowlib.duke.edu:AFLOWDATA/LIB3_WEB/AgAlGe_h/TFCC001.ABC
Ag1Al1Ge1,aflow:7fd0f32500b30da0,,,0.118242,17.8838,107,tI6,aflowlib.duke.edu:AFLOWDATA/LIB3_WEB/AgAlGe_h/TFCC003.ABC
Ag1Al1Ge1,aflow:828374964a6c6b07,,,0.130436,19.858,216,cF12,aflowlib.duke.edu:AFLOWDATA/LIB3_WEB/AgAlGe_h/T0003.CAB
Ag1Al1Ge1,aflow:89a1e8fb2cf36f2d,,,0.119047,20.0171,216,cF12,aflowlib.duke.edu:AFLOWDATA/LIB3_WEB/AgAlGe_h/T0003.BCA
Ag1Al1Ge1,aflow:b62fe29bd5d0a319,,,0.100493,19.8192,216,cF12,aflowlib.duke.edu:AFLOWDATA/LIB3_WEB/AgAlGe_h/T0003.ABC
Ag1Al1Ge1,aflow:c5463f33cf4573c2,,,0.160138,18.1816,42,oF12,aflowlib.duke.edu:AFLOWDATA/LIB3_WEB/AgAlGe_h/TBCC001.ABC
Ag1Al1Ge2,aflow:019dde36db76a88c,,,0.17029,18.1645,166,hR4,aflowlib.duke.edu:AFLOWDATA/LIB3_WEB/AgAlGe_h/TFCC009.CAB
Ag1Al1Ge2,aflow:01752a4d13214baa,,,0.196727,18.6355,10,mP4,aflowlib.duke.edu:AFLOWDATA/LIB3_WEB/AgAlGe_h/TBCC010.CAB
Ag1Al1Ge2,aflow:18aacc27263fb8b7,,,0.162711,18.1785,99,tP4,aflowlib.duke.edu:AFLOWDATA/LIB3_WEB/AgAlGe_h/TFCC007.CAB
Ag1Al1Ge2,aflow:227662bf78c8eeca,,,0.176288,18.1453,10,mP4,aflowlib.duke.edu:AFLOWDATA/LIB3_WEB/AgAlGe_h/TFCC014.CAB
Ag1Al1Ge2,aflow:28737186f1c785e2,,,0.239667,18.4838,6,mP4,aflowlib.duke.edu:AFLOWDATA/LIB3_WEB/AgAlGe_h/TBCC005.CAB
Ag1Al1Ge2,aflow:2975f83b377327e5,,,0.245723,18.5324,12,mS8,aflowlib.duke.edu:AFLOWDATA/LIB3_WEB/AgAlGe_h/TBCC014.CAB
Ag1Al1Ge2,aflow:2d2994d9822587f3,,,0.185633,18.3201,25,oP4,aflowlib.duke.edu:AFLOWDATA/LIB3_WEB/AgAlGe_h/TFCC005.CAB
Ag1Al1Ge2,aflow:34cf0d9310907e5d,,,0.238998,18.7826,216,cF16,aflowlib.duke.edu:AFLOWDATA/LIB3_WEB/AgAlGe_h/T0002.ABC2
Ag1Al1Ge2,aflow:3875f8837425dcc2,,,0.197297,18.5578,139,tI8,aflowlib.duke.edu:AFLOWDATA/LIB3_WEB/AgAlGe_h/TFCC013.CAB
Ag1Al1Ge2,aflow:3d1c6fd7e6d77c56,,,0.187792,18.1135,123,tP4,aflowlib.duke.edu:AFLOWDATA/LIB3_WEB/AgAlGe_h/TFCC012.CAB
Ag1Al1Ge2,aflow:440ee83a077b6ca1,,,0.240764,18.6446,225,cF16,aflowlib.duke.edu:AFLOWDATA/LIB3_WEB/AgAlGe_h/T0001.ABC2
Ag1Al1Ge2,aflow:4505db5a44265e54,,,0.181282,18.1204,123,tP4,aflowlib.duke.edu:AFLOWDATA/LIB3_WEB/AgAlGe_h/TBCC011.CAB
Ag1Al1Ge2,aflow:5477face19872c41,,,0.161717,18.194,99,tP4,aflowlib.duke.edu:AFLOWDATA/LIB3_WEB/AgAlGe_h/TBCC006.CAB
Ag1Al1Ge2,aflow:727de04f8c4f6846,,,0.20892,18.35,65,oS8,aflowlib.duke.edu:AFLOWDATA/LIB3_WEB/AgAlGe_h/TBCC009.CAB
Ag1Al1Ge2,aflow:79465e0755a77654,,,0.203715,18.5056,119,tI8,aflowlib.duke.edu:AFLOWDATA/LIB3_WEB/AgAlGe_h/TFCC008.CAB
Ag1Al1Ge2,aflow:7c5f3644d51776ce,,,0.200976,18.633,44,oI8,aflowlib.duke.edu:AFLOWDATA/LIB3_WEB/AgAlGe_h/TBCC007.CAB
Ag1Al1Ge2,aflow:83b82fdbe6a41f6d,,,0.192203,18.4004,35,oS8,aflowlib.duke.edu:AFLOWDATA/LIB3_WEB/AgAlGe_h/TBCC004.CAB
Ag1Al1Ge2,aflow:8a65739e9a349190,,,0.242228,18.5005,47,oP4,aflowlib.duke.edu:AFLOWDATA/LIB3_WEB/AgAlGe_h/TBCC015.CAB
Ag1Al1Ge2,aflow:92a319ebf023376b,,,0.18282,18.4174,65,oS8,aflowlib.duke.edu:AFLOWDATA/LIB3_WEB/AgAlGe_h/TFCC015.CAB
Ag1Al1Ge2,aflow:95eca11c40e4eae8,,,0.205445,18.5886,123,tP4,aflowlib.duke.edu:AFLOWDATA/LIB3_WEB/AgAlGe_h/TFCC016.CAB
Ag1Al1Ge2,aflow:976a2e54ed73a138,,,0.203733,18.5237,71,oI8,aflowlib.duke.edu:AFLOWDATA/LIB3_WEB/AgAlGe_h/TBCC012.CAB
Ag1Al1Ge2,aflow:aa167048ff82c697,,,0.204622,18.429,123,tP4,aflowlib.duke.edu:AFLOWDATA/LIB3_WEB/AgAlGe_h/TBCC016.CAB
Ag1Al1Ge2,aflow:c5679f1ca55777ab,,,0.179645,18.3353,8,mS8,aflowlib.duke.edu:AFLOWDATA/LIB3_WEB/AgAlGe_h/TFCC006.CAB
Ag1Al1Ge2,aflow:dc1e9a482b8c4246,,,0.177169,18.2596,12,mS8,aflowlib.duke.edu:AFLOWDATA/LIB3_WEB/AgAlGe_h/TFCC011.CAB
Ag1Al1Ge2,aflow:e77615e7c8433d6e,,,0.161832,18.2625,160,hR4,aflowlib.duke.edu:AFLOWDATA/LIB3_WEB/AgAlGe_h/TFCC004.CAB
Ag1Al1Ge2,aflow:fef1f1fa5344e376,,,0.193921,18.555,47,oP4,aflowlib.duke.edu:AFLOWDATA/LIB3_WEB/AgAlGe_h/TFCC010.CAB
Ag1Al1Ge4,aflow:93ad0f53c79a0a79,,,0.400416,19.9787,216,cF24,aflowlib.duke.edu:AFLOWDATA/LIB3_WEB/AgAlGe_h/T0010.CAB
Ag1Al1Hf1,aflow:018e0bc1f02e8a19,,,-0.210621,18.193,107,tI6,aflowlib.duke.edu:AFLOWDATA/LIB3_WEB/AgAlHf_pv/TBCC001.ABC
Ag1Al1Hf1,aflow:0b980754ee1226aa,,,0.470781,22.6867,216,cF12,aflowlib.duke.edu:AFLOWDATA/LIB3_WEB/AgAlHf_pv/T0003.BCA
Ag1Al1Hf1,aflow:158fb12f84d5718e,,,0.233399,21.0646,216,cF12,aflowlib.duke.edu:AFLOWDATA/LIB3_WEB/AgAlHf_pv/T0003.ABC
Ag1Al1Hf1,aflow:2fa72763cc98df40,,,-0.0259187,18.7311,156,hP3,aflowlib.duke.edu:AFLOWDATA/LIB3_WEB/AgAlHf_pv/TFCC001.ABC
Ag1Al1Hf1,aflow:ad90af0a64ef6f1e,,,-0.00813367,20.7027,216,cF12,aflowlib.duke.edu:AFLOWDATA/LIB3_WEB/AgAlHf_pv/T0003.CAB
Ag1Al1Hf1,aflow:b31760fefb94e917,,,-0.211865,18.1419,107,tI6,aflowlib.duke.edu:AFLOWDATA/LIB3_WEB/AgAlHf_pv/TFCC003.ABC
Ag1Al1Hf1,aflow:b6ebdb5d7b6fc59b,,,-0.211609,18.1885,107,tI6,aflowlib.duke.edu:AFLOWDATA/LIB3_WEB/AgAlHf_pv/TFCC002.ABC
Ag1Al1Hf1,aflow:faa4b74c5463c0fd,,,-0.211927,18.1829,107,tI6,aflowlib.duke.edu:AFLOWDATA/LIB3_WEB/AgAlHf_pv/TBCC003.ABC
Ag1Al1Hf1,aflow:fd8a07e18a743d3f,,,-0.235457,18.4184,156,hP3,aflowlib.duke.edu:AFLOWDATA/LIB3_WEB/AgAlHf_pv/TBCC002.ABC
Ag1Al1Hf2,aflow:005220f6bed0dfa9,,,-0.174873,19.4088,99,tP4,aflowlib.duke.edu:AFLOWDATA/LIB3_WEB/AgAlHf_pv/TBCC006.CAB
Ag1Al1Hf2,aflow:0299668f71bd54ce,,,-0.147171,19.2401,47,oP4,aflowlib.duke.edu:AFLOWDATA/LIB3_WEB/AgAlHf_pv/TBCC010.CAB
Ag1Al1Hf2,aflow:0245b12de1eee4b3,,,-0.152109,19.2587,65,oS8,aflowlib.duke.edu:AFLOWDATA/LIB3_WEB/AgAlHf_pv/TBCC014.CAB
Ag1Al1Hf2,aflow:065f0d46b0f9ddba,,,-0.0242363,19.7487,12,mS8,aflowlib.duke.edu:AFLOWDATA/LIB3_WEB/AgAlHf_pv/TFCC011.CAB
Ag1Al1Hf2,aflow:2d666683615db66d,,,-0.184283,19.1414,123,tP4,aflowlib.duke.edu:AFLOWDATA/LIB3_WEB/AgAlHf_pv/TBCC009.CAB
Ag1Al1Hf2,aflow:2d8d8f8e0263fea8,,,0.00925,19.7333,166,hR4,aflowlib.duke.edu:AFLOWDATA/LIB3_WEB/AgAlHf_pv/TFCC009.CAB
Ag1Al1Hf2,aflow:3355187d72fd8e11,,,-0.158518,19.3583,8,mS8,aflowlib.duke.edu:AFLOWDATA/LIB3_WEB/AgAlHf_pv/TFCC006.CAB
Ag1Al1Hf2,aflow:37910023409c4e1a,,,-0.0761295,19.4636,119,tI8,aflowlib.duke.edu:AFLOWDATA/LIB3_WEB/AgAlHf_pv/TFCC008.CAB
Ag1Al1Hf2,aflow:43fe2b8f91126595,,,-0.0772308,19.6678,25,oP4,aflowlib.duke.edu:AFLOWDATA/LIB3_WEB/AgAlHf_pv/TFCC005.CAB
Ag1Al1Hf2,aflow:624f4d90d38ffc5d,0,metal,0.221585,19.8997,216,cF16,aflowlib.duke.edu:AFLOWDATA/LIB3_WEB/AgAlHf_pv/T0002.ABC2
Ag1Al1Hf2,aflow:665550eadcb9c780,,,-0.184029,19.1037,123,tP4,aflowlib.duke.edu:AFLOWDATA/LIB3_WEB/AgAlHf_pv/TBCC011.CAB
Ag1Al1Hf2,aflow:6b8973bc6b2b9d89,,,-0.166631,19.6637,38,oS8,aflowlib.duke.edu:AFLOWDATA/LIB3_WEB/AgAlHf_pv/TBCC005.CAB
Ag1Al1Hf2,aflow:7d5412624dc463ce,,,-0.184338,19.1068,123,tP4,aflowlib.duke.edu:AFLOWDATA/LIB3_WEB/AgAlHf_pv/TFCC012.CAB
Ag1Al1Hf2,aflow:82ae4354fe2b7bce,0,metal,-0.107626,19.4152,225,cF16,aflowlib.duke.edu:AFLOWDATA/LIB3_WEB/AgAlHf_pv/T0001.ABC2
Ag1Al1Hf2,aflow:826a337e7db224f0,,,-0.150746,19.2489,139,tI8,aflowlib.duke.edu:AFLOWDATA/LIB3_WEB/AgAlHf_pv/TBCC012.CAB
Ag1Al1Hf2,aflow:884b06f9934d4f07,,,-0.158322,19.3691,44,oI8,aflowlib.duke.edu:AFLOWDATA/LIB3_WEB/AgAlHf_pv/TBCC007.CAB
Ag1Al1Hf2,aflow:8b088c139df0aab8,,,-0.131757,19.2558,123,tP4,aflowlib.duke.edu:AFLOWDATA/LIB3_WEB/AgAlHf_pv/TBCC015.CAB
Ag1Al1Hf2,aflow:a22c972bf24700b5,,,-0.103767,19.5345,123,tP4,aflowlib.duke.edu:AFLOWDATA/LIB3_WEB/AgAlHf_pv/TBCC016.CAB
Ag1Al1Hf2,aflow:abc09bdb3680bb83,,,-0.175139,19.4069,99,tP4,aflowlib.duke.edu:AFLOWDATA/LIB3_WEB/AgAlHf_pv/TFCC007.CAB
Ag1Al1Hf2,aflow:ac7b63c7e7fa4c13,,,-0.146658,19.2825,47,oP4,aflowlib.duke.edu:AFLOWDATA/LIB3_WEB/AgAlHf_pv/TFCC010.CAB
Ag1Al1Hf2,aflow:b7d60b19341db3f1,,,-0.151114,19.2372,139,tI8,aflowlib.duke.edu:AFLOWDATA/LIB3_WEB/AgAlHf_pv/TFCC013.CAB
Ag1Al1Hf2,aflow:b76c89a99d1d981c,,,-0.152329,19.3039,65,oS8,aflowlib.duke.edu:AFLOWDATA/LIB3_WEB/AgAlHf_pv/TFCC015.CAB
Ag1Al1Hf2,aflow:b81ce843bd037554,,,-0.0254761,19.8347,10,mP4,aflowlib.duke.edu:AFLOWDATA/LIB3_WEB/AgAlHf_pv/TFCC014.CAB
Ag1Al1Hf2,aflow:e2b609d3b49ca453,,,-0.174451,19.4237,99,tP4,aflowlib.duke.edu:AFLOWDATA/LIB3_WEB/AgAlHf_pv/TBCC004.CAB
Ag1Al1Hf2,aflow:feefc55e6520f499,,,-0.132985,19.3159,123,tP4,aflowlib.duke.edu:AFLOWDATA/LIB3_WEB/AgAlHf_pv/TFCC016.CAB
Ag1Al1Hf4,aflow:426d75d005351ada,,,0.427894,21.6173,216,cF24,aflowlib.duke.edu:AFLOWDATA/LIB3_WEB/AgAlHf_pv/T0010.CAB
Ag1Al1Hg1,aflow:15607985591c4bab,,,0.0996673,21.1555,216,cF12,aflowlib.duke.edu:AFLOWDATA/LIB3_WEB/AgAlHg/T0003.proto
Ag1Al1Hg1,aflow:199821c366d0bb32,,,0.162137,22.0308,216,cF12,aflowlib.duke.edu:AFLOWDATA/LIB3_WEB/AgAlHg/T0003.CAB
Ag1Al1Hg1,aflow:1fe2c06b27b2b894,,,0.149811,19.6318,156,hP3,aflowlib.duke.edu:AFLOWDATA/LIB3_WEB/AgAlHg/TBCC002.ABC
Ag1Al1Hg1,aflow:3793366b90bb2fbc,,,0.0997387,21.1656,216,cF12,aflowlib.duke.edu:AFLOWDATA/LIB3_WEB/AgAlHg/T0003.ABC
Ag1Al1Hg1,aflow:5e10849b9b996669,,,0.0902347,19.3107,107,tI6,aflowlib.duke.edu:AFLOWDATA/LIB3_WEB/AgAlHg/TFCC003.ABC
Ag1Al1Hg1,aflow:72d85b39d9e036c9,,,0.0670477,19.2934,156,hP3,aflowlib.duke.edu:AFLOWDATA/LIB3_WEB/AgAlHg/TFCC001.ABC
Ag1Al1Hg1,aflow:8352c214de8f80ff,,,0.125687,19.4227,107,tI6,aflowlib.duke.edu:AFLOWDATA/LIB3_WEB/AgAlHg/TBCC003.ABC
Ag1Al1Hg1,aflow:8910e276e00ee25b,,,0.207849,22.211,216,cF12,aflowlib.duke.edu:AFLOWDATA/LIB3_WEB/AgAlHg/T0003.BCA
Ag1Al1Hg1,aflow:c8d57e128aec58b3,,,0.137271,19.6628,42,oF12,aflowlib.duke.edu:AFLOWDATA/LIB3_WEB/AgAlHg/TBCC001.ABC
Ag1Al1Hg1,aflow:cabb8b5b8edf758a,,,0.084435,19.2036,44,oI6,aflowlib.duke.edu:AFLOWDATA/LIB3_WEB/AgAlHg/TFCC002.ABC
Ag1Al1Hg2,aflow:15800f145477cb06,0,metal,0.157997,20.9936,225,cF16,aflowlib.duke.edu:AFLOWDATA/LIB3_WEB/AgAlHg/T0001.ABC2
Ag1Al1Hg2,aflow:16e47592b540a745,,,0.153003,20.4965,123,tP4,aflowlib.duke.edu:AFLOWDATA/LIB3_WEB/AgAlHg/TFCC016.CAB
Ag1Al1Hg2,aflow:1818efa5c7b190d0,,,0.144423,20.466,65,oS8,aflowlib.duke.edu:AFLOWDATA/LIB3_WEB/AgAlHg/TFCC015.CAB
Ag1Al1Hg2,aflow:1fd8ce92f9584057,,,0.103132,21.0267,35,oS8,aflowlib.duke.edu:AFLOWDATA/LIB3_WEB/AgAlHg/TBCC004.CAB
Ag1Al1Hg2,aflow:2e37ddfa5da863b9,,,0.123767,20.6259,8,mS8,aflowlib.duke.edu:AFLOWDATA/LIB3_WEB/AgAlHg/TFCC006.CAB
Ag1Al1Hg2,aflow:457e70e683bc48f1,,,0.164407,21.0555,65,oS8,aflowlib.duke.edu:AFLOWDATA/LIB3_WEB/AgAlHg/TBCC009.CAB
Ag1Al1Hg2,aflow:4d8e5a65ce8e94b7,,,0.181941,21.1957,12,mS8,aflowlib.duke.edu:AFLOWDATA/LIB3_WEB/AgAlHg/TBCC014.CAB
Ag1Al1Hg2,aflow:4e5fafad78981dc5,,,0.163102,21.1204,71,oI8,aflowlib.duke.edu:AFLOWDATA/LIB3_WEB/AgAlHg/TBCC012.CAB
Ag1Al1Hg2,aflow:56da779dfb410b8f,,,0.130799,20.8857,12,mS8,aflowlib.duke.edu:AFLOWDATA/LIB3_WEB/AgAlHg/TFCC011.CAB
Ag1Al1Hg2,aflow:5beb57f8c0b5445a,,,0.0980785,20.8525,99,tP4,aflowlib.duke.edu:AFLOWDATA/LIB3_WEB/AgAlHg/TFCC007.CAB
Ag1Al1Hg2,aflow:64cc1d5429df6900,,,0.149095,20.6406,123,tP4,aflowlib.duke.edu:AFLOWDATA/LIB3_WEB/AgAlHg/TBCC016.CAB
Ag1Al1Hg2,aflow:67a4852ea4d9ce2c,,,0.136578,20.8018,10,mP4,aflowlib.duke.edu:AFLOWDATA/LIB3_WEB/AgAlHg/TFCC014.CAB
Ag1Al1Hg2,aflow:6d965a7d81160659,,,0.135886,20.4715,47,oP4,aflowlib.duke.edu:AFLOWDATA/LIB3_WEB/AgAlHg/TFCC010.CAB
Ag1Al1Hg2,aflow:748a38f50de6155f,,,0.0972065,20.7999,99,tP4,aflowlib.duke.edu:AFLOWDATA/LIB3_WEB/AgAlHg/TBCC006.CAB
Ag1Al1Hg2,aflow:8b3eb1ae2a3f95f6,,,0.141319,20.6304,123,tP4,aflowlib.duke.edu:AFLOWDATA/LIB3_WEB/AgAlHg/TBCC011.CAB
Ag1Al1Hg2,aflow:9bfef48e40969b93,,,0.119522,20.9089,6,mP4,aflowlib.duke.edu:AFLOWDATA/LIB3_WEB/AgAlHg/TBCC005.CAB
Ag1Al1Hg2,aflow:b524f7dbd36ff6c5,,,0.165931,21.2642,10,mP4,aflowlib.duke.edu:AFLOWDATA/LIB3_WEB/AgAlHg/TBCC010.CAB
Ag1Al1Hg2,aflow:b5d97be4e08a115d,,,0.0855072,20.7525,160,hR4,aflowlib.duke.edu:AFLOWDATA/LIB3_WEB/AgAlHg/TFCC004.CAB
Ag1Al1Hg2,aflow:bce501e1f1c6d43c,,,0.149523,20.4872,139,tI8,aflowlib.duke.edu:AFLOWDATA/LIB3_WEB/AgAlHg/TFCC013.CAB
Ag1Al1Hg2,aflow:cc8ff7491e3a5cfd,,,0.116517,20.6579,166,hR4,aflowlib.duke.edu:AFLOWDATA/LIB3_WEB/AgAlHg/TFCC009.CAB
Ag1Al1Hg2,aflow:d3aac91dde2bf7c3,,,0.103995,21.1819,44,oI8,aflowlib.duke.edu:AFLOWDATA/LIB3_WEB/AgAlHg/TBCC007.CAB
Ag1Al1Hg2,aflow:dbbd264449306178,,,0.155525,20.5085,119,tI8,aflowlib.duke.edu:AFLOWDATA/LIB3_WEB/AgAlHg/TFCC008.CAB
Ag1Al1Hg2,aflow:e6bb29d09b1751a7,,,0.175267,21.4477,47,oP4,aflowlib.duke.edu:AFLOWDATA/LIB3_WEB/AgAlHg/TBCC015.CAB
Ag1Al1Hg2,aflow:fe3ab93e4c9c2485,0,metal,0.202776,21.2634,216,cF16,aflowlib.duke.edu:AFLOWDATA/LIB3_WEB/AgAlHg/T0002.ABC2
Ag1Al1Hg2,aflow:ff3a79dac755ccf9,,,0.140082,20.5816,123,tP4,aflowlib.duke.edu:AFLOWDATA/LIB3_WEB/AgAlHg/TFCC012.CAB
Ag1Al1Hg4,aflow:b61baa20a400ed2a,,,0.357139,24.5806,216,cF24,aflowlib.duke.edu:AFLOWDATA/LIB3_WEB/AgAlHg/T0010.CAB
Ag1Al1In1,aflow:05dc80c44fe634a2,,,0.204412,23.0876,216,cF12,aflowlib.duke.edu:AFLOWDATA/LIB3_WEB/AgAlIn_d/T0003.BCA
Ag1Al1In1,aflow:39215ff850977d46,,,0.130544,21.4134,156,hP3,aflowlib.duke.edu:AFLOWDATA/LIB3_WEB/AgAlIn_d/TBCC002.ABC
Ag1Al1In1,aflow:3f7bc9ba2217def6,,,0.0390237,19.9294,156,hP3,aflowlib.duke.edu:AFLOWDATA/LIB3_WEB/AgAlIn_d/TFCC001.ABC
Ag1Al1In1,aflow:4244d408f4aef57e,,,0.086383,19.8764,44,oI6,aflowlib.duke.edu:AFLOWDATA/LIB3_WEB/AgAlIn_d/TFCC002.ABC
Ag1Al1In1,aflow:586bd8bd0ba089f3,,,0.0642236,20.0311,107,tI6,aflowlib.duke.edu:AFLOWDATA/LIB3_WEB/AgAlIn_d/TBCC003.ABC
Ag1Al1In1,aflow:62a7f906e72183b4,,,0.0614061,19.9924,42,oF12,aflowlib.duke.edu:AFLOWDATA/LIB3_WEB/AgAlIn_d/TBCC001.ABC
Ag1Al1In1,aflow:c26ff2b0e8bbdf9d,,,0.0543643,22.0549,216,cF12,aflowlib.duke.edu:AFLOWDATA/LIB3_WEB/AgAlIn_d/T0003.CAB
Ag1Al1In1,aflow:c534e43b2a766acb,,,0.0975403,22.234,216,cF12,aflowlib.duke.edu:AFLOWDATA/LIB3_WEB/AgAlIn_d/T0003.ABC
Ag1Al1In1,aflow:e93a9a2bfc279876,,,0.0639467,20.0848,107,tI6,aflowlib.duke.edu:AFLOWDATA/LIB3_WEB/AgAlIn_d/TFCC003.ABC
Ag1Al1In2,aflow:071c85b13064e6c9,,,0.0418993,21.9376,99,tP4,aflowlib.duke.edu:AFLOWDATA/LIB3_WEB/AgAlIn_d/TBCC006.CAB
Ag1Al1In2,aflow:0be0f584d81e47d0,,,0.085952,21.3904,123,tP4,aflowlib.duke.edu:AFLOWDATA/LIB3_WEB/AgAlIn_d/TFCC012.CAB
Ag1Al1In2,aflow:155c0ba192b4bead,,,0.0839745,21.4139,123,tP4,aflowlib.duke.edu:AFLOWDATA/LIB3_WEB/AgAlIn_d/TBCC011.CAB
Ag1Al1In2,aflow:23eafc13c6f476a1,,,0.170944,22.3823,216,cF16,aflowlib.duke.edu:AFLOWDATA/LIB3_WEB/AgAlIn_d/T0002.ABC2
Ag1Al1In2,aflow:3c01cf40dbac39a4,,,0.103626,21.4645,47,oP4,aflowlib.duke.edu:AFLOWDATA/LIB3_WEB/AgAlIn_d/TFCC010.CAB
Ag1Al1In2,aflow:3e4f55c9451a5a09,,,0.139894,22.1927,225,cF16,aflowlib.duke.edu:AFLOWDATA/LIB3_WEB/AgAlIn_d/T0001.ABC2
Ag1Al1In2,aflow:4e7a7d2f6f507662,,,0.0629548,21.7813,160,hR4,aflowlib.duke.edu:AFLOWDATA/LIB3_WEB/AgAlIn_d/TFCC004.CAB
Ag1Al1In2,aflow:50370cd4b764cd81,,,0.0975498,21.4376,12,mP4,aflowlib.duke.edu:AFLOWDATA/LIB3_WEB/AgAlIn_d/TBCC014.CAB
Ag1Al1In2,aflow:669acd834d4fc7ed,,,0.0719643,21.7127,8,mS8,aflowlib.duke.edu:AFLOWDATA/LIB3_WEB/AgAlIn_d/TFCC006.CAB
Ag1Al1In2,aflow:6be30c4c03ab49e0,,,0.0908611,21.5109,65,oS8,aflowlib.duke.edu:AFLOWDATA/LIB3_WEB/AgAlIn_d/TBCC009.CAB
Ag1Al1In2,aflow:7379c14d6214b4ed,,,0.0626203,22.188,6,mP4,aflowlib.duke.edu:AFLOWDATA/LIB3_WEB/AgAlIn_d/TBCC005.CAB
Ag1Al1In2,aflow:8af3ca83fffb9fd5,,,0.112665,21.7193,139,tI8,aflowlib.duke.edu:AFLOWDATA/LIB3_WEB/AgAlIn_d/TFCC013.CAB
Ag1Al1In2,aflow:8fdc630bb710af8d,,,0.0813473,22.1816,25,oP4,aflowlib.duke.edu:AFLOWDATA/LIB3_WEB/AgAlIn_d/TFCC005.CAB
Ag1Al1In2,aflow:94497d29b6113452,,,0.117734,21.8347,47,oP4,aflowlib.duke.edu:AFLOWDATA/LIB3_WEB/AgAlIn_d/TBCC015.CAB
Ag1Al1In2,aflow:948e54147ac42332,,,0.08697,22.1818,44,oI8,aflowlib.duke.edu:AFLOWDATA/LIB3_WEB/AgAlIn_d/TBCC007.CAB
Ag1Al1In2,aflow:990bdb456b7fc348,,,0.0981443,21.4306,65,oS8,aflowlib.duke.edu:AFLOWDATA/LIB3_WEB/AgAlIn_d/TFCC015.CAB
Ag1Al1In2,aflow:b25f1ab9d4cd9b3d,,,0.116607,21.6829,119,tI8,aflowlib.duke.edu:AFLOWDATA/LIB3_WEB/AgAlIn_d/TFCC008.CAB
Ag1Al1In2,aflow:bc9d6fdd8d528b81,,,0.121335,22.1055,123,tP4,aflowlib.duke.edu:AFLOWDATA/LIB3_WEB/AgAlIn_d/TBCC016.CAB
Ag1Al1In2,aflow:cb8bb8202f7a5b08,,,0.118671,21.8806,123,tP4,aflowlib.duke.edu:AFLOWDATA/LIB3_WEB/AgAlIn_d/TFCC016.CAB
Ag1Al1In2,aflow:d0b3b7363cf13467,,,0.090615,21.5337,166,hR4,aflowlib.duke.edu:AFLOWDATA/LIB3_WEB/AgAlIn_d/TFCC009.CAB
Ag1Al1In2,aflow:d19b6b5c91dc666e,,,0.103222,21.5054,10,mP4,aflowlib.duke.edu:AFLOWDATA/LIB3_WEB/AgAlIn_d/TBCC010.CAB
Ag1Al1In2,aflow:eb9fbd910cb0ff31,,,0.0441723,21.7908,35,oS8,aflowlib.duke.edu:AFLOWDATA/LIB3_WEB/AgAlIn_d/TBCC004.CAB
Ag1Al1In2,aflow:f2fbec8eb982d1bc,,,0.102656,21.8346,10,mP4,aflowlib.duke.edu:AFLOWDATA/LIB3_WEB/AgAlIn_d/TFCC014.CAB
Ag1Al1In2,aflow:fa20da45baac8c5d,,,0.04132,21.7463,99,tP4,aflowlib.duke.edu:AFLOWDATA/LIB3_WEB/AgAlIn_d/TFCC007.CAB
Ag1Al1In2,aflow:fea3167a2d0d8e45,,,0.11557,21.6549,71,oI8,aflowlib.duke.edu:AFLOWDATA/LIB3_WEB/AgAlIn_d/TBCC012.CAB
Ag1Al1In2,aflow:fe864dfcb1ba6dd9,,,0.101975,21.7377,12,mS8,aflowlib.duke.edu:AFLOWDATA/LIB3_WEB/AgAlIn_d/TFCC011.CAB
Ag1Al1In4,aflow:c3f0e6fa679b19f1,,,0.337547,26.3042,216,cF24,aflowlib.duke.edu:AFLOWDATA/LIB3_WEB/AgAlIn_d/T0010.CAB
Ag1Al1Ir1,aflow:0bbef8569528ba66,,,-0.069941,15.784,42,oF12,aflowlib.duke.edu:AFLOWDATA/LIB3_WEB/AgAlIr/TBCC001.ABC
Ag1Al1Ir1,aflow:160a5d769c0ba8e4,,,-0.293452,15.5319,107,tI6,aflowlib.duke.edu:AFLOWDATA/LIB3_WEB/AgAlIr/TFCC002.ABC
Ag1Al1Ir1,aflow:2e7c213d61a9ab78,,,0.471023,18.3713,216,cF12,aflowlib.duke.edu:AFLOWDATA/LIB3_WEB/AgAlIr/T0003.CAB
Ag1Al1Ir1,aflow:6e706ca04683bdf7,,,0.0635757,18.5754,216,cF12,aflowlib.duke.edu:AFLOWDATA/LIB3_WEB/AgAlIr/T0003.BCA
Ag1Al1Ir1,aflow:711803c7ae67f4af,,,-0.0785103,17.0753,216,cF12,aflowlib.duke.edu:AFLOWDATA/LIB3_WEB/AgAlIr/T0003.ABC
Ag1Al1Ir1,aflow:9817a318af397a54,,,-0.164312,15.5218,156,hP3,aflowlib.duke.edu:AFLOWDATA/LIB3_WEB/AgAlIr/TBCC002.ABC
Ag1Al1Ir1,aflow:9bc84d425dfca16e,,,-0.293599,15.5099,107,tI6,aflowlib.duke.edu:AFLOWDATA/LIB3_WEB/AgAlIr/TFCC003.ABC
Ag1Al1Ir1,aflow:a6e96b6e9c1a6289,,,-0.293621,15.51,107,tI6,aflowlib.duke.edu:AFLOWDATA/LIB3_WEB/AgAlIr/TBCC003.ABC
Ag1Al1Ir1,aflow:c54d163f2acd4797,,,-0.163808,15.657,156,hP3,aflowlib.duke.edu:AFLOWDATA/LIB3_WEB/AgAlIr/TFCC001.ABC
Ag1Al1Ir1,aflow:ca856b663f811069,,,-0.078501,17.0894,216,cF12,aflowlib.duke.edu:AFLOWDATA/LIB3_WEB/AgAlIr/T0003.proto
Ag1Al1Ir2,aflow:07fa448c32010527,,,-0.027016,15.0745,139,tI8,aflowlib.duke.edu:AFLOWDATA/LIB3_WEB/AgAlIr/TFCC013.CAB
Ag1Al1Ir2,aflow:10670975b18962fb,,,-0.0991478,15.0747,10,mP4,aflowlib.duke.edu:AFLOWDATA/LIB3_WEB/AgAlIr/TFCC014.CAB
Ag1Al1Ir2,aflow:3f3e38a9bccbd4d8,,,-0.0162112,15.1874,44,oI8,aflowlib.duke.edu:AFLOWDATA/LIB3_WEB/AgAlIr/TBCC007.CAB
Ag1Al1Ir2,aflow:405700622d280f18,,,0.0053105,15.1258,119,tI8,aflowlib.duke.edu:AFLOWDATA/LIB3_WEB/AgAlIr/TFCC008.CAB
Ag1Al1Ir2,aflow:466e1aa88a880449,,,-0.078085,15.2155,99,tP4,aflowlib.duke.edu:AFLOWDATA/LIB3_WEB/AgAlIr/TBCC006.CAB
Ag1Al1Ir2,aflow:4aaf583d9b5d9617,,,-0.0373416,15.2245,160,hR4,aflowlib.duke.edu:AFLOWDATA/LIB3_WEB/AgAlIr/TFCC004.CAB
Ag1Al1Ir2,aflow:560e6dba1211a867,,,-0.046654,15.0085,123,tP4,aflowlib.duke.edu:AFLOWDATA/LIB3_WEB/AgAlIr/TFCC016.CAB
Ag1Al1Ir2,aflow:67583d3bf45df03a,,,-0.127976,15.2073,10,mP4,aflowlib.duke.edu:AFLOWDATA/LIB3_WEB/AgAlIr/TBCC010.CAB
Ag1Al1Ir2,aflow:6b80e07efe5829db,,,0.0946392,15.4332,35,oS8,aflowlib.duke.edu:AFLOWDATA/LIB3_WEB/AgAlIr/TBCC004.CAB
Ag1Al1Ir2,aflow:715f6518c97d9dac,,,-0.182706,15.1644,71,oI8,aflowlib.duke.edu:AFLOWDATA/LIB3_WEB/AgAlIr/TBCC012.CAB
Ag1Al1Ir2,aflow:8565b77e823cd656,,,-0.0070403,15.2661,47,oP4,aflowlib.duke.edu:AFLOWDATA/LIB3_WEB/AgAlIr/TBCC015.CAB
Ag1Al1Ir2,aflow:9407d88a2fa0375d,,,-0.186619,15.0525,123,tP4,aflowlib.duke.edu:AFLOWDATA/LIB3_WEB/AgAlIr/TBCC011.CAB
Ag1Al1Ir2,aflow:9a736aaa8280998b,,,-0.118821,15.1955,8,mS8,aflowlib.duke.edu:AFLOWDATA/LIB3_WEB/AgAlIr/TFCC006.CAB
Ag1Al1Ir2,aflow:a49fd70c67de33a8,,,-0.185602,15.114,12,mS8,aflowlib.duke.edu:AFLOWDATA/LIB3_WEB/AgAlIr/TFCC011.CAB
Ag1Al1Ir2,aflow:b9d7411f232c8af0,,,-0.246504,15.1743,166,hR4,aflowlib.duke.edu:AFLOWDATA/LIB3_WEB/AgAlIr/TFCC009.CAB
Ag1Al1Ir2,aflow:bb138e9ad66737b8,,,-0.0643085,14.9839,65,oS8,aflowlib.duke.edu:AFLOWDATA/LIB3_WEB/AgAlIr/TFCC015.CAB
Ag1Al1Ir2,aflow:c84c5442caa56cef,,,-0.187069,15.1123,123,tP4,aflowlib.duke.edu:AFLOWDATA/LIB3_WEB/AgAlIr/TFCC012.CAB
Ag1Al1Ir2,aflow:cb267e93aa1706ad,,,-0.0516566,15.2115,6,mP4,aflowlib.duke.edu:AFLOWDATA/LIB3_WEB/AgAlIr/TBCC005.CAB
Ag1Al1Ir2,aflow:d0e4811b7e39cdf4,0,metal,0.0900288,15.4036,216,cF16,aflowlib.duke.edu:AFLOWDATA/LIB3_WEB/AgAlIr/T0002.ABC2
Ag1Al1Ir2,aflow:d3e7106cf68d4037,,,0.00741072,15.3055,12,mS8,aflowlib.duke.edu:AFLOWDATA/LIB3_WEB/AgAlIr/TBCC014.CAB
Ag1Al1Ir2,aflow:dd01c9dcbe64a48e,,,-0.145491,15.4081,65,oS8,aflowlib.duke.edu:AFLOWDATA/LIB3_WEB/AgAlIr/TBCC009.CAB
Ag1Al1Ir2,aflow:e4b42f5e2d4f538f,0,metal,-0.0352683,15.0441,225,cF16,aflowlib.duke.edu:AFLOWDATA/LIB3_WEB/AgAlIr/T0001.ABC2
Ag1Al1Ir2,aflow:e67d6f0cc0fac717,,,-0.0488488,14.9653,123,tP4,aflowlib.duke.edu:AFLOWDATA/LIB3_WEB/AgAlIr/TBCC016.CAB
Ag1Al1Ir2,aflow:ea0adec80f0e7f1d,,,-0.0523407,15.2281,25,oP4,aflowlib.duke.edu:AFLOWDATA/LIB3_WEB/AgAlIr/TFCC005.CAB
Ag1Al1Ir2,aflow:f0e56a9700adb304,,,-0.078588,15.1821,99,tP4,aflowlib.duke.edu:AFLOWDATA/LIB3_WEB/AgAlIr/TFCC007.CAB
Ag1Al1Ir2,aflow:f50c25cedd15774d,,,-0.0941152,15.3027,47,oP4,aflowlib.duke.edu:AFLOWDATA/LIB3_WEB/AgAlIr/TFCC010.CAB
Ag1Al1Ir4,aflow:b4f53201a654ad36,,,0.292018,16.4713,216,cF24,aflowlib.duke.edu:AFLOWDATA/LIB3_WEB/AgAlIr/T0010.CAB
Ag1Al1K1,aflow:04849aa0629b98d4,,,0.117078,27.4268,107,tI6,aflowlib.duke.edu:AFLOWDATA/LIB3_WEB/AgAlK_sv/TFCC003.ABC
Ag1Al1K1,aflow:3f38ee8a90a42994,,,0.146517,31.4322,156,hP3,aflowlib.duke.edu:AFLOWDATA/LIB3_WEB/AgAlK_sv/TFCC001.ABC
Ag1Al1K1,aflow:55fc49618abd3165,,,0.115852,26.938,107,tI6,aflowlib.duke.edu:AFLOWDATA/LIB3_WEB/AgAlK_sv/TBCC001.ABC
Ag1Al1K1,aflow:63e0f2f7f0e8528b,,,0.420053,30.4899,216,cF12,aflowlib.duke.edu:AFLOWDATA/LIB3_WEB/AgAlK_sv/T0003.CAB
Ag1Al1K1,aflow:69821d1fcc1246e9,,,0.09158,26.6799,44,oI6,aflowlib.duke.edu:AFLOWDATA/LIB3_WEB/AgAlK_sv/TFCC002.ABC
Ag1Al1K1,aflow:809dfbc102fbd1c6,,,0.503955,30.739,216,cF12,aflowlib.duke.edu:AFLOWDATA/LIB3_WEB/AgAlK_sv/T0003.ABC
Ag1Al1K1,aflow:f762b06d5b490f28,,,0.117106,27.4541,107,tI6,aflowlib.duke.edu:AFLOWDATA/LIB3_WEB/AgAlK_sv/TBCC003.ABC
Ag1Al1K1,aflow:fa1e3f47ea40aa5f,,,0.805433,35.4086,216,cF12,aflowlib.duke.edu:AFLOWDATA/LIB3_WEB/AgAlK_sv/T0003.BCA
Ag1Al1K1,aflow:fc717b0249db5623,,,0.149911,31.3691,187,hP3,aflowlib.duke.edu:AFLOWDATA/LIB3_WEB/AgAlK_sv/TBCC002.ABC
Ag1Al1K2,aflow:03d02d1f0f62ee58,,,0.358853,35.3499,123,tP4,aflowlib.duke.edu:AFLOWDATA/LIB3_WEB/AgAlK_sv/TBCC016.CAB
Ag1Al1K2,aflow:08c4d63f4c738a57,,,0.435576,33.1552,166,hR4,aflowlib.duke.edu:AFLOWDATA/LIB3_WEB/AgAlK_sv/TFCC009.CAB
Ag1Al1K2,aflow:171c8b0a8f534d15,,,0.123918,38.1127,38,oS8,aflowlib.duke.edu:AFLOWDATA/LIB3_WEB/AgAlK_sv/TBCC005.CAB
Ag1Al1K2,aflow:2e5445122e340da5,,,0.344177,33.655,123,tP4,aflowlib.duke.edu:AFLOWDATA/LIB3_WEB/AgAlK_sv/TFCC016.CAB
Ag1Al1K2,aflow:2f765ce0b52592b1,,,0.130935,35.4072,44,oI8,aflowlib.duke.edu:AFLOWDATA/LIB3_WEB/AgAlK_sv/TBCC007.CAB
Ag1Al1K2,aflow:30378075583cbc0c,,,0.13688,34.769,99,tP4,aflowlib.duke.edu:AFLOWDATA/LIB3_WEB/AgAlK_sv/TFCC007.CAB
Ag1Al1K2,aflow:34eac24d27925e50,,,0.326779,35.3636,123,tP4,aflowlib.duke.edu:AFLOWDATA/LIB3_WEB/AgAlK_sv/TBCC011.CAB
Ag1Al1K2,aflow:3ccaa351a49ef4fb,,,0.319714,33.8382,47,oP4,aflowlib.duke.edu:AFLOWDATA/LIB3_WEB/AgAlK_sv/TFCC010.CAB
Ag1Al1K2,aflow:4254592419a14b2e,,,0.351442,32.2681,139,tI8,aflowlib.duke.edu:AFLOWDATA/LIB3_WEB/AgAlK_sv/TFCC013.CAB
Ag1Al1K2,aflow:60181e9b46e781b5,,,0.39064,33.8386,10,mP4,aflowlib.duke.edu:AFLOWDATA/LIB3_WEB/AgAlK_sv/TFCC014.CAB
Ag1Al1K2,aflow:719d1ef7c4550259,,,0.326356,33.6075,123,tP4,aflowlib.duke.edu:AFLOWDATA/LIB3_WEB/AgAlK_sv/TFCC012.CAB
Ag1Al1K2,aflow:7f61ba76c09e1f33,,,0.338726,33.1801,65,oS8,aflowlib.duke.edu:AFLOWDATA/LIB3_WEB/AgAlK_sv/TFCC015.CAB
Ag1Al1K2,aflow:825cccad54960fd3,,,0.329467,32.9527,65,oS8,aflowlib.duke.edu:AFLOWDATA/LIB3_WEB/AgAlK_sv/TBCC009.CAB
Ag1Al1K2,aflow:87eccc7b6dab87ae,,,0.31778,30.6675,216,cF16,aflowlib.duke.edu:AFLOWDATA/LIB3_WEB/AgAlK_sv/T0002.ABC2
Ag1Al1K2,aflow:8e0faf0255371ae7,,,0.0790617,41.1925,160,hR4,aflowlib.duke.edu:AFLOWDATA/LIB3_WEB/AgAlK_sv/TFCC004.CAB
Ag1Al1K2,aflow:9bbeeeffd1642ec8,,,0.34539,33.0507,47,oP4,aflowlib.duke.edu:AFLOWDATA/LIB3_WEB/AgAlK_sv/TBCC015.CAB
Ag1Al1K2,aflow:9c38086709e142bc,,,0.126832,35.2845,35,oS8,aflowlib.duke.edu:AFLOWDATA/LIB3_WEB/AgAlK_sv/TBCC004.CAB
Ag1Al1K2,aflow:a0acb6b045ad846c,,,0.320601,33.4681,10,mP4,aflowlib.duke.edu:AFLOWDATA/LIB3_WEB/AgAlK_sv/TBCC010.CAB
Ag1Al1K2,aflow:b58a980f865cc7d5,,,0.340387,32.2768,65,oS8,aflowlib.duke.edu:AFLOWDATA/LIB3_WEB/AgAlK_sv/TBCC014.CAB
Ag1Al1K2,aflow:c5455c90e43cd6b4,,,0.402025,35.4526,225,cF16,aflowlib.duke.edu:AFLOWDATA/LIB3_WEB/AgAlK_sv/T0001.ABC2
Ag1Al1K2,aflow:d194bf926c3175b9,,,0.317213,30.7046,119,tI8,aflowlib.duke.edu:AFLOWDATA/LIB3_WEB/AgAlK_sv/TFCC008.CAB
Ag1Al1K2,aflow:e25818fe068303ec,,,0.43856,33.0069,12,mS8,aflowlib.duke.edu:AFLOWDATA/LIB3_WEB/AgAlK_sv/TFCC011.CAB
Ag1Al1K2,aflow:f0e4666df7c98c19,,,0.363397,32.3065,71,oI8,aflowlib.duke.edu:AFLOWDATA/LIB3_WEB/AgAlK_sv/TBCC012.CAB
Ag1Al1K2,aflow:f80d33ac76d9a4f5,,,0.0825948,39.3241,8,mS8,aflowlib.duke.edu:AFLOWDATA/LIB3_WEB/AgAlK_sv/TFCC006.CAB
Ag1Al1K2,aflow:fc9422a47cb41614,,,0.141873,34.2351,99,tP4,aflowlib.duke.edu:AFLOWDATA/LIB3_WEB/AgAlK_sv/TBCC006.CAB
Ag1Al1K4,aflow:37a4c3043330a63c,,,0.543017,44.5587,216,cF24,aflowlib.duke.edu:AFLOWDATA/LIB3_WEB/AgAlK_sv/T0010.CAB
Ag1Al1La1,aflow:1b464978a69ccfe8,,,-0.091385,24.0613,44,oI6,aflowlib.duke.edu:AFLOWDATA/LIB3_WEB/AgAlLa/TFCC002.ABC
Ag1Al1La1,aflow:2610facb1ecba9d2,,,-0.231037,22.904,107,tI6,aflowlib.duke.edu:AFLOWDATA/LIB3_WEB/AgAlLa/TBCC001.ABC
Ag1Al1La1,aflow:2b3f83cbc98f0d6b,,,-0.374084,24.7978,156,hP3,aflowlib.duke.edu:AFLOWDATA/LIB3_WEB/AgAlLa/TFCC001.ABC
Ag1Al1La1,aflow:67425ef41d9e97bd,,,-0.383159,24.6721,187,hP3,aflowlib.duke.edu:AFLOWDATA/LIB3_WEB/AgAlLa/TBCC002.ABC
Ag1Al1La1,aflow:8cedbe981639595d,,,-0.23251,23.1462,107,tI6,aflowlib.duke.edu:AFLOWDATA/LIB3_WEB/AgAlLa/TBCC003.ABC
Ag1Al1La1,aflow:ad55ccf348d7ec61,,,-0.039216,27.2896,216,cF12,aflowlib.duke.edu:AFLOWDATA/LIB3_WEB/AgAlLa/T0003.ABC
Ag1Al1La1,aflow:b132d52328252482,,,-0.232438,23.1491,107,tI6,aflowlib.duke.edu:AFLOWDATA/LIB3_WEB/AgAlLa/TFCC003.ABC
Ag1Al1La1,aflow:bfd837167f33bf10,,,-0.175078,27.3348,216,cF12,aflowlib.duke.edu:AFLOWDATA/LIB3_WEB/AgAlLa/T0003.CAB
Ag1Al1La1,aflow:ed6f3005edee32f2,,,0.288352,30.2071,216,cF12,aflowlib.duke.edu:AFLOWDATA/LIB3_WEB/AgAlLa/T0003.BCA
Ag1Al1La2,aflow:02d54796bb23b222,,,-0.29027,27.9831,123,tP4,aflowlib.duke.edu:AFLOWDATA/LIB3_WEB/AgAlLa/TBCC015.CAB
Ag1Al1La2,aflow:0a2c630399ccd5f3,,,-0.291569,27.7981,123,tP4,aflowlib.duke.edu:AFLOWDATA/LIB3_WEB/AgAlLa/TBCC016.CAB
Ag1Al1La2,aflow:15ee3c73d6995ab6,,,-0.290004,27.9673,65,oS8,aflowlib.duke.edu:AFLOWDATA/LIB3_WEB/AgAlLa/TBCC014.CAB
Ag1Al1La2,aflow:1869e5013681129c,,,-0.256548,27.3495,10,mP4,aflowlib.duke.edu:AFLOWDATA/LIB3_WEB/AgAlLa/TFCC014.CAB
Ag1Al1La2,aflow:1b6ab270ec557570,,,-0.291036,26.9152,44,oI8,aflowlib.duke.edu:AFLOWDATA/LIB3_WEB/AgAlLa/TBCC007.CAB
Ag1Al1La2,aflow:25d328b4822257ca,,,-0.328752,27.7209,123,tP4,aflowlib.duke.edu:AFLOWDATA/LIB3_WEB/AgAlLa/TBCC009.CAB
Ag1Al1La2,aflow:2c1b3841647bb097,,,-0.0677475,28.2621,25,oP4,aflowlib.duke.edu:AFLOWDATA/LIB3_WEB/AgAlLa/TFCC005.CAB
Ag1Al1La2,aflow:37edefbcc023d7ce,,,-0.291735,27.8485,123,tP4,aflowlib.duke.edu:AFLOWDATA/LIB3_WEB/AgAlLa/TFCC015.CAB
Ag1Al1La2,aflow:3e3ccda6cc665364,,,-0.304941,26.7457,25,oP4,aflowlib.duke.edu:AFLOWDATA/LIB3_WEB/AgAlLa/TBCC005.CAB
Ag1Al1La2,aflow:43fcbf6b4799ab2e,,,-0.329123,27.6677,123,tP4,aflowlib.duke.edu:AFLOWDATA/LIB3_WEB/AgAlLa/TFCC012.CAB
Ag1Al1La2,aflow:595fd6d8a0529471,,,-0.123603,26.6552,99,tP4,aflowlib.duke.edu:AFLOWDATA/LIB3_WEB/AgAlLa/TBCC004.CAB
Ag1Al1La2,aflow:60318b34b83fd8a2,,,-0.093241,29.6292,166,hR4,aflowlib.duke.edu:AFLOWDATA/LIB3_WEB/AgAlLa/TFCC009.CAB
Ag1Al1La2,aflow:6b379a13ab334afd,,,-0.292615,28.0893,123,tP4,aflowlib.duke.edu:AFLOWDATA/LIB3_WEB/AgAlLa/TFCC016.CAB
Ag1Al1La2,aflow:708356fa12102885,,,-0.327338,27.5919,123,tP4,aflowlib.duke.edu:AFLOWDATA/LIB3_WEB/AgAlLa/TBCC010.CAB
Ag1Al1La2,aflow:70be228f688c3c9e,,,-0.330017,27.5727,123,tP4,aflowlib.duke.edu:AFLOWDATA/LIB3_WEB/AgAlLa/TBCC011.CAB
Ag1Al1La2,aflow:77ff94b86b53400a,,,-0.124357,26.601,99,tP4,aflowlib.duke.edu:AFLOWDATA/LIB3_WEB/AgAlLa/TBCC006.CAB
Ag1Al1La2,aflow:889a979799900593,,,-0.0355133,29.7317,12,mS8,aflowlib.duke.edu:AFLOWDATA/LIB3_WEB/AgAlLa/TFCC011.CAB
Ag1Al1La2,aflow:933168e77d8783ab,,,-0.295393,28.0983,139,tI8,aflowlib.duke.edu:AFLOWDATA/LIB3_WEB/AgAlLa/TBCC012.CAB
Ag1Al1La2,aflow:98244a0a8a95b0d0,0,metal,-0.297156,28.1742,225,cF16,aflowlib.duke.edu:AFLOWDATA/LIB3_WEB/AgAlLa/T0001.ABC2
Ag1Al1La2,aflow:98a0992d406fb4ea,,,-0.329253,27.5416,123,tP4,aflowlib.duke.edu:AFLOWDATA/LIB3_WEB/AgAlLa/TFCC010.CAB
Ag1Al1La2,aflow:99f5c0bb0e25da3e,,,-0.122704,26.5495,99,tP4,aflowlib.duke.edu:AFLOWDATA/LIB3_WEB/AgAlLa/TFCC007.CAB
Ag1Al1La2,aflow:9ae68a980ff1837a,,,-0.238453,26.9902,160,hR4,aflowlib.duke.edu:AFLOWDATA/LIB3_WEB/AgAlLa/TFCC004.CAB
Ag1Al1La2,aflow:9e5d311e98e72c94,,,-0.296822,28.289,139,tI8,aflowlib.duke.edu:AFLOWDATA/LIB3_WEB/AgAlLa/TFCC013.CAB
Ag1Al1La2,aflow:a6ca94d2a3df4707,,,-0.219346,26.5482,119,tI8,aflowlib.duke.edu:AFLOWDATA/LIB3_WEB/AgAlLa/TFCC008.CAB
Ag1Al1La2,aflow:a8fe8c974a979cbb,0,metal,-0.0230475,25.3212,216,cF16,aflowlib.duke.edu:AFLOWDATA/LIB3_WEB/AgAlLa/T0002.ABC2
Ag1Al1La2,aflow:dcf6b166a68247df,,,-0.290258,26.8989,8,mS8,aflowlib.duke.edu:AFLOWDATA/LIB3_WEB/AgAlLa/TFCC006.CAB
Ag1Al1La4,aflow:561c20a1612ae240,,,0.331134,31.428,216,cF24,aflowlib.duke.edu:AFLOWDATA/LIB3_WEB/AgAlLa/T0010.CAB
Ag1Al1Li1,aflow:174387a51f49157d,,,-0.097303,16.8319,156,hP3,aflowlib.duke.edu:AFLOWDATA/LIB3_WEB/AgAlLi_sv/TFCC001.ABC
Ag1Al1Li1,aflow:56b4dda102c492fd,,,-0.187879,15.998,156,hP3,aflowlib.duke.edu:AFLOWDATA/LIB3_WEB/AgAlLi_sv/TBCC002.ABC
Ag1Al1Li1,aflow:623f48a6911d69d4,,,-0.190603,16.0213,44,oI6,aflowlib.duke.edu:AFLOWDATA/LIB3_WEB/AgAlLi_sv/TFCC002.ABC
Ag1Al1Li1,aflow:6345ff83fe875860,,,0.158563,17.899,216,cF12,aflowlib.duke.edu:AFLOWDATA/LIB3_WEB/AgAlLi_sv/T0003.BCA
Ag1Al1Li1,aflow:d6ca08522cdcf86e,,,0.090575,19.3989,216,cF12,aflowlib.duke.edu:AFLOWDATA/LIB3_WEB/AgAlLi_sv/T0003.ABC
Ag1Al1Li1,aflow:e1145f074cdc4ee9,,,-0.152149,16.2803,42,oF12,aflowlib.duke.edu:AFLOWDATA/LIB3_WEB/AgAlLi_sv/TBCC001.ABC
Ag1Al1Li1,aflow:e3317192f194e5f8,,,-0.194097,15.7383,107,tI6,aflowlib.duke.edu:AFLOWDATA/LIB3_WEB/AgAlLi_sv/TBCC003.ABC
Ag1Al1Li1,aflow:eb78609d6618db25,,,-0.193913,15.704,107,tI6,aflowlib.duke.edu:AFLOWDATA/LIB3_WEB/AgAlLi_sv/TFCC003.ABC
Ag1Al1Li1,aflow:edac81648fcbf7be,,,0.006796,19.4216,216,cF12,aflowlib.duke.edu:AFLOWDATA/LIB3_WEB/AgAlLi_sv/T0003.CAB
Ag1Al1Li2,aflow:047ef0bf838750ec,,,-0.0823667,17.375,160,hR4,aflowlib.duke.edu:AFLOWDATA/LIB3_WEB/AgAlLi_sv/TFCC004.CAB
Ag1Al1Li2,aflow:0559ef2d2381a96d,,,-0.17146,16.1628,65,oS8,aflowlib.duke.edu:AFLOWDATA/LIB3_WEB/AgAlLi_sv/TFCC015.CAB
Ag1Al1Li2,aflow:0c5b0714ee88e2f7,,,-0.161851,16.2184,10,mP4,aflowlib.duke.edu:AFLOWDATA/LIB3_WEB/AgAlLi_sv/TBCC010.CAB
Ag1Al1Li2,aflow:381756a94bcaa094,,,-0.15961,15.4427,225,cF16,aflowlib.duke.edu:AFLOWDATA/LIB3_WEB/AgAlLi_sv/T0001.ABC2
Ag1Al1Li2,aflow:3b8d4c32ddc242c8,,,-0.173294,15.6295,123,tP4,aflowlib.duke.edu:AFLOWDATA/LIB3_WEB/AgAlLi_sv/TBCC011.CAB
Ag1Al1Li2,aflow:4764101ee3ca2889,,,-0.148944,16.2579,99,tP4,aflowlib.duke.edu:AFLOWDATA/LIB3_WEB/AgAlLi_sv/TFCC007.CAB
Ag1Al1Li2,aflow:474684fe06e5e943,,,-0.189214,16.2232,8,mS8,aflowlib.duke.edu:AFLOWDATA/LIB3_WEB/AgAlLi_sv/TFCC006.CAB
Ag1Al1Li2,aflow:53ea3bfa08618bba,,,-0.167829,16.2924,123,tP4,aflowlib.duke.edu:AFLOWDATA/LIB3_WEB/AgAlLi_sv/TBCC009.CAB
Ag1Al1Li2,aflow:681b8086cc0bec90,,,-0.160256,16.2438,12,mS8,aflowlib.duke.edu:AFLOWDATA/LIB3_WEB/AgAlLi_sv/TBCC014.CAB
Ag1Al1Li2,aflow:6ac5881807cf00ff,,,-0.149303,16.3224,99,tP4,aflowlib.duke.edu:AFLOWDATA/LIB3_WEB/AgAlLi_sv/TBCC004.CAB
Ag1Al1Li2,aflow:6c836132f06b9667,,,-0.160043,16.4468,25,oP4,aflowlib.duke.edu:AFLOWDATA/LIB3_WEB/AgAlLi_sv/TFCC005.CAB
Ag1Al1Li2,aflow:7c65f7d219ed5816,,,-0.148739,16.3532,99,tP4,aflowlib.duke.edu:AFLOWDATA/LIB3_WEB/AgAlLi_sv/TBCC006.CAB
Ag1Al1Li2,aflow:82757ef510a4a18a,,,-0.250092,15.7121,216,cF16,aflowlib.duke.edu:AFLOWDATA/LIB3_WEB/AgAlLi_sv/ICSD_57330.ABC
Ag1Al1Li2,aflow:8c5b0706667d8630,,,-0.182889,16.0447,10,mP4,aflowlib.duke.edu:AFLOWDATA/LIB3_WEB/AgAlLi_sv/TFCC014.CAB
Ag1Al1Li2,aflow:8e07fbd846c80cb1,,,-0.169204,16.0164,47,oP4,aflowlib.duke.edu:AFLOWDATA/LIB3_WEB/AgAlLi_sv/TFCC010.CAB
Ag1Al1Li2,aflow:9af42d907e38fc20,,,-0.250004,15.7292,119,tI8,aflowlib.duke.edu:AFLOWDATA/LIB3_WEB/AgAlLi_sv/TBCC007.CAB
Ag1Al1Li2,aflow:9cdf91ba52130996,,,-0.174343,16.1561,6,mP4,aflowlib.duke.edu:AFLOWDATA/LIB3_WEB/AgAlLi_sv/TBCC005.CAB
Ag1Al1Li2,aflow:a292d9b43e3de8d6,,,-0.186078,16.0243,12,mS8,aflowlib.duke.edu:AFLOWDATA/LIB3_WEB/AgAlLi_sv/TFCC011.CAB
Ag1Al1Li2,aflow:a342e688b6644e18,,,-0.249859,15.707,216,cF16,aflowlib.duke.edu:AFLOWDATA/LIB3_WEB/AgAlLi_sv/T0002.ABC2
Ag1Al1Li2,aflow:a70058ee214c9a84,,,-0.12157,16.7151,166,hR4,aflowlib.duke.edu:AFLOWDATA/LIB3_WEB/AgAlLi_sv/TFCC009.CAB
Ag1Al1Li2,aflow:bcb3ad71ddb6e7b8,,,-0.187488,16.0667,71,oI8,aflowlib.duke.edu:AFLOWDATA/LIB3_WEB/AgAlLi_sv/TBCC012.CAB
Ag1Al1Li2,aflow:c978267c289c89ef,,,-0.181492,16.0257,47,oP4,aflowlib.duke.edu:AFLOWDATA/LIB3_WEB/AgAlLi_sv/TBCC015.CAB
Ag1Al1Li2,aflow:cc281abab2a35d90,,,-0.168962,16.175,123,tP4,aflowlib.duke.edu:AFLOWDATA/LIB3_WEB/AgAlLi_sv/TFCC012.CAB
Ag1Al1Li2,aflow:d065937fa652cb3d,0,metal,,16.0239,216,cF16,aflowlib.duke.edu:AFLOWDATA/ICSD_WEB/FCC/Ag1Al1Li2_ICSD_57330
Ag1Al1Li2,aflow:ded78a69e978192e,,,-0.177398,16.1554,123,tP4,aflowlib.duke.edu:AFLOWDATA/LIB3_WEB/AgAlLi_sv/TFCC016.CAB
Ag1Al1Li2,aflow:eb90020b0e72057f,,,-0.17744,16.1815,139,tI8,aflowlib.duke.edu:AFLOWDATA/LIB3_WEB/AgAlLi_sv/TFCC013.CAB
Ag1Al1Li2,aflow:f06e929b88ac4460,,,-0.165694,15.5098,123,tP4,aflowlib.duke.edu:AFLOWDATA/LIB3_WEB/AgAlLi_sv/TBCC016.CAB
Ag1Al1Li2,aflow:fd8ea797372e524c,,,-0.250401,15.7648,119,tI8,aflowlib.duke.edu:AFLOWDATA/LIB3_WEB/AgAlLi_sv/TFCC008.CAB
Ag1Al1Li4,aflow:22746a220d9746df,,,-0.0157477,15.4055,216,cF24,aflowlib.duke.edu:AFLOWDATA/LIB3_WEB/AgAlLi_sv/T0010.CAB
Ag1Al1Mg1,aflow:0616ab5224b4e7d2,,,0.108024,21.3012,216,cF12,aflowlib.duke.edu:AFLOWDATA/LIB3_WEB/AgAlMg_pv/T0003.ABC
Ag1Al1Mg1,aflow:42bb1c7a8dc90cc1,,,0.262675,21.8649,216,cF12,aflowlib.duke.edu:AFLOWDATA/LIB3_WEB/AgAlMg_pv/T0003.BCA
Ag1Al1Mg1,aflow:452307994712a28a,,,-0.0737613,18.19,107,tI6,aflowlib.duke.edu:AFLOWDATA/LIB3_WEB/AgAlMg_pv/TFCC003.ABC
Ag1Al1Mg1,aflow:4c6b5afb71c4c173,,,-0.0415603,18.3617,156,hP3,aflowlib.duke.edu:AFLOWDATA/LIB3_WEB/AgAlMg_pv/TFCC001.ABC
Ag1Al1Mg1,aflow:64e95c99cb952850,,,-0.0352273,20.8174,216,cF12,aflowlib.duke.edu:AFLOWDATA/LIB3_WEB/AgAlMg_pv/T0003.CAB
Ag1Al1Mg1,aflow:6bc6e35abdc4eec6,,,-0.0990167,18.5793,187,hP3,aflowlib.duke.edu:AFLOWDATA/LIB3_WEB/AgAlMg_pv/TBCC002.ABC
Ag1Al1Mg1,aflow:792aed505da805b7,,,-0.0745283,18.0892,44,oI6,aflowlib.duke.edu:AFLOWDATA/LIB3_WEB/AgAlMg_pv/TFCC002.ABC
Ag1Al1Mg1,aflow:9bac2f2300040d05,,,-0.0650339,18.2723,107,tI6,aflowlib.duke.edu:AFLOWDATA/LIB3_WEB/AgAlMg_pv/TBCC003.ABC
Ag1Al1Mg1,aflow:bb22f18274f50544,,,0.107572,21.3283,216,cF12,aflowlib.duke.edu:AFLOWDATA/LIB3_WEB/AgAlMg_pv/T0003.proto
Ag1Al1Mg1,aflow:c04022fbe68274ba,,,-0.00975347,18.3907,42,oF12,aflowlib.duke.edu:AFLOWDATA/LIB3_WEB/AgAlMg_pv/TBCC001.ABC
Ag1Al1Mg2,aflow:09353b2787bf608a,,,-0.0954746,18.9777,10,mP4,aflowlib.duke.edu:AFLOWDATA/LIB3_WEB/AgAlMg_pv/TBCC010.CAB
Ag1Al1Mg2,aflow:11b1790e6b088dae,,,-0.039125,19.271,166,hR4,aflowlib.duke.edu:AFLOWDATA/LIB3_WEB/AgAlMg_pv/TFCC009.CAB
Ag1Al1Mg2,aflow:180673a77e6d772c,,,-0.0904,19.0077,123,tP4,aflowlib.duke.edu:AFLOWDATA/LIB3_WEB/AgAlMg_pv/TFCC012.CAB
Ag1Al1Mg2,aflow:1ef2173c30443cab,,,-0.0849324,18.9095,47,oP4,aflowlib.duke.edu:AFLOWDATA/LIB3_WEB/AgAlMg_pv/TBCC015.CAB
Ag1Al1Mg2,aflow:2025a8be6e07e245,,,-0.08409,19.1847,8,mS8,aflowlib.duke.edu:AFLOWDATA/LIB3_WEB/AgAlMg_pv/TFCC006.CAB
Ag1Al1Mg2,aflow:22b513b1d53d238a,,,-0.085978,18.9688,123,tP4,aflowlib.duke.edu:AFLOWDATA/LIB3_WEB/AgAlMg_pv/TBCC011.CAB
Ag1Al1Mg2,aflow:2bc23caf2652ae33,,,-0.08816,18.9165,65,oS8,aflowlib.duke.edu:AFLOWDATA/LIB3_WEB/AgAlMg_pv/TFCC015.CAB
Ag1Al1Mg2,aflow:31509f44138388c0,,,-0.0659586,19.2743,44,oI8,aflowlib.duke.edu:AFLOWDATA/LIB3_WEB/AgAlMg_pv/TBCC007.CAB
Ag1Al1Mg2,aflow:3538a18834278b50,,,-0.0657205,19.0617,225,cF16,aflowlib.duke.edu:AFLOWDATA/LIB3_WEB/AgAlMg_pv/T0001.ABC2
Ag1Al1Mg2,aflow:456430e81da62d0d,,,-0.0346462,19.1852,99,tP4,aflowlib.duke.edu:AFLOWDATA/LIB3_WEB/AgAlMg_pv/TBCC006.CAB
Ag1Al1Mg2,aflow:4f2c6d08bbd531bb,,,-0.0892008,18.9725,65,oS8,aflowlib.duke.edu:AFLOWDATA/LIB3_WEB/AgAlMg_pv/TBCC014.CAB
Ag1Al1Mg2,aflow:56f0c2d0a6b27025,,,-0.0215572,18.7099,216,cF16,aflowlib.duke.edu:AFLOWDATA/LIB3_WEB/AgAlMg_pv/T0002.ABC2
Ag1Al1Mg2,aflow:764d2b9539785b99,,,-0.0812306,18.9408,139,tI8,aflowlib.duke.edu:AFLOWDATA/LIB3_WEB/AgAlMg_pv/TBCC012.CAB
Ag1Al1Mg2,aflow:777953f1b0272641,,,-0.095131,18.9485,47,oP4,aflowlib.duke.edu:AFLOWDATA/LIB3_WEB/AgAlMg_pv/TFCC010.CAB
Ag1Al1Mg2,aflow:84e2423b9a5d46ce,,,-0.0266433,19.2893,10,mP4,aflowlib.duke.edu:AFLOWDATA/LIB3_WEB/AgAlMg_pv/TFCC014.CAB
Ag1Al1Mg2,aflow:8d3ae2c3db0523e7,,,-0.0224316,19.4941,160,hR4,aflowlib.duke.edu:AFLOWDATA/LIB3_WEB/AgAlMg_pv/TFCC004.CAB
Ag1Al1Mg2,aflow:8e1a374324f2b26d,,,-0.101427,19.1552,6,mP4,aflowlib.duke.edu:AFLOWDATA/LIB3_WEB/AgAlMg_pv/TBCC005.CAB
Ag1Al1Mg2,aflow:8f601e6330d9c1e9,,,-0.0828485,18.9712,123,tP4,aflowlib.duke.edu:AFLOWDATA/LIB3_WEB/AgAlMg_pv/TBCC016.CAB
Ag1Al1Mg2,aflow:c4e1412c32d5eb5e,,,-0.0937485,19.0164,123,tP4,aflowlib.duke.edu:AFLOWDATA/LIB3_WEB/AgAlMg_pv/TBCC009.CAB
Ag1Al1Mg2,aflow:cd95ec2e2e8e4702,,,-0.025852,19.3006,12,mS8,aflowlib.duke.edu:AFLOWDATA/LIB3_WEB/AgAlMg_pv/TFCC011.CAB
Ag1Al1Mg2,aflow:d0ca8a7585fff579,,,-0.0849455,18.9464,123,tP4,aflowlib.duke.edu:AFLOWDATA/LIB3_WEB/AgAlMg_pv/TFCC016.CAB
Ag1Al1Mg2,aflow:d1d3a120a45ddd1c,,,-0.0580275,19.1,119,tI8,aflowlib.duke.edu:AFLOWDATA/LIB3_WEB/AgAlMg_pv/TFCC008.CAB
Ag1Al1Mg2,aflow:def21d71fb86272b,,,-0.081073,18.9992,139,tI8,aflowlib.duke.edu:AFLOWDATA/LIB3_WEB/AgAlMg_pv/TFCC013.CAB
Ag1Al1Mg2,aflow:e74f6e7fb369fa2f,,,-0.042447,19.0531,25,oP4,aflowlib.duke.edu:AFLOWDATA/LIB3_WEB/AgAlMg_pv/TFCC005.CAB
Ag1Al1Mg2,aflow:ea110dd8177cba53,,,-0.0519402,19.3797,99,tP4,aflowlib.duke.edu:AFLOWDATA/LIB3_WEB/AgAlMg_pv/TFCC007.CAB
Ag1Al1Mg2,aflow:eea468275ef050f9,,,-0.0497352,19.3437,99,tP4,aflowlib.duke.edu:AFLOWDATA/LIB3_WEB/AgAlMg_pv/TBCC004.CAB
Ag1Al1Mg4,aflow:8c6fd616549cbb13,,,0.188416,21.3805,216,cF24,aflowlib.duke.edu:AFLOWDATA/LIB3_WEB/AgAlMg_pv/T0010.CAB
Ag1Al1Mn1,aflow:01cf5052b3af3d4f,,,-0.00824767,15.2968,107,tI6,aflowlib.duke.edu:AFLOWDATA/LIB3_WEB/AgAlMn_pv/TFCC003.ABC
Ag1Al1Mn1,aflow:01874b8f1d7cdb20,,,0.329257,18.2778,216,cF12,aflowlib.duke.edu:AFLOWDATA/LIB3_WEB/AgAlMn_pv/T0003.proto
Ag1Al1Mn1,aflow:21a8696f2c91beef,,,-0.00772118,15.315,42,oF12,aflowlib.duke.edu:AFLOWDATA/LIB3_WEB/AgAlMn_pv/TBCC001.ABC
Ag1Al1Mn1,aflow:22f932908f9ab506,,,0.392122,18.5157,216,cF12,aflowlib.duke.edu:AFLOWDATA/LIB3_WEB/AgAlMn_pv/T0003.BCA
Ag1Al1Mn1,aflow:3e807af6fdb447b1,,,-0.00824157,15.2952,107,tI6,aflowlib.duke.edu:AFLOWDATA/LIB3_WEB/AgAlMn_pv/TBCC003.ABC
Ag1Al1Mn1,aflow:6ef373a948797093,,,0.0482077,15.923,156,hP3,aflowlib.duke.edu:AFLOWDATA/LIB3_WEB/AgAlMn_pv/TBCC002.ABC
Ag1Al1Mn1,aflow:a8cd29835eef743f,,,0.261791,14.4597,156,hP3,aflowlib.duke.edu:AFLOWDATA/LIB3_WEB/AgAlMn_pv/TFCC001.ABC
Ag1Al1Mn1,aflow:bbe9837b4b764840,,,0.314006,18.8953,216,cF12,aflowlib.duke.edu:AFLOWDATA/LIB3_WEB/AgAlMn_pv/T0003.CAB
Ag1Al1Mn1,aflow:cbecbdf103dbc509,,,0.329807,18.2794,216,cF12,aflowlib.duke.edu:AFLOWDATA/LIB3_WEB/AgAlMn_pv/T0003.ABC
Ag1Al1Mn1,aflow:f6fe74d993875c5a,,,0.075165,15.5562,44,oI6,aflowlib.duke.edu:AFLOWDATA/LIB3_WEB/AgAlMn_pv/TFCC002.ABC
Ag1Al1Mn2,aflow:109d2386e244ad73,,,0.0946267,14.7454,123,tP4,aflowlib.duke.edu:AFLOWDATA/LIB3_WEB/AgAlMn_pv/TBCC016.CAB
Ag1Al1Mn2,aflow:12ab2d5ae2c38e19,,,0.0903805,14.8273,10,mP4,aflowlib.duke.edu:AFLOWDATA/LIB3_WEB/AgAlMn_pv/TBCC010.CAB
Ag1Al1Mn2,aflow:28acc47e63cbdff7,,,0.068093,14.7867,123,tP4,aflowlib.duke.edu:AFLOWDATA/LIB3_WEB/AgAlMn_pv/TFCC012.CAB
Ag1Al1Mn2,aflow:2f53a30ced81cd22,,,0.174134,13.5388,160,hR4,aflowlib.duke.edu:AFLOWDATA/LIB3_WEB/AgAlMn_pv/TFCC004.CAB
Ag1Al1Mn2,aflow:320ef438cb6a67a0,,,0.283702,13.8366,10,mP4,aflowlib.duke.edu:AFLOWDATA/LIB3_WEB/AgAlMn_pv/TFCC014.CAB
Ag1Al1Mn2,aflow:445c2261bbf706cf,,,0.247542,13.5773,44,oI8,aflowlib.duke.edu:AFLOWDATA/LIB3_WEB/AgAlMn_pv/TBCC007.CAB
Ag1Al1Mn2,aflow:48d2ccb7f8a79005,,,0.0246098,13.4728,99,tP4,aflowlib.duke.edu:AFLOWDATA/LIB3_WEB/AgAlMn_pv/TBCC004.CAB
Ag1Al1Mn2,aflow:60df3cc5be0d060a,0,metal,0.150899,15.3231,225,cF16,aflowlib.duke.edu:AFLOWDATA/LIB3_WEB/AgAlMn_pv/T0001.ABC2
Ag1Al1Mn2,aflow:64a9007a7e0778c8,,,0.0973167,14.9066,65,oS8,aflowlib.duke.edu:AFLOWDATA/LIB3_WEB/AgAlMn_pv/TFCC015.CAB
Ag1Al1Mn2,aflow:7b531ea0d9db44fb,,,0.168001,15.1906,12,mS8,aflowlib.duke.edu:AFLOWDATA/LIB3_WEB/AgAlMn_pv/TFCC011.CAB
Ag1Al1Mn2,aflow:80b2b80e5bfda80c,,,0.02497,13.4026,99,tP4,aflowlib.duke.edu:AFLOWDATA/LIB3_WEB/AgAlMn_pv/TFCC005.CAB
Ag1Al1Mn2,aflow:81404c99c70ff9b4,,,0.296298,13.2556,119,tI8,aflowlib.duke.edu:AFLOWDATA/LIB3_WEB/AgAlMn_pv/TFCC008.CAB
Ag1Al1Mn2,aflow:82d58b3a6ac0fd81,,,0.094755,14.7634,123,tP4,aflowlib.duke.edu:AFLOWDATA/LIB3_WEB/AgAlMn_pv/TFCC016.CAB
Ag1Al1Mn2,aflow:8caec850b606399a,,,0.194789,13.8644,8,mS8,aflowlib.duke.edu:AFLOWDATA/LIB3_WEB/AgAlMn_pv/TFCC006.CAB
Ag1Al1Mn2,aflow:8ead21d2ea7ee118,,,0.0947594,14.7817,47,oP4,aflowlib.duke.edu:AFLOWDATA/LIB3_WEB/AgAlMn_pv/TBCC015.CAB
Ag1Al1Mn2,aflow:98677ca3c777c5de,,,0.123802,15.0484,123,tP4,aflowlib.duke.edu:AFLOWDATA/LIB3_WEB/AgAlMn_pv/TBCC011.CAB
Ag1Al1Mn2,aflow:995d9c779100469d,,,0.0683395,14.7457,65,oS8,aflowlib.duke.edu:AFLOWDATA/LIB3_WEB/AgAlMn_pv/TBCC009.CAB
Ag1Al1Mn2,aflow:9a7ed155ec3b50ff,,,0.0983198,14.9492,65,oS8,aflowlib.duke.edu:AFLOWDATA/LIB3_WEB/AgAlMn_pv/TBCC014.CAB
Ag1Al1Mn2,aflow:9c90876363ac89ac,,,0.0236935,13.425,99,tP4,aflowlib.duke.edu:AFLOWDATA/LIB3_WEB/AgAlMn_pv/TBCC006.CAB
Ag1Al1Mn2,aflow:b5a749c8f6d4192d,0,metal,0.302009,13.288,216,cF16,aflowlib.duke.edu:AFLOWDATA/LIB3_WEB/AgAlMn_pv/T0002.ABC2
Ag1Al1Mn2,aflow:c064195ae3937797,,,0.0254535,13.4404,99,tP4,aflowlib.duke.edu:AFLOWDATA/LIB3_WEB/AgAlMn_pv/TBCC005.CAB
Ag1Al1Mn2,aflow:ca72962fe6313fdc,,,0.024807,13.4091,99,tP4,aflowlib.duke.edu:AFLOWDATA/LIB3_WEB/AgAlMn_pv/TFCC007.CAB
Ag1Al1Mn2,aflow:cca647ec3ff494d2,,,0.089351,14.8214,47,oP4,aflowlib.duke.edu:AFLOWDATA/LIB3_WEB/AgAlMn_pv/TFCC010.CAB
Ag1Al1Mn2,aflow:dc7965aece6b14f7,,,0.187923,15.4066,166,hR4,aflowlib.duke.edu:AFLOWDATA/LIB3_WEB/AgAlMn_pv/TFCC009.CAB
Ag1Al1Mn2,aflow:e47d2fdf825d6df2,,,0.0906567,14.9884,139,tI8,aflowlib.duke.edu:AFLOWDATA/LIB3_WEB/AgAlMn_pv/TFCC013.CAB
Ag1Al1Mn2,aflow:ed9f48d254cb8074,,,0.102545,14.6453,71,oI8,aflowlib.duke.edu:AFLOWDATA/LIB3_WEB/AgAlMn_pv/TBCC012.CAB
Ag1Al1Mn4,aflow:0774961fa0ef0abb,,,0.268888,12.6422,216,cF24,aflowlib.duke.edu:AFLOWDATA/LIB3_WEB/AgAlMn_pv/T0010.CAB
Ag1Al1Mo1,aflow:003b9828d183fd64,,,0.0868543,16.079,107,tI6,aflowlib.duke.edu:AFLOWDATA/LIB3_WEB/AgAlMo_pv/TFCC002.ABC
Ag1Al1Mo1,aflow:293696bd764fff2d,,,0.0836396,16.0578,107,tI6,aflowlib.duke.edu:AFLOWDATA/LIB3_WEB/AgAlMo_pv/TBCC003.ABC
Ag1Al1Mo1,aflow:2968856014bfddd3,,,0.249873,16.3098,156,hP3,aflowlib.duke.edu:AFLOWDATA/LIB3_WEB/AgAlMo_pv/TBCC002.ABC
Ag1Al1Mo1,aflow:47150eeaf3e798e0,,,0.083404,16.0263,107,tI6,aflowlib.duke.edu:AFLOWDATA/LIB3_WEB/AgAlMo_pv/TFCC003.ABC
Ag1Al1Mo1,aflow:6d415411382a3e2a,,,0.668543,18.6274,216,cF12,aflowlib.duke.edu:AFLOWDATA/LIB3_WEB/AgAlMo_pv/T0003.proto
Ag1Al1Mo1,aflow:757e27bbc6e0124c,,,0.668534,18.6404,216,cF12,aflowlib.duke.edu:AFLOWDATA/LIB3_WEB/AgAlMo_pv/T0003.ABC
Ag1Al1Mo1,aflow:8602470e17ffcfde,,,0.79382,19.2922,216,cF12,aflowlib.duke.edu:AFLOWDATA/LIB3_WEB/AgAlMo_pv/T0003.CAB
Ag1Al1Mo1,aflow:ca8bebe55d3c637e,,,0.884542,20.1332,216,cF12,aflowlib.duke.edu:AFLOWDATA/LIB3_WEB/AgAlMo_pv/T0003.BCA
Ag1Al1Mo1,aflow:d2e802d09eaf0024,,,0.123611,16.224,156,hP3,aflowlib.duke.edu:AFLOWDATA/LIB3_WEB/AgAlMo_pv/TFCC001.ABC
Ag1Al1Mo1,aflow:fb7aa4d3b7b6d712,,,0.0810828,16.0754,42,oF12,aflowlib.duke.edu:AFLOWDATA/LIB3_WEB/AgAlMo_pv/TBCC001.ABC
Ag1Al1Mo2,aflow:0116d823e2c7c7a2,,,0.165785,15.9157,12,mS8,aflowlib.duke.edu:AFLOWDATA/LIB3_WEB/AgAlMo_pv/TBCC014.CAB
Ag1Al1Mo2,aflow:21ea9e8ab2c4528d,,,0.370749,16.0466,123,tP4,aflowlib.duke.edu:AFLOWDATA/LIB3_WEB/AgAlMo_pv/TBCC016.CAB
Ag1Al1Mo2,aflow:47fb411bf00d9462,,,0.169338,15.8982,65,oS8,aflowlib.duke.edu:AFLOWDATA/LIB3_WEB/AgAlMo_pv/TFCC015.CAB
Ag1Al1Mo2,aflow:4dc37385dfd6864e,,,0.154708,15.9097,71,oI8,aflowlib.duke.edu:AFLOWDATA/LIB3_WEB/AgAlMo_pv/TBCC012.CAB
Ag1Al1Mo2,aflow:528a92fca615e500,,,0.168917,15.8947,123,tP4,aflowlib.duke.edu:AFLOWDATA/LIB3_WEB/AgAlMo_pv/TBCC011.CAB
Ag1Al1Mo2,aflow:5a8b0d98424269ad,,,0.193327,16.2198,160,hR4,aflowlib.duke.edu:AFLOWDATA/LIB3_WEB/AgAlMo_pv/TFCC004.CAB
Ag1Al1Mo2,aflow:5b4ebca14ae2deec,0,metal,0.474995,16.045,225,cF16,aflowlib.duke.edu:AFLOWDATA/LIB3_WEB/AgAlMo_pv/T0001.ABC2
Ag1Al1Mo2,aflow:6aa9a534c483b452,,,0.145785,15.8686,47,oP4,aflowlib.duke.edu:AFLOWDATA/LIB3_WEB/AgAlMo_pv/TBCC015.CAB
Ag1Al1Mo2,aflow:764ea45689f75dc1,,,0.155066,15.915,12,mS8,aflowlib.duke.edu:AFLOWDATA/LIB3_WEB/AgAlMo_pv/TFCC011.CAB
Ag1Al1Mo2,aflow:79ff3067523c11da,,,0.166127,15.8595,123,tP4,aflowlib.duke.edu:AFLOWDATA/LIB3_WEB/AgAlMo_pv/TFCC012.CAB
Ag1Al1Mo2,aflow:84418c30a46eb594,,,0.18073,16.1,99,tP4,aflowlib.duke.edu:AFLOWDATA/LIB3_WEB/AgAlMo_pv/TFCC007.CAB
Ag1Al1Mo2,aflow:86f6f5a99de5760e,,,0.163198,16.1901,44,oI8,aflowlib.duke.edu:AFLOWDATA/LIB3_WEB/AgAlMo_pv/TBCC007.CAB
Ag1Al1Mo2,aflow:8750786b8de9999a,,,0.231248,15.955,119,tI8,aflowlib.duke.edu:AFLOWDATA/LIB3_WEB/AgAlMo_pv/TFCC008.CAB
Ag1Al1Mo2,aflow:88054b7b21311c5f,,,0.145507,15.9154,47,oP4,aflowlib.duke.edu:AFLOWDATA/LIB3_WEB/AgAlMo_pv/TFCC014.CAB
Ag1Al1Mo2,aflow:8bca569ea206624d,,,0.167293,15.8682,65,oS8,aflowlib.duke.edu:AFLOWDATA/LIB3_WEB/AgAlMo_pv/TBCC009.CAB
Ag1Al1Mo2,aflow:923060fd8ca10fe9,0,metal,0.259661,16.0692,216,cF16,aflowlib.duke.edu:AFLOWDATA/LIB3_WEB/AgAlMo_pv/T0002.ABC2
Ag1Al1Mo2,aflow:98a2374e6d71b40d,,,0.183568,16.0635,8,mS8,aflowlib.duke.edu:AFLOWDATA/LIB3_WEB/AgAlMo_pv/TFCC006.CAB
Ag1Al1Mo2,aflow:a7121d4049075e83,,,0.156798,15.9174,123,tP4,aflowlib.duke.edu:AFLOWDATA/LIB3_WEB/AgAlMo_pv/TFCC016.CAB
Ag1Al1Mo2,aflow:afd7d31740e6153e,,,0.16028,15.9864,47,oP4,aflowlib.duke.edu:AFLOWDATA/LIB3_WEB/AgAlMo_pv/TFCC010.CAB
Ag1Al1Mo2,aflow:b3505509d9e74734,,,0.244208,16.1388,166,hR4,aflowlib.duke.edu:AFLOWDATA/LIB3_WEB/AgAlMo_pv/TFCC009.CAB
Ag1Al1Mo2,aflow:cc2b3ba7e221b943,,,0.0881508,16.1434,35,oS8,aflowlib.duke.edu:AFLOWDATA/LIB3_WEB/AgAlMo_pv/TBCC004.CAB
Ag1Al1Mo2,aflow:e469298fc81cb592,,,0.108513,16.3427,99,tP4,aflowlib.duke.edu:AFLOWDATA/LIB3_WEB/AgAlMo_pv/TBCC006.CAB
Ag1Al1Mo2,aflow:f01198f768c4a5b0,,,0.149502,16.0403,10,mP4,aflowlib.duke.edu:AFLOWDATA/LIB3_WEB/AgAlMo_pv/TBCC010.CAB
Ag1Al1Mo2,aflow:f497ba18abdbb397,,,0.247735,16.2762,25,oP4,aflowlib.duke.edu:AFLOWDATA/LIB3_WEB/AgAlMo_pv/TFCC005.CAB
Ag1Al1Mo2,aflow:f950599477992194,,,0.170625,15.9274,139,tI8,aflowlib.duke.edu:AFLOWDATA/LIB3_WEB/AgAlMo_pv/TFCC013.CAB
Ag1Al1Mo2,aflow:fe6b8c1fee255138,,,0.113044,16.0871,6,mP4,aflowlib.duke.edu:AFLOWDATA/LIB3_WEB/AgAlMo_pv/TBCC005.CAB
Ag1Al1Mo4,aflow:fa81c5ba323aa94b,,,0.468586,17.0933,216,cF24,aflowlib.duke.edu:AFLOWDATA/LIB3_WEB/AgAlMo_pv/T0010.CAB
Ag1Al1Na1,aflow:3a6515e0b3996e20,,,0.048001,20.1308,156,hP3,aflowlib.duke.edu:AFLOWDATA/LIB3_WEB/AgAlNa_sv/TBCC002.ABC
Ag1Al1Na1,aflow:404f0909a60c6883,,,0.033337,20.4642,107,tI6,aflowlib.duke.edu:AFLOWDATA/LIB3_WEB/AgAlNa_sv/TFCC003.ABC
Ag1Al1Na1,aflow:5d3d1fd996f10aa5,,,0.543191,24.7565,216,cF12,aflowlib.duke.edu:AFLOWDATA/LIB3_WEB/AgAlNa_sv/T0003.BCA
Ag1Al1Na1,aflow:640ae190b7723f01,,,0.0861207,19.9962,156,hP3,aflowlib.duke.edu:AFLOWDATA/LIB3_WEB/AgAlNa_sv/TFCC001.ABC
Ag1Al1Na1,aflow:714691b8fb239636,,,0.0325473,20.195,42,oF12,aflowlib.duke.edu:AFLOWDATA/LIB3_WEB/AgAlNa_sv/TBCC001.ABC
Ag1Al1Na1,aflow:84fffd88ad1aac69,,,0.0230093,21.4554,44,oI6,aflowlib.duke.edu:AFLOWDATA/LIB3_WEB/AgAlNa_sv/TFCC002.ABC
Ag1Al1Na1,aflow:943fa1534ce1a2f9,,,0.0363511,21.0973,107,tI6,aflowlib.duke.edu:AFLOWDATA/LIB3_WEB/AgAlNa_sv/TBCC003.ABC
Ag1Al1Na1,aflow:a8ac21822a0610c9,,,0.292172,23.5664,216,cF12,aflowlib.duke.edu:AFLOWDATA/LIB3_WEB/AgAlNa_sv/T0003.ABC
Ag1Al1Na1,aflow:e406325eec727f06,,,0.200303,23.42,216,cF12,aflowlib.duke.edu:AFLOWDATA/LIB3_WEB/AgAlNa_sv/T0003.CAB
Ag1Al1Na2,aflow:0d6d25de77cbd5be,,,0.145049,21.3594,10,mP4,aflowlib.duke.edu:AFLOWDATA/LIB3_WEB/AgAlNa_sv/TFCC014.CAB
Ag1Al1Na2,aflow:21f18a2aede277c8,,,0.146329,21.295,12,mS8,aflowlib.duke.edu:AFLOWDATA/LIB3_WEB/AgAlNa_sv/TFCC011.CAB
Ag1Al1Na2,aflow:38467385dff9bc4a,,,0.075568,22.6923,6,mP4,aflowlib.duke.edu:AFLOWDATA/LIB3_WEB/AgAlNa_sv/TBCC005.CAB
Ag1Al1Na2,aflow:3e6047b09c4021b0,,,0.075303,23.6283,44,oI8,aflowlib.duke.edu:AFLOWDATA/LIB3_WEB/AgAlNa_sv/TBCC007.CAB
Ag1Al1Na2,aflow:44e09ce2b64e2126,,,0.114466,21.9051,47,oP4,aflowlib.duke.edu:AFLOWDATA/LIB3_WEB/AgAlNa_sv/TFCC010.CAB
Ag1Al1Na2,aflow:484cb3d24bcf7c99,,,0.0370313,24.5467,99,tP4,aflowlib.duke.edu:AFLOWDATA/LIB3_WEB/AgAlNa_sv/TBCC004.CAB
Ag1Al1Na2,aflow:4bfad0993ad9519e,,,0.119901,21.7556,10,mP4,aflowlib.duke.edu:AFLOWDATA/LIB3_WEB/AgAlNa_sv/TBCC010.CAB
Ag1Al1Na2,aflow:52df06137c0f11c7,,,0.114726,21.9357,123,tP4,aflowlib.duke.edu:AFLOWDATA/LIB3_WEB/AgAlNa_sv/TFCC012.CAB
Ag1Al1Na2,aflow:5b482bbb0644094d,,,0.138123,21.5845,166,hR4,aflowlib.duke.edu:AFLOWDATA/LIB3_WEB/AgAlNa_sv/TFCC009.CAB
Ag1Al1Na2,aflow:6696464f4601c99e,,,0.0362995,24.3021,25,oP4,aflowlib.duke.edu:AFLOWDATA/LIB3_WEB/AgAlNa_sv/TFCC005.CAB
Ag1Al1Na2,aflow:6c6834e39847935c,,,0.182077,22.9614,123,tP4,aflowlib.duke.edu:AFLOWDATA/LIB3_WEB/AgAlNa_sv/TBCC011.CAB
Ag1Al1Na2,aflow:6ef831d25968ac22,,,0.111867,21.8979,65,oS8,aflowlib.duke.edu:AFLOWDATA/LIB3_WEB/AgAlNa_sv/TBCC009.CAB
Ag1Al1Na2,aflow:789982a92b6eeefd,,,0.11765,21.6104,71,oI8,aflowlib.duke.edu:AFLOWDATA/LIB3_WEB/AgAlNa_sv/TBCC012.CAB
Ag1Al1Na2,aflow:7803cd4e4ce1586e,,,0.210574,23.0931,225,cF16,aflowlib.duke.edu:AFLOWDATA/LIB3_WEB/AgAlNa_sv/T0001.ABC2
Ag1Al1Na2,aflow:a5d79f401ff53a0b,,,0.111579,21.9245,65,oS8,aflowlib.duke.edu:AFLOWDATA/LIB3_WEB/AgAlNa_sv/TFCC015.CAB
Ag1Al1Na2,aflow:b241e8e449241cd2,,,0.0755858,21.1188,119,tI8,aflowlib.duke.edu:AFLOWDATA/LIB3_WEB/AgAlNa_sv/TFCC008.CAB
Ag1Al1Na2,aflow:b8f694fde18dbe92,,,0.113622,21.8511,12,mS8,aflowlib.duke.edu:AFLOWDATA/LIB3_WEB/AgAlNa_sv/TBCC014.CAB
Ag1Al1Na2,aflow:ba80268539e1b639,,,0.0358435,24.163,99,tP4,aflowlib.duke.edu:AFLOWDATA/LIB3_WEB/AgAlNa_sv/TBCC006.CAB
Ag1Al1Na2,aflow:bdc020ba4d752463,,,0.105654,22.7412,160,hR4,aflowlib.duke.edu:AFLOWDATA/LIB3_WEB/AgAlNa_sv/TFCC004.CAB
Ag1Al1Na2,aflow:ce4ce445b9e227d2,,,0.0806075,22.038,8,mS8,aflowlib.duke.edu:AFLOWDATA/LIB3_WEB/AgAlNa_sv/TFCC006.CAB
Ag1Al1Na2,aflow:d3659944b236fec8,,,0.0741588,21.2509,216,cF16,aflowlib.duke.edu:AFLOWDATA/LIB3_WEB/AgAlNa_sv/T0002.ABC2
Ag1Al1Na2,aflow:d448702e15f2b8b4,,,0.116604,21.7334,139,tI8,aflowlib.duke.edu:AFLOWDATA/LIB3_WEB/AgAlNa_sv/TFCC013.CAB
Ag1Al1Na2,aflow:de583f5103c30be3,,,0.112914,21.8232,123,tP4,aflowlib.duke.edu:AFLOWDATA/LIB3_WEB/AgAlNa_sv/TFCC016.CAB
Ag1Al1Na2,aflow:ea58de75a12fff7a,,,0.0393405,24.0101,99,tP4,aflowlib.duke.edu:AFLOWDATA/LIB3_WEB/AgAlNa_sv/TFCC007.CAB
Ag1Al1Na2,aflow:f64822746a962d07,,,0.192593,23.0744,123,tP4,aflowlib.duke.edu:AFLOWDATA/LIB3_WEB/AgAlNa_sv/TBCC016.CAB
Ag1Al1Na2,aflow:f93ebf73d5931d68,,,0.121329,21.4928,47,oP4,aflowlib.duke.edu:AFLOWDATA/LIB3_WEB/AgAlNa_sv/TBCC015.CAB
Ag1Al1Na4,aflow:5d996ce6b4c0804f,,,0.310427,25.0959,216,cF24,aflowlib.duke.edu:AFLOWDATA/LIB3_WEB/AgAlNa_sv/T0010.CAB
Ag1Al1Nb1,aflow:1cf2c1aa822f9aa4,,,0.0232222,17.1318,156,hP3,aflowlib.duke.edu:AFLOWDATA/LIB3_WEB/AgAlNb_sv/TBCC002.ABC
Ag1Al1Nb1,aflow:6ce1625384941d64,,,-0.0946602,16.9429,107,tI6,aflowlib.duke.edu:AFLOWDATA/LIB3_WEB/AgAlNb_sv/TBCC001.ABC
Ag1Al1Nb1,aflow:7fb016d7eb232e93,,,0.040466,17.2458,156,hP3,aflowlib.duke.edu:AFLOWDATA/LIB3_WEB/AgAlNb_sv/TFCC001.ABC
Ag1Al1Nb1,aflow:9b71ecebd04952bf,,,0.479189,19.7422,216,cF12,aflowlib.duke.edu:AFLOWDATA/LIB3_WEB/AgAlNb_sv/T0003.CAB
Ag1Al1Nb1,aflow:b32d97666fe12665,,,0.506229,19.5759,216,cF12,aflowlib.duke.edu:AFLOWDATA/LIB3_WEB/AgAlNb_sv/T0003.ABC
Ag1Al1Nb1,aflow:cd52d4bee37d5707,,,-0.0919293,16.9423,107,tI6,aflowlib.duke.edu:AFLOWDATA/LIB3_WEB/AgAlNb_sv/TFCC002.ABC
Ag1Al1Nb1,aflow:d0c822991d28a258,,,-0.092234,16.8437,107,tI6,aflowlib.duke.edu:AFLOWDATA/LIB3_WEB/AgAlNb_sv/TBCC003.ABC
Ag1Al1Nb1,aflow:e8944d08370fc495,,,-0.093129,16.915,107,tI6,aflowlib.duke.edu:AFLOWDATA/LIB3_WEB/AgAlNb_sv/TFCC003.ABC
Ag1Al1Nb1,aflow:f20f9c33bd661495,,,0.713625,21.0299,216,cF12,aflowlib.duke.edu:AFLOWDATA/LIB3_WEB/AgAlNb_sv/T0003.BCA
Ag1Al1Nb2,aflow:0ad6f150eb4242b5,,,0.221823,17.5336,123,tP4,aflowlib.duke.edu:AFLOWDATA/LIB3_WEB/AgAlNb_sv/TBCC016.CAB
Ag1Al1Nb2,aflow:0c373690332a902f,,,0.111231,17.5211,166,hR4,aflowlib.duke.edu:AFLOWDATA/LIB3_WEB/AgAlNb_sv/TFCC009.CAB
Ag1Al1Nb2,aflow:0f6f35234a0b8bdc,,,-0.0500972,17.1705,139,tI8,aflowlib.duke.edu:AFLOWDATA/LIB3_WEB/AgAlNb_sv/TFCC013.CAB
Ag1Al1Nb2,aflow:10a0ee027aeac428,,,-0.0416279,17.324,35,oS8,aflowlib.duke.edu:AFLOWDATA/LIB3_WEB/AgAlNb_sv/TBCC004.CAB
Ag1Al1Nb2,aflow:117554ae2d8a3fd7,,,-0.0252365,17.4527,99,tP4,aflowlib.duke.edu:AFLOWDATA/LIB3_WEB/AgAlNb_sv/TFCC007.CAB
Ag1Al1Nb2,aflow:14b94c06e14b614b,,,-0.0487287,17.0892,71,oI8,aflowlib.duke.edu:AFLOWDATA/LIB3_WEB/AgAlNb_sv/TFCC011.CAB
Ag1Al1Nb2,aflow:14aa900f97ccf24e,,,-0.0494964,17.0801,71,oI8,aflowlib.duke.edu:AFLOWDATA/LIB3_WEB/AgAlNb_sv/TBCC012.CAB
Ag1Al1Nb2,aflow:341a6c3272c72d2d,,,-0.0366671,17.2106,47,oP4,aflowlib.duke.edu:AFLOWDATA/LIB3_WEB/AgAlNb_sv/TFCC014.CAB
Ag1Al1Nb2,aflow:41d9e6b248970f4d,,,0.0861988,17.6815,160,hR4,aflowlib.duke.edu:AFLOWDATA/LIB3_WEB/AgAlNb_sv/TFCC004.CAB
Ag1Al1Nb2,aflow:489345e8c92b17dd,,,-0.0475657,17.2175,123,tP4,aflowlib.duke.edu:AFLOWDATA/LIB3_WEB/AgAlNb_sv/TFCC012.CAB
Ag1Al1Nb2,aflow:6389959f8628784f,,,-0.0514347,17.1022,123,tP4,aflowlib.duke.edu:AFLOWDATA/LIB3_WEB/AgAlNb_sv/TBCC009.CAB
Ag1Al1Nb2,aflow:784f0d9a7984c1ee,,,-0.028947,17.2486,65,oS8,aflowlib.duke.edu:AFLOWDATA/LIB3_WEB/AgAlNb_sv/TFCC015.CAB
Ag1Al1Nb2,aflow:7904b9473dcfbd19,,,-0.0375115,17.2137,47,oP4,aflowlib.duke.edu:AFLOWDATA/LIB3_WEB/AgAlNb_sv/TFCC010.CAB
Ag1Al1Nb2,aflow:85bdad1ac8bdea0d,,,0.0636862,17.835,99,tP4,aflowlib.duke.edu:AFLOWDATA/LIB3_WEB/AgAlNb_sv/TBCC006.CAB
Ag1Al1Nb2,aflow:92acd70b81b89917,0,metal,0.199648,17.4461,225,cF16,aflowlib.duke.edu:AFLOWDATA/LIB3_WEB/AgAlNb_sv/T0001.ABC2
Ag1Al1Nb2,aflow:95df277f06df0948,0,metal,0.274571,17.5355,216,cF16,aflowlib.duke.edu:AFLOWDATA/LIB3_WEB/AgAlNb_sv/T0002.ABC2
Ag1Al1Nb2,aflow:9be650f0554987e1,,,0.0900995,17.5682,25,oP4,aflowlib.duke.edu:AFLOWDATA/LIB3_WEB/AgAlNb_sv/TFCC005.CAB
Ag1Al1Nb2,aflow:b2265122cce6d4e6,,,-0.0339367,17.278,10,mP4,aflowlib.duke.edu:AFLOWDATA/LIB3_WEB/AgAlNb_sv/TBCC010.CAB
Ag1Al1Nb2,aflow:b5af09b1a28f0feb,,,0.0644398,17.5874,44,oI8,aflowlib.duke.edu:AFLOWDATA/LIB3_WEB/AgAlNb_sv/TBCC007.CAB
Ag1Al1Nb2,aflow:de5c3a791db8f1a5,,,-0.0515682,17.2063,123,tP4,aflowlib.duke.edu:AFLOWDATA/LIB3_WEB/AgAlNb_sv/TBCC011.CAB
Ag1Al1Nb2,aflow:e26e0ad28b7b09df,,,-0.0354264,17.108,47,oP4,aflowlib.duke.edu:AFLOWDATA/LIB3_WEB/AgAlNb_sv/TBCC015.CAB
Ag1Al1Nb2,aflow:e2bb2117bc70f133,,,-0.0277385,17.266,12,mS8,aflowlib.duke.edu:AFLOWDATA/LIB3_WEB/AgAlNb_sv/TBCC014.CAB
Ag1Al1Nb2,aflow:e485b6f1e322cc1d,,,-0.0348395,17.2449,123,tP4,aflowlib.duke.edu:AFLOWDATA/LIB3_WEB/AgAlNb_sv/TFCC016.CAB
Ag1Al1Nb2,aflow:e799b961963bb113,,,-0.00534219,17.3581,6,mP4,aflowlib.duke.edu:AFLOWDATA/LIB3_WEB/AgAlNb_sv/TBCC005.CAB
Ag1Al1Nb2,aflow:ea6196504bd68a58,,,0.0829145,17.3961,119,tI8,aflowlib.duke.edu:AFLOWDATA/LIB3_WEB/AgAlNb_sv/TFCC008.CAB
Ag1Al1Nb2,aflow:f5daf2b0034d38c3,,,0.0870445,17.448,8,mS8,aflowlib.duke.edu:AFLOWDATA/LIB3_WEB/AgAlNb_sv/TFCC006.CAB
Ag1Al1Nb4,aflow:6ea3612aa406cb5e,,,0.338774,18.6329,216,cF24,aflowlib.duke.edu:AFLOWDATA/LIB3_WEB/AgAlNb_sv/T0010.CAB
Ag1Al1Ni1,aflow:1c3b07c397bbbaeb,,,-0.235876,14.1627,107,tI6,aflowlib.duke.edu:AFLOWDATA/LIB3_WEB/AgAlNi_pv/TFCC002.ABC
Ag1Al1Ni1,aflow:2782c1c38584f1e3,,,-0.235907,14.1887,107,tI6,aflowlib.duke.edu:AFLOWDATA/LIB3_WEB/AgAlNi_pv/TFCC003.ABC
Ag1Al1Ni1,aflow:389788dc67cf36e9,,,0.02776,16.5684,216,cF12,aflowlib.duke.edu:AFLOWDATA/LIB3_WEB/AgAlNi_pv/T0003.BCA
Ag1Al1Ni1,aflow:54198fa7f83e2f2f,,,-0.0778517,14.5698,156,hP3,aflowlib.duke.edu:AFLOWDATA/LIB3_WEB/AgAlNi_pv/TFCC001.ABC
Ag1Al1Ni1,aflow:8443e8a2a94818e0,,,0.262894,17.1644,216,cF12,aflowlib.duke.edu:AFLOWDATA/LIB3_WEB/AgAlNi_pv/T0003.CAB
Ag1Al1Ni1,aflow:8d491ecc33e3ac8e,,,-0.226227,14.2995,42,oF12,aflowlib.duke.edu:AFLOWDATA/LIB3_WEB/AgAlNi_pv/TBCC001.ABC
Ag1Al1Ni1,aflow:c395df8a46998640,,,-0.138818,14.3378,156,hP3,aflowlib.duke.edu:AFLOWDATA/LIB3_WEB/AgAlNi_pv/TBCC002.ABC
Ag1Al1Ni1,aflow:e6c30c92306cdea2,,,0.0899797,16.4339,216,cF12,aflowlib.duke.edu:AFLOWDATA/LIB3_WEB/AgAlNi_pv/T0003.ABC
Ag1Al1Ni1,aflow:fe87c6e970aec62a,,,-0.234853,14.1762,107,tI6,aflowlib.duke.edu:AFLOWDATA/LIB3_WEB/AgAlNi_pv/TBCC003.ABC
Ag1Al1Ni2,aflow:033666721bbea19d,,,-0.260486,13.2271,123,tP4,aflowlib.duke.edu:AFLOWDATA/LIB3_WEB/AgAlNi_pv/TBCC011.CAB
Ag1Al1Ni2,aflow:0be866593f2034bf,,,-0.127714,13.2239,44,oI8,aflowlib.duke.edu:AFLOWDATA/LIB3_WEB/AgAlNi_pv/TBCC007.CAB
Ag1Al1Ni2,aflow:1fcf05194a04c87c,,,-0.170724,13.2274,25,oP4,aflowlib.duke.edu:AFLOWDATA/LIB3_WEB/AgAlNi_pv/TBCC005.CAB
Ag1Al1Ni2,aflow:1f31278f100d5f9c,,,-0.122593,13.3476,99,tP4,aflowlib.duke.edu:AFLOWDATA/LIB3_WEB/AgAlNi_pv/TBCC004.CAB
Ag1Al1Ni2,aflow:2418042db172507d,,,-0.191476,13.1621,139,tI8,aflowlib.duke.edu:AFLOWDATA/LIB3_WEB/AgAlNi_pv/TBCC012.CAB
Ag1Al1Ni2,aflow:2b59a4dd6d23d601,,,-0.103792,13.3622,12,mS8,aflowlib.duke.edu:AFLOWDATA/LIB3_WEB/AgAlNi_pv/TFCC011.CAB
Ag1Al1Ni2,aflow:450d3b8b476a1408,,,-0.204704,13.0861,123,tP4,aflowlib.duke.edu:AFLOWDATA/LIB3_WEB/AgAlNi_pv/TBCC015.CAB
Ag1Al1Ni2,aflow:552f92123c3832a9,,,-0.261353,13.1496,123,tP4,aflowlib.duke.edu:AFLOWDATA/LIB3_WEB/AgAlNi_pv/TBCC009.CAB
Ag1Al1Ni2,aflow:5afee492a15a9374,0,metal,-0.11371,13.206,216,cF16,aflowlib.duke.edu:AFLOWDATA/LIB3_WEB/AgAlNi_pv/T0002.ABC2
Ag1Al1Ni2,aflow:5d1140c50e10ce0c,,,-0.191029,13.1113,139,tI8,aflowlib.duke.edu:AFLOWDATA/LIB3_WEB/AgAlNi_pv/TFCC013.CAB
Ag1Al1Ni2,aflow:658f46e8b93675e9,0,metal,-0.174065,13.1804,225,cF16,aflowlib.duke.edu:AFLOWDATA/LIB3_WEB/AgAlNi_pv/T0001.ABC2
Ag1Al1Ni2,aflow:77d55c79c337d8e4,,,-0.205281,13.086,123,tP4,aflowlib.duke.edu:AFLOWDATA/LIB3_WEB/AgAlNi_pv/TBCC016.CAB
Ag1Al1Ni2,aflow:874cabb8b7a729f6,,,-0.172328,13.1952,65,oS8,aflowlib.duke.edu:AFLOWDATA/LIB3_WEB/AgAlNi_pv/TFCC015.CAB
Ag1Al1Ni2,aflow:8a315ccb1e693b49,,,-0.122775,13.396,99,tP4,aflowlib.duke.edu:AFLOWDATA/LIB3_WEB/AgAlNi_pv/TFCC007.CAB
Ag1Al1Ni2,aflow:92714188a12bae25,,,-0.135925,13.2448,8,mS8,aflowlib.duke.edu:AFLOWDATA/LIB3_WEB/AgAlNi_pv/TFCC006.CAB
Ag1Al1Ni2,aflow:9d58312fd29c5978,,,-0.262013,13.1346,123,tP4,aflowlib.duke.edu:AFLOWDATA/LIB3_WEB/AgAlNi_pv/TFCC012.CAB
Ag1Al1Ni2,aflow:9e290c2a9a2bb827,,,0.0243168,13.6115,160,hR4,aflowlib.duke.edu:AFLOWDATA/LIB3_WEB/AgAlNi_pv/TFCC004.CAB
Ag1Al1Ni2,aflow:a4a95a416332e67d,,,-0.120335,13.4182,25,oP4,aflowlib.duke.edu:AFLOWDATA/LIB3_WEB/AgAlNi_pv/TFCC005.CAB
Ag1Al1Ni2,aflow:b2c8d141075e3b36,,,-0.106187,13.5175,166,hR4,aflowlib.duke.edu:AFLOWDATA/LIB3_WEB/AgAlNi_pv/TFCC009.CAB
Ag1Al1Ni2,aflow:bc3fe04e67aca18f,,,-0.260977,13.0926,123,tP4,aflowlib.duke.edu:AFLOWDATA/LIB3_WEB/AgAlNi_pv/TFCC010.CAB
Ag1Al1Ni2,aflow:c35c3555ff2869f0,,,-0.122483,13.2701,99,tP4,aflowlib.duke.edu:AFLOWDATA/LIB3_WEB/AgAlNi_pv/TBCC006.CAB
Ag1Al1Ni2,aflow:ce9c61d6785ce211,,,-0.249595,13.2059,10,mP4,aflowlib.duke.edu:AFLOWDATA/LIB3_WEB/AgAlNi_pv/TBCC010.CAB
Ag1Al1Ni2,aflow:d041f79bc6bae2f3,,,-0.204569,13.0337,123,tP4,aflowlib.duke.edu:AFLOWDATA/LIB3_WEB/AgAlNi_pv/TFCC016.CAB
Ag1Al1Ni2,aflow:defefcffe4acfe78,,,-0.073966,13.3531,10,mP4,aflowlib.duke.edu:AFLOWDATA/LIB3_WEB/AgAlNi_pv/TFCC014.CAB
Ag1Al1Ni2,aflow:f3769bffa3b55560,,,-0.174598,13.2701,65,oS8,aflowlib.duke.edu:AFLOWDATA/LIB3_WEB/AgAlNi_pv/TBCC014.CAB
Ag1Al1Ni2,aflow:f98796109aa06d29,,,-0.149885,13.1942,119,tI8,aflowlib.duke.edu:AFLOWDATA/LIB3_WEB/AgAlNi_pv/TFCC008.CAB
Ag1Al1Ni4,aflow:617ae9a96c8340cd,,,-0.067206,12.6148,216,cF24,aflowlib.duke.edu:AFLOWDATA/LIB3_WEB/AgAlNi_pv/T0010.CAB
Ag1Al1O3,aflow:31c9b9599be6db63,0,metal,,12.6269,221,cP5,aflowlib.duke.edu:AFLOWDATA/LIB3_WEB/AgAlO/T0009.BAC:LDAU2
Ag1Al1O3,aflow:b778fabdb1b01db1,0,half-metal,,10.7063,221,cP5,aflowlib.duke.edu:AFLOWDATA/LIB3_WEB/AgAlO/T0009.ABC:LDAU2
Ag1Al1Os1,aflow:1ab677f4b006d482,,,0.994466,18.2421,216,cF12,aflowlib.duke.edu:AFLOWDATA/LIB3_WEB/AgAlOs_pv/T0003.CAB
Ag1Al1Os1,aflow:389fed3cd07abebb,,,0.225017,15.9161,44,oI6,aflowlib.duke.edu:AFLOWDATA/LIB3_WEB/AgAlOs_pv/TFCC002.ABC
Ag1Al1Os1,aflow:85ceb464a7573092,,,0.711865,18.8503,216,cF12,aflowlib.duke.edu:AFLOWDATA/LIB3_WEB/AgAlOs_pv/T0003.BCA
Ag1Al1Os1,aflow:97edc3daf5c2f082,,,0.232829,15.3166,156,hP3,aflowlib.duke.edu:AFLOWDATA/LIB3_WEB/AgAlOs_pv/TBCC002.ABC
Ag1Al1Os1,aflow:9d87c14cb850bc70,,,0.218067,15.631,42,oF12,aflowlib.duke.edu:AFLOWDATA/LIB3_WEB/AgAlOs_pv/TBCC001.ABC
Ag1Al1Os1,aflow:a151369f9020d1ab,,,0.489049,17.1021,216,cF12,aflowlib.duke.edu:AFLOWDATA/LIB3_WEB/AgAlOs_pv/T0003.ABC
Ag1Al1Os1,aflow:bde69887314693a0,,,0.132322,15.4736,156,hP3,aflowlib.duke.edu:AFLOWDATA/LIB3_WEB/AgAlOs_pv/TFCC001.ABC
Ag1Al1Os1,aflow:e70ef137a804fdf5,,,0.181744,15.4172,107,tI6,aflowlib.duke.edu:AFLOWDATA/LIB3_WEB/AgAlOs_pv/TBCC003.ABC
Ag1Al1Os1,aflow:f72fd362181e870f,,,0.181975,15.5114,107,tI6,aflowlib.duke.edu:AFLOWDATA/LIB3_WEB/AgAlOs_pv/TFCC003.ABC
Ag1Al1Os2,aflow:1f6143bc49e2fe4a,,,0.371662,15.4065,35,oS8,aflowlib.duke.edu:AFLOWDATA/LIB3_WEB/AgAlOs_pv/TBCC004.CAB
Ag1Al1Os2,aflow:1f31505aba596b0a,,,0.200713,15.0281,166,hR4,aflowlib.duke.edu:AFLOWDATA/LIB3_WEB/AgAlOs_pv/TFCC009.CAB
Ag1Al1Os2,aflow:1f22d9ed516e5607,,,0.158959,15.1956,25,oP4,aflowlib.duke.edu:AFLOWDATA/LIB3_WEB/AgAlOs_pv/TFCC005.CAB
Ag1Al1Os2,aflow:26ab2194f5e59f68,,,0.129764,15.238,160,hR4,aflowlib.duke.edu:AFLOWDATA/LIB3_WEB/AgAlOs_pv/TFCC004.CAB
Ag1Al1Os2,aflow:2c2c9f4b8a31936e,,,0.323404,14.9129,119,tI8,aflowlib.duke.edu:AFLOWDATA/LIB3_WEB/AgAlOs_pv/TFCC008.CAB
Ag1Al1Os2,aflow:3133449e720271b3,,,0.287366,14.9564,10,mP4,aflowlib.duke.edu:AFLOWDATA/LIB3_WEB/AgAlOs_pv/TFCC014.CAB
Ag1Al1Os2,aflow:33f23d88b807f26b,,,0.158812,15.2325,6,mP4,aflowlib.duke.edu:AFLOWDATA/LIB3_WEB/AgAlOs_pv/TBCC005.CAB
Ag1Al1Os2,aflow:3eff0b3b74b74345,,,0.217897,15.2231,12,mS8,aflowlib.duke.edu:AFLOWDATA/LIB3_WEB/AgAlOs_pv/TFCC011.CAB
Ag1Al1Os2,aflow:40ad6fdda1ef2535,,,0.438628,15.0132,123,tP4,aflowlib.duke.edu:AFLOWDATA/LIB3_WEB/AgAlOs_pv/TFCC016.CAB
Ag1Al1Os2,aflow:4a56756cb27e8453,,,0.399901,15.2234,12,mS8,aflowlib.duke.edu:AFLOWDATA/LIB3_WEB/AgAlOs_pv/TBCC014.CAB
Ag1Al1Os2,aflow:4c5df5c25531171b,,,0.361433,15.0919,47,oP4,aflowlib.duke.edu:AFLOWDATA/LIB3_WEB/AgAlOs_pv/TBCC015.CAB
Ag1Al1Os2,aflow:54efcc2fbcf10487,,,0.228102,15.1274,8,mS8,aflowlib.duke.edu:AFLOWDATA/LIB3_WEB/AgAlOs_pv/TFCC006.CAB
Ag1Al1Os2,aflow:6bca3e3b07fe712f,,,0.399475,15.1048,123,tP4,aflowlib.duke.edu:AFLOWDATA/LIB3_WEB/AgAlOs_pv/TFCC012.CAB
Ag1Al1Os2,aflow:6e7afc3f56747cfc,,,0.370532,14.959,123,tP4,aflowlib.duke.edu:AFLOWDATA/LIB3_WEB/AgAlOs_pv/TBCC011.CAB
Ag1Al1Os2,aflow:729cf491169c42ba,,,0.294469,15.2371,65,oS8,aflowlib.duke.edu:AFLOWDATA/LIB3_WEB/AgAlOs_pv/TBCC009.CAB
Ag1Al1Os2,aflow:7de77abf5df3ff77,,,0.216811,15.2184,71,oI8,aflowlib.duke.edu:AFLOWDATA/LIB3_WEB/AgAlOs_pv/TBCC012.CAB
Ag1Al1Os2,aflow:872f21032929082a,,,0.442708,14.9814,65,oS8,aflowlib.duke.edu:AFLOWDATA/LIB3_WEB/AgAlOs_pv/TFCC015.CAB
Ag1Al1Os2,aflow:8b3692f5d85afd47,0,metal,0.376229,15.0958,216,cF16,aflowlib.duke.edu:AFLOWDATA/LIB3_WEB/AgAlOs_pv/T0002.ABC2
Ag1Al1Os2,aflow:964fec7e53073fa2,,,0.0375682,15.2244,99,tP4,aflowlib.duke.edu:AFLOWDATA/LIB3_WEB/AgAlOs_pv/TFCC007.CAB
Ag1Al1Os2,aflow:9b7e4cdaca432ec4,,,0.435927,14.7521,123,tP4,aflowlib.duke.edu:AFLOWDATA/LIB3_WEB/AgAlOs_pv/TBCC016.CAB
Ag1Al1Os2,aflow:a283c62fb163333c,,,0.389213,15.4291,47,oP4,aflowlib.duke.edu:AFLOWDATA/LIB3_WEB/AgAlOs_pv/TFCC010.CAB
Ag1Al1Os2,aflow:aa0f241ebc864d64,,,0.365867,15.2098,10,mP4,aflowlib.duke.edu:AFLOWDATA/LIB3_WEB/AgAlOs_pv/TBCC010.CAB
Ag1Al1Os2,aflow:b100b1ce3e9e875b,,,0.332149,14.9535,44,oI8,aflowlib.duke.edu:AFLOWDATA/LIB3_WEB/AgAlOs_pv/TBCC007.CAB
Ag1Al1Os2,aflow:db24a6e5a637e965,0,metal,0.504187,14.8972,225,cF16,aflowlib.duke.edu:AFLOWDATA/LIB3_WEB/AgAlOs_pv/T0001.ABC2
Ag1Al1Os2,aflow:ded10b8f8e1c6ad6,,,0.478721,15.132,139,tI8,aflowlib.duke.edu:AFLOWDATA/LIB3_WEB/AgAlOs_pv/TFCC013.CAB
Ag1Al1Os2,aflow:fdd0356b351f18d9,,,0.03632,15.2023,99,tP4,aflowlib.duke.edu:AFLOWDATA/LIB3_WEB/AgAlOs_pv/TBCC006.CAB
Ag1Al1Os4,aflow:e142589c7d418769,,,0.690743,16.3255,216,cF24,aflowlib.duke.edu:AFLOWDATA/LIB3_WEB/AgAlOs_pv/T0010.CAB
Ag1Al1P1,aflow:18b7de244f2bc1c5,,,0.117882,19.0973,216,cF12,aflowlib.duke.edu:AFLOWDATA/LIB3_WEB/AgAlP/T0003.BCA
Ag1Al1P1,aflow:20dc572cd95fdc80,,,0.0976773,18.6661,216,cF12,aflowlib.duke.edu:AFLOWDATA/LIB3_WEB/AgAlP/T0003.ABC
Ag1Al1P1,aflow:36ed7c2b94978262,,,0.21084,19.1705,216,cF12,aflowlib.duke.edu:AFLOWDATA/LIB3_WEB/AgAlP/T0003.CAB
Ag1Al1P1,aflow:4832ae626cf7fd8b,,,0.136951,18.1384,107,tI6,aflowlib.duke.edu:AFLOWDATA/LIB3_WEB/AgAlP/TBCC003.ABC
Ag1Al1P1,aflow:88b0f3cb3c038352,,,0.178254,17.1223,107,tI6,aflowlib.duke.edu:AFLOWDATA/LIB3_WEB/AgAlP/TFCC003.ABC
Ag1Al1P1,aflow:bfb3313a2cdbb6bc,,,0.0977703,18.5801,216,cF12,aflowlib.duke.edu:AFLOWDATA/LIB3_WEB/AgAlP/T0003.proto
Ag1Al1P1,aflow:dc0a1bffc6d9f1cb,,,0.201455,17.2581,156,hP3,aflowlib.duke.edu:AFLOWDATA/LIB3_WEB/AgAlP/TBCC002.ABC
Ag1Al1P1,aflow:df30b5de96c00258,,,0.16249,17.1387,42,oF12,aflowlib.duke.edu:AFLOWDATA/LIB3_WEB/AgAlP/TBCC001.ABC
Ag1Al1P1,aflow:e5c1e52ff85bfade,,,0.137637,17.6333,107,tI6,aflowlib.duke.edu:AFLOWDATA/LIB3_WEB/AgAlP/TFCC002.ABC
Ag1Al1P1,aflow:f736999583e8ac1e,,,-0.0177533,18.4845,156,hP3,aflowlib.duke.edu:AFLOWDATA/LIB3_WEB/AgAlP/TFCC001.ABC
Ag1Al1P2,aflow:0361a60b75b83d7d,,,0.253071,16.2564,123,tP4,aflowlib.duke.edu:AFLOWDATA/LIB3_WEB/AgAlP/TBCC016.CAB
Ag1Al1P2,aflow:0b526e2fdda34666,,,-0.0171393,17.8617,99,tP4,aflowlib.duke.edu:AFLOWDATA/LIB3_WEB/AgAlP/TFCC007.CAB
Ag1Al1P2,aflow:0cf84c029de3d934,,,0.333837,16.3997,139,tI8,aflowlib.duke.edu:AFLOWDATA/LIB3_WEB/AgAlP/TFCC013.CAB
Ag1Al1P2,aflow:162ff2959cf28230,,,0.251949,16.2575,123,tP4,aflowlib.duke.edu:AFLOWDATA/LIB3_WEB/AgAlP/TFCC015.CAB
Ag1Al1P2,aflow:27eedfdcf34b5ef4,,,0.186883,17.225,123,tP4,aflowlib.duke.edu:AFLOWDATA/LIB3_WEB/AgAlP/TBCC011.CAB
Ag1Al1P2,aflow:3b70e3350cb1f90c,,,0.181389,17.22,12,mS8,aflowlib.duke.edu:AFLOWDATA/LIB3_WEB/AgAlP/TBCC014.CAB
Ag1Al1P2,aflow:4a3a6fbe8c15eb1f,,,0.418464,16.3348,216,cF16,aflowlib.duke.edu:AFLOWDATA/LIB3_WEB/AgAlP/T0002.ABC2
Ag1Al1P2,aflow:55a2ae7d5b0c24b1,,,0.245437,17.0837,71,oI8,aflowlib.duke.edu:AFLOWDATA/LIB3_WEB/AgAlP/TBCC012.CAB
Ag1Al1P2,aflow:59c3e01e445c0072,,,0.332722,17.2739,160,hR4,aflowlib.duke.edu:AFLOWDATA/LIB3_WEB/AgAlP/TFCC004.CAB
Ag1Al1P2,aflow:5ac78c3a24a1ac3a,,,0.00809707,18.2436,10,mP4,aflowlib.duke.edu:AFLOWDATA/LIB3_WEB/AgAlP/TBCC010.CAB
Ag1Al1P2,aflow:5c2b88bd69f32990,,,0.361149,16.081,35,oS8,aflowlib.duke.edu:AFLOWDATA/LIB3_WEB/AgAlP/TBCC004.CAB
Ag1Al1P2,aflow:62a4e792f9d09a68,,,0.244705,16.6748,10,mP4,aflowlib.duke.edu:AFLOWDATA/LIB3_WEB/AgAlP/TFCC014.CAB
Ag1Al1P2,aflow:6e4f5055e3d4ebe0,,,0.196041,16.6394,44,oI8,aflowlib.duke.edu:AFLOWDATA/LIB3_WEB/AgAlP/TBCC007.CAB
Ag1Al1P2,aflow:7cb0770e4fa9e5f3,,,0.041815,17.9727,156,hP4,aflowlib.duke.edu:AFLOWDATA/LIB3_WEB/AgAlP/ICSD_25356.ABC
Ag1Al1P2,aflow:86aab5a5e7a8bde0,,,-0.0175504,16.966,6,mP4,aflowlib.duke.edu:AFLOWDATA/LIB3_WEB/AgAlP/TBCC005.CAB
Ag1Al1P2,aflow:93f66961362bdaff,,,0.251372,16.8645,65,oS8,aflowlib.duke.edu:AFLOWDATA/LIB3_WEB/AgAlP/TBCC009.CAB
Ag1Al1P2,aflow:9994b9f4251332ff,,,0.342123,16.3358,123,tP4,aflowlib.duke.edu:AFLOWDATA/LIB3_WEB/AgAlP/TFCC016.CAB
Ag1Al1P2,aflow:b7e3acb8ca021730,,,0.18753,17.1102,123,tP4,aflowlib.duke.edu:AFLOWDATA/LIB3_WEB/AgAlP/TFCC012.CAB
Ag1Al1P2,aflow:b7a537d92d1f2273,,,0.0140787,17.1981,8,mS8,aflowlib.duke.edu:AFLOWDATA/LIB3_WEB/AgAlP/TFCC006.CAB
Ag1Al1P2,aflow:c06d4eed0fc2c5f7,,,-0.015592,16.9431,25,oP4,aflowlib.duke.edu:AFLOWDATA/LIB3_WEB/AgAlP/TFCC005.CAB
Ag1Al1P2,aflow:d3eeeba65a1c3a3f,,,-0.00952125,18.7713,12,mS8,aflowlib.duke.edu:AFLOWDATA/LIB3_WEB/AgAlP/TFCC011.CAB
Ag1Al1P2,aflow:e377b13e7b472138,,,0.308842,17.1135,47,oP4,aflowlib.duke.edu:AFLOWDATA/LIB3_WEB/AgAlP/TBCC015.CAB
Ag1Al1P2,aflow:eb64d39c90fff822,,,0.0225778,17.3055,166,hR4,aflowlib.duke.edu:AFLOWDATA/LIB3_WEB/AgAlP/TFCC009.CAB
Ag1Al1P2,aflow:f4f3c8bca8fe1000,,,0.228429,16.5094,99,tP4,aflowlib.duke.edu:AFLOWDATA/LIB3_WEB/AgAlP/TBCC006.CAB
Ag1Al1P2,aflow:f7973b1e3b7b5526,,,0.373667,16.4288,119,tI8,aflowlib.duke.edu:AFLOWDATA/LIB3_WEB/AgAlP/TFCC008.CAB
Ag1Al1P2,aflow:f90adaaf9ac0fb44,,,0.351815,16.3931,225,cF16,aflowlib.duke.edu:AFLOWDATA/LIB3_WEB/AgAlP/T0001.ABC2
Ag1Al1P2,aflow:fb76b68fe93dc490,,,0.221593,16.3619,47,oP4,aflowlib.duke.edu:AFLOWDATA/LIB3_WEB/AgAlP/TFCC010.CAB
Ag1Al1P4,aflow:b3eca715862aab66,,,0.532426,16.6254,216,cF24,aflowlib.duke.edu:AFLOWDATA/LIB3_WEB/AgAlP/T0010.CAB
Ag1Al1Pb1,aflow:07dc33140716278f,,,0.18481,24.2015,216,cF12,aflowlib.duke.edu:AFLOWDATA/LIB3_WEB/AgAlPb_d/T0003.proto
Ag1Al1Pb1,aflow:0f60684617bb5bec,,,0.18352,24.4008,216,cF12,aflowlib.duke.edu:AFLOWDATA/LIB3_WEB/AgAlPb_d/T0003.CAB
Ag1Al1Pb1,aflow:195cf836a43af011,,,0.12919,22.1842,42,oF12,aflowlib.duke.edu:AFLOWDATA/LIB3_WEB/AgAlPb_d/TBCC001.ABC
Ag1Al1Pb1,aflow:53757677af569dbb,,,0.184718,24.318,216,cF12,aflowlib.duke.edu:AFLOWDATA/LIB3_WEB/AgAlPb_d/T0003.ABC
Ag1Al1Pb1,aflow:90f076cd485e848c,,,0.15781,22.4247,156,hP3,aflowlib.duke.edu:AFLOWDATA/LIB3_WEB/AgAlPb_d/TFCC001.ABC
Ag1Al1Pb1,aflow:c7a7ff2409b8d5d9,,,0.130184,22.3129,44,oI6,aflowlib.duke.edu:AFLOWDATA/LIB3_WEB/AgAlPb_d/TFCC002.ABC
Ag1Al1Pb1,aflow:d981f1df09b657f1,,,0.129768,22.2843,107,tI6,aflowlib.duke.edu:AFLOWDATA/LIB3_WEB/AgAlPb_d/TBCC003.ABC
Ag1Al1Pb1,aflow:db9eb5c226adc622,,,0.341581,25.8517,216,cF12,aflowlib.duke.edu:AFLOWDATA/LIB3_WEB/AgAlPb_d/T0003.BCA
Ag1Al1Pb1,aflow:e43db67a501bf3a2,,,0.152727,23.1543,156,hP3,aflowlib.duke.edu:AFLOWDATA/LIB3_WEB/AgAlPb_d/TBCC002.ABC
Ag1Al1Pb1,aflow:f5a8b983b6169d94,,,0.129777,22.3278,107,tI6,aflowlib.duke.edu:AFLOWDATA/LIB3_WEB/AgAlPb_d/TFCC003.ABC
Ag1Al1Pb2,aflow:022aec003ed50730,,,0.210545,24.8535,119,tI8,aflowlib.duke.edu:AFLOWDATA/LIB3_WEB/AgAlPb_d/TFCC008.CAB
Ag1Al1Pb2,aflow:0e95791aa43cb35d,,,0.194244,24.7001,47,oP4,aflowlib.duke.edu:AFLOWDATA/LIB3_WEB/AgAlPb_d/TFCC010.CAB
Ag1Al1Pb2,aflow:11dfdd3b0169726a,,,0.205047,25.1354,166,hR4,aflowlib.duke.edu:AFLOWDATA/LIB3_WEB/AgAlPb_d/TFCC009.CAB
Ag1Al1Pb2,aflow:2387841433f72307,,,0.157669,25.0663,8,mS8,aflowlib.duke.edu:AFLOWDATA/LIB3_WEB/AgAlPb_d/TFCC006.CAB
Ag1Al1Pb2,aflow:272a901f72a4a9d7,,,0.188125,24.7516,65,oS8,aflowlib.duke.edu:AFLOWDATA/LIB3_WEB/AgAlPb_d/TBCC009.CAB
Ag1Al1Pb2,aflow:2be1e6e29c28edc5,,,0.197255,24.7158,123,tP4,aflowlib.duke.edu:AFLOWDATA/LIB3_WEB/AgAlPb_d/TBCC011.CAB
Ag1Al1Pb2,aflow:354677cf4bd72e93,,,0.202425,24.7148,71,oI8,aflowlib.duke.edu:AFLOWDATA/LIB3_WEB/AgAlPb_d/TBCC012.CAB
Ag1Al1Pb2,aflow:37eb73bb32165aaa,,,0.191654,24.7639,65,oS8,aflowlib.duke.edu:AFLOWDATA/LIB3_WEB/AgAlPb_d/TFCC015.CAB
Ag1Al1Pb2,aflow:3bcf086b0ef3e49a,,,0.195208,24.7638,139,tI8,aflowlib.duke.edu:AFLOWDATA/LIB3_WEB/AgAlPb_d/TFCC013.CAB
Ag1Al1Pb2,aflow:48778539de6a401b,,,0.212685,25.1589,12,mS8,aflowlib.duke.edu:AFLOWDATA/LIB3_WEB/AgAlPb_d/TFCC011.CAB
Ag1Al1Pb2,aflow:5d4fc4854e370a9b,,,0.201488,24.7336,123,tP4,aflowlib.duke.edu:AFLOWDATA/LIB3_WEB/AgAlPb_d/TFCC016.CAB
Ag1Al1Pb2,aflow:62f7b02bb3b5ae6c,,,0.188969,24.5812,123,tP4,aflowlib.duke.edu:AFLOWDATA/LIB3_WEB/AgAlPb_d/TFCC012.CAB
Ag1Al1Pb2,aflow:67f6f4f423c6ade4,,,0.25017,25.3379,47,oP4,aflowlib.duke.edu:AFLOWDATA/LIB3_WEB/AgAlPb_d/TBCC015.CAB
Ag1Al1Pb2,aflow:6e3950393c4cd722,,,0.12341,25.0211,160,hR4,aflowlib.duke.edu:AFLOWDATA/LIB3_WEB/AgAlPb_d/TFCC004.CAB
Ag1Al1Pb2,aflow:75dc5617e55b8cca,,,0.203208,24.8482,225,cF16,aflowlib.duke.edu:AFLOWDATA/LIB3_WEB/AgAlPb_d/T0001.ABC2
Ag1Al1Pb2,aflow:8166a8c3a2c9c5c9,,,0.1144,25.3715,38,oS8,aflowlib.duke.edu:AFLOWDATA/LIB3_WEB/AgAlPb_d/TBCC005.CAB
Ag1Al1Pb2,aflow:9ac541c5cf42925d,,,0.0786448,24.8165,99,tP4,aflowlib.duke.edu:AFLOWDATA/LIB3_WEB/AgAlPb_d/TBCC004.CAB
Ag1Al1Pb2,aflow:9c16fd434c76568e,,,0.0771525,24.7769,99,tP4,aflowlib.duke.edu:AFLOWDATA/LIB3_WEB/AgAlPb_d/TFCC007.CAB
Ag1Al1Pb2,aflow:a38bca3b62f1ed8b,,,0.193818,24.5839,12,mS8,aflowlib.duke.edu:AFLOWDATA/LIB3_WEB/AgAlPb_d/TBCC014.CAB
Ag1Al1Pb2,aflow:b67306eb82d30b21,,,0.206921,24.7654,123,tP4,aflowlib.duke.edu:AFLOWDATA/LIB3_WEB/AgAlPb_d/TBCC016.CAB
Ag1Al1Pb2,aflow:c8d9c1151d2d98cc,,,0.0783983,24.5664,25,oP4,aflowlib.duke.edu:AFLOWDATA/LIB3_WEB/AgAlPb_d/TFCC005.CAB
Ag1Al1Pb2,aflow:cc6974098198933e,,,0.0775488,24.5954,99,tP4,aflowlib.duke.edu:AFLOWDATA/LIB3_WEB/AgAlPb_d/TBCC006.CAB
Ag1Al1Pb2,aflow:d236c92142593eea,,,0.241889,25.4178,216,cF16,aflowlib.duke.edu:AFLOWDATA/LIB3_WEB/AgAlPb_d/T0002.ABC2
Ag1Al1Pb2,aflow:df24df784d8cf909,,,0.211815,25.1819,10,mP4,aflowlib.duke.edu:AFLOWDATA/LIB3_WEB/AgAlPb_d/TFCC014.CAB
Ag1Al1Pb2,aflow:e46c182dbf3e0a66,,,0.151751,24.8002,44,oI8,aflowlib.duke.edu:AFLOWDATA/LIB3_WEB/AgAlPb_d/TBCC007.CAB
Ag1Al1Pb2,aflow:e6d0774ebde532ee,,,0.195485,24.6504,10,mP4,aflowlib.duke.edu:AFLOWDATA/LIB3_WEB/AgAlPb_d/TBCC010.CAB
Ag1Al1Pb4,aflow:56b6b42526c4bc17,,,0.446273,31.0276,216,cF24,aflowlib.duke.edu:AFLOWDATA/LIB3_WEB/AgAlPb_d/T0010.CAB
Ag1Al1Pd1,aflow:04986b1ad65fb941,,,-0.469938,15.7637,107,tI6,aflowlib.duke.edu:AFLOWDATA/LIB3_WEB/AgAlPd_pv/TFCC003.ABC
Ag1Al1Pd1,aflow:36ce757e12b0cf6c,,,-0.267024,17.8316,216,cF12,aflowlib.duke.edu:AFLOWDATA/LIB3_WEB/AgAlPd_pv/T0003.ABC
Ag1Al1Pd1,aflow:44c5f1ad99b71f12,,,-0.266926,17.9314,216,cF12,aflowlib.duke.edu:AFLOWDATA/LIB3_WEB/AgAlPd_pv/T0003.proto
Ag1Al1Pd1,aflow:48dc355697820153,,,-0.410131,15.9615,156,hP3,aflowlib.duke.edu:AFLOWDATA/LIB3_WEB/AgAlPd_pv/TBCC002.ABC
Ag1Al1Pd1,aflow:6d2a2a8f24f78b32,,,0.0218277,19.0112,216,cF12,aflowlib.duke.edu:AFLOWDATA/LIB3_WEB/AgAlPd_pv/T0003.CAB
Ag1Al1Pd1,aflow:8dad6409babf7e3d,,,-0.177719,19.023,216,cF12,aflowlib.duke.edu:AFLOWDATA/LIB3_WEB/AgAlPd_pv/T0003.BCA
Ag1Al1Pd1,aflow:9f7fae1697cf443f,,,-0.329885,16.1612,156,hP3,aflowlib.duke.edu:AFLOWDATA/LIB3_WEB/AgAlPd_pv/TFCC001.ABC
Ag1Al1Pd1,aflow:b546b7dad6fc7b32,,,-0.469733,15.8448,44,oI6,aflowlib.duke.edu:AFLOWDATA/LIB3_WEB/AgAlPd_pv/TFCC002.ABC
Ag1Al1Pd1,aflow:d5fef1bf4898d351,,,-0.470176,15.7955,107,tI6,aflowlib.duke.edu:AFLOWDATA/LIB3_WEB/AgAlPd_pv/TBCC003.ABC
Ag1Al1Pd1,aflow:f220cbb5423c0a4a,,,-0.468236,15.8746,42,oF12,aflowlib.duke.edu:AFLOWDATA/LIB3_WEB/AgAlPd_pv/TBCC001.ABC
Ag1Al1Pd2,aflow:0866c0193bc96726,,,-0.464619,15.9037,166,hR4,aflowlib.duke.edu:AFLOWDATA/LIB3_WEB/AgAlPd_pv/TFCC009.CAB
Ag1Al1Pd2,aflow:09f50ae829326e4d,,,-0.515901,15.5161,139,tI8,aflowlib.duke.edu:AFLOWDATA/LIB3_WEB/AgAlPd_pv/TFCC013.CAB
Ag1Al1Pd2,aflow:105ae08e8bb634b6,,,-0.391955,15.6897,25,oP4,aflowlib.duke.edu:AFLOWDATA/LIB3_WEB/AgAlPd_pv/TFCC005.CAB
Ag1Al1Pd2,aflow:17887df49b0dd4bc,,,-0.374076,15.7124,10,mP4,aflowlib.duke.edu:AFLOWDATA/LIB3_WEB/AgAlPd_pv/TFCC014.CAB
Ag1Al1Pd2,aflow:236f667fe80bec29,,,-0.460557,15.5763,8,mS8,aflowlib.duke.edu:AFLOWDATA/LIB3_WEB/AgAlPd_pv/TFCC006.CAB
Ag1Al1Pd2,aflow:2dbabe81f77ec82a,,,-0.475994,15.6103,25,oP4,aflowlib.duke.edu:AFLOWDATA/LIB3_WEB/AgAlPd_pv/TBCC005.CAB
Ag1Al1Pd2,aflow:30d63b3a626cc200,,,-0.511902,15.4906,123,tP4,aflowlib.duke.edu:AFLOWDATA/LIB3_WEB/AgAlPd_pv/TBCC015.CAB
Ag1Al1Pd2,aflow:314a7a18a9ad5780,,,-0.37171,15.7031,99,tP4,aflowlib.duke.edu:AFLOWDATA/LIB3_WEB/AgAlPd_pv/TBCC006.CAB
Ag1Al1Pd2,aflow:3b39ad1bd80af654,,,-0.459631,15.6158,44,oI8,aflowlib.duke.edu:AFLOWDATA/LIB3_WEB/AgAlPd_pv/TBCC007.CAB
Ag1Al1Pd2,aflow:4dda237cbeccc967,,,-0.607276,15.5629,47,oP4,aflowlib.duke.edu:AFLOWDATA/LIB3_WEB/AgAlPd_pv/TFCC010.CAB
Ag1Al1Pd2,aflow:4fbcadc0d7596b6f,,,-0.514801,15.5875,71,oI8,aflowlib.duke.edu:AFLOWDATA/LIB3_WEB/AgAlPd_pv/TBCC012.CAB
Ag1Al1Pd2,aflow:579c6cf918ab7914,,,-0.60739,15.522,123,tP4,aflowlib.duke.edu:AFLOWDATA/LIB3_WEB/AgAlPd_pv/TBCC009.CAB
Ag1Al1Pd2,aflow:5ec409d224f72847,,,-0.607448,15.5675,123,tP4,aflowlib.duke.edu:AFLOWDATA/LIB3_WEB/AgAlPd_pv/TBCC011.CAB
Ag1Al1Pd2,aflow:80999cfaa8f29f8b,,,-0.366278,15.6613,99,tP4,aflowlib.duke.edu:AFLOWDATA/LIB3_WEB/AgAlPd_pv/TBCC004.CAB
Ag1Al1Pd2,aflow:8c335a4f5df3f52e,0,metal,-0.384906,15.6462,216,cF16,aflowlib.duke.edu:AFLOWDATA/LIB3_WEB/AgAlPd_pv/T0002.ABC2
Ag1Al1Pd2,aflow:8c59fa148a53a10a,,,-0.489675,15.5635,65,oS8,aflowlib.duke.edu:AFLOWDATA/LIB3_WEB/AgAlPd_pv/TBCC014.CAB
Ag1Al1Pd2,aflow:8e94358731b3dc32,,,-0.470309,15.5309,123,tP4,aflowlib.duke.edu:AFLOWDATA/LIB3_WEB/AgAlPd_pv/TBCC016.CAB
Ag1Al1Pd2,aflow:92b4fccf151df671,,,-0.602887,15.5423,123,tP4,aflowlib.duke.edu:AFLOWDATA/LIB3_WEB/AgAlPd_pv/TBCC010.CAB
Ag1Al1Pd2,aflow:94aad6870140a001,,,-0.490574,15.5272,65,oS8,aflowlib.duke.edu:AFLOWDATA/LIB3_WEB/AgAlPd_pv/TFCC015.CAB
Ag1Al1Pd2,aflow:9fbf9e49cd05d0da,,,-0.511533,15.4682,123,tP4,aflowlib.duke.edu:AFLOWDATA/LIB3_WEB/AgAlPd_pv/TFCC016.CAB
Ag1Al1Pd2,aflow:a651c3b25cef38de,,,-0.269715,15.8259,160,hR4,aflowlib.duke.edu:AFLOWDATA/LIB3_WEB/AgAlPd_pv/TFCC004.CAB
Ag1Al1Pd2,aflow:bf76b15a8db26e71,0,metal,-0.499052,15.6219,225,cF16,aflowlib.duke.edu:AFLOWDATA/LIB3_WEB/AgAlPd_pv/T0001.ABC2
Ag1Al1Pd2,aflow:d9080ade2d7436a6,,,-0.609117,15.5853,123,tP4,aflowlib.duke.edu:AFLOWDATA/LIB3_WEB/AgAlPd_pv/TFCC012.CAB
Ag1Al1Pd2,aflow:daef0a73e19b0f78,,,-0.489352,15.6315,12,mS8,aflowlib.duke.edu:AFLOWDATA/LIB3_WEB/AgAlPd_pv/TFCC011.CAB
Ag1Al1Pd2,aflow:e17d52a5286cf6de,,,-0.437807,15.55,119,tI8,aflowlib.duke.edu:AFLOWDATA/LIB3_WEB/AgAlPd_pv/TFCC008.CAB
Ag1Al1Pd2,aflow:eb65d60aa5f5153e,,,-0.369737,15.6924,99,tP4,aflowlib.duke.edu:AFLOWDATA/LIB3_WEB/AgAlPd_pv/TFCC007.CAB
Ag1Al1Pd4,aflow:f83504dc1c32fcaf,,,-0.0539303,16.8089,216,cF24,aflowlib.duke.edu:AFLOWDATA/LIB3_WEB/AgAlPd_pv/T0010.CAB
Ag1Al1Pt1,aflow:0510b322c11eaa9a,,,-0.487923,16.009,107,tI6,aflowlib.duke.edu:AFLOWDATA/LIB3_WEB/AgAlPt/TBCC003.ABC
Ag1Al1Pt1,aflow:1d7dabe9b1003ba8,,,-0.292071,19.1067,216,cF12,aflowlib.duke.edu:AFLOWDATA/LIB3_WEB/AgAlPt/T0003.BCA
Ag1Al1Pt1,aflow:352f9d6f50c1a80b,,,-0.482469,16.1555,42,oF12,aflowlib.duke.edu:AFLOWDATA/LIB3_WEB/AgAlPt/TBCC001.ABC
Ag1Al1Pt1,aflow:875c4e4ad35b5d43,,,-0.497273,16.0254,44,oI6,aflowlib.duke.edu:AFLOWDATA/LIB3_WEB/AgAlPt/TFCC002.ABC
Ag1Al1Pt1,aflow:8ae41f6fe422b1b5,,,-0.334994,16.2016,156,hP3,aflowlib.duke.edu:AFLOWDATA/LIB3_WEB/AgAlPt/TFCC001.ABC
Ag1Al1Pt1,aflow:b9c89c922f20d7eb,,,-0.376936,17.6881,216,cF12,aflowlib.duke.edu:AFLOWDATA/LIB3_WEB/AgAlPt/T0003.proto
Ag1Al1Pt1,aflow:c2b63dc6738ca1ca,,,-0.486856,16.0142,107,tI6,aflowlib.duke.edu:AFLOWDATA/LIB3_WEB/AgAlPt/TFCC003.ABC
Ag1Al1Pt1,aflow:cb69e2ee3351cdff,,,0.0534023,18.9342,216,cF12,aflowlib.duke.edu:AFLOWDATA/LIB3_WEB/AgAlPt/T0003.CAB
Ag1Al1Pt1,aflow:e2a82271aa6b5ec2,,,-0.376925,17.6607,216,cF12,aflowlib.duke.edu:AFLOWDATA/LIB3_WEB/AgAlPt/T0003.ABC
Ag1Al1Pt1,aflow:f98b770bd295dafd,,,-0.454174,16.1942,156,hP3,aflowlib.duke.edu:AFLOWDATA/LIB3_WEB/AgAlPt/TBCC002.ABC
Ag1Al1Pt2,aflow:0185b9eac1fcf14b,,,-0.518325,15.5509,123,tP4,aflowlib.duke.edu:AFLOWDATA/LIB3_WEB/AgAlPt/TBCC015.CAB
Ag1Al1Pt2,aflow:02d7d1382a6175c0,,,-0.649332,15.6,123,tP4,aflowlib.duke.edu:AFLOWDATA/LIB3_WEB/AgAlPt/TFCC010.CAB
Ag1Al1Pt2,aflow:0b533bacb6c0c44c,,,-0.649081,15.6091,123,tP4,aflowlib.duke.edu:AFLOWDATA/LIB3_WEB/AgAlPt/TBCC009.CAB
Ag1Al1Pt2,aflow:19c6701b55ac1a6a,,,-0.490603,15.9413,166,hR4,aflowlib.duke.edu:AFLOWDATA/LIB3_WEB/AgAlPt/TFCC009.CAB
Ag1Al1Pt2,aflow:1faa61433077fd81,,,-0.272631,15.8514,160,hR4,aflowlib.duke.edu:AFLOWDATA/LIB3_WEB/AgAlPt/TFCC004.CAB
Ag1Al1Pt2,aflow:2698b2f5edc02b90,,,-0.323795,15.7822,99,tP4,aflowlib.duke.edu:AFLOWDATA/LIB3_WEB/AgAlPt/TBCC004.CAB
Ag1Al1Pt2,aflow:3029d5f03edcbf45,,,-0.513935,15.6089,71,oI8,aflowlib.duke.edu:AFLOWDATA/LIB3_WEB/AgAlPt/TBCC012.CAB
Ag1Al1Pt2,aflow:450249943733ee2d,,,-0.482215,15.632,65,oS8,aflowlib.duke.edu:AFLOWDATA/LIB3_WEB/AgAlPt/TBCC014.CAB
Ag1Al1Pt2,aflow:462741f869a2204e,,,-0.402704,15.7258,119,tI8,aflowlib.duke.edu:AFLOWDATA/LIB3_WEB/AgAlPt/TFCC008.CAB
Ag1Al1Pt2,aflow:4df9cedfcc3006b9,,,-0.482885,15.6528,65,oS8,aflowlib.duke.edu:AFLOWDATA/LIB3_WEB/AgAlPt/TFCC015.CAB
Ag1Al1Pt2,aflow:51852ca924e6496a,,,-0.642892,15.6227,123,tP4,aflowlib.duke.edu:AFLOWDATA/LIB3_WEB/AgAlPt/TBCC010.CAB
Ag1Al1Pt2,aflow:566de6955cf735c1,,,-0.650076,15.5988,123,tP4,aflowlib.duke.edu:AFLOWDATA/LIB3_WEB/AgAlPt/TFCC012.CAB
Ag1Al1Pt2,aflow:597592f683102455,,,-0.322002,15.8993,99,tP4,aflowlib.duke.edu:AFLOWDATA/LIB3_WEB/AgAlPt/TBCC006.CAB
Ag1Al1Pt2,aflow:665b9f9748f5ba8d,,,-0.436496,15.8801,12,mS8,aflowlib.duke.edu:AFLOWDATA/LIB3_WEB/AgAlPt/TFCC011.CAB
Ag1Al1Pt2,aflow:76d4bf22e4797546,,,-0.518329,15.5429,123,tP4,aflowlib.duke.edu:AFLOWDATA/LIB3_WEB/AgAlPt/TFCC016.CAB
Ag1Al1Pt2,aflow:89e944e4d26e85f5,,,-0.650436,15.5836,123,tP4,aflowlib.duke.edu:AFLOWDATA/LIB3_WEB/AgAlPt/TBCC011.CAB
Ag1Al1Pt2,aflow:8b1f68dba77942da,0,metal,-0.33342,15.8808,216,cF16,aflowlib.duke.edu:AFLOWDATA/LIB3_WEB/AgAlPt/T0002.ABC2
Ag1Al1Pt2,aflow:917ee37dc33a1664,0,metal,-0.457534,15.6685,225,cF16,aflowlib.duke.edu:AFLOWDATA/LIB3_WEB/AgAlPt/T0001.ABC2
Ag1Al1Pt2,aflow:95492b06314c0141,,,-0.514428,15.5321,139,tI8,aflowlib.duke.edu:AFLOWDATA/LIB3_WEB/AgAlPt/TFCC013.CAB
Ag1Al1Pt2,aflow:a86ff2252d6abc3d,,,-0.42741,15.8101,44,oI8,aflowlib.duke.edu:AFLOWDATA/LIB3_WEB/AgAlPt/TBCC007.CAB
Ag1Al1Pt2,aflow:b0128bfc71545761,,,-0.38192,15.8268,25,oP4,aflowlib.duke.edu:AFLOWDATA/LIB3_WEB/AgAlPt/TFCC005.CAB
Ag1Al1Pt2,aflow:b2986fced1fbfe07,,,-0.358145,15.8003,10,mP4,aflowlib.duke.edu:AFLOWDATA/LIB3_WEB/AgAlPt/TFCC014.CAB
Ag1Al1Pt2,aflow:b535e1a1f9a8f30c,,,-0.457959,15.6887,25,oP4,aflowlib.duke.edu:AFLOWDATA/LIB3_WEB/AgAlPt/TBCC005.CAB
Ag1Al1Pt2,aflow:dedf5486e13e880d,,,-0.32425,15.756,99,tP4,aflowlib.duke.edu:AFLOWDATA/LIB3_WEB/AgAlPt/TFCC007.CAB
Ag1Al1Pt2,aflow:f0c886608b357296,,,-0.518666,15.5375,123,tP4,aflowlib.duke.edu:AFLOWDATA/LIB3_WEB/AgAlPt/TBCC016.CAB
Ag1Al1Pt2,aflow:fe24a1045d138f79,,,-0.427701,15.7413,8,mS8,aflowlib.duke.edu:AFLOWDATA/LIB3_WEB/AgAlPt/TFCC006.CAB
Ag1Al1Pt4,aflow:1a666437d5ac2091,,,-0.063176,17.386,216,cF24,aflowlib.duke.edu:AFLOWDATA/LIB3_WEB/AgAlPt/T0010.CAB
Ag1Al1Re1,aflow:01c6f5dd14f67835,,,0.274459,15.7414,107,tI6,aflowlib.duke.edu:AFLOWDATA/LIB3_WEB/AgAlRe_pv/TFCC003.ABC
Ag1Al1Re1,aflow:18c31c04a161f9f8,,,0.798189,17.6217,216,cF12,aflowlib.duke.edu:AFLOWDATA/LIB3_WEB/AgAlRe_pv/T0003.proto
Ag1Al1Re1,aflow:1ffb9bcfa11dcd96,,,0.798189,17.6468,216,cF12,aflowlib.duke.edu:AFLOWDATA/LIB3_WEB/AgAlRe_pv/T0003.ABC
Ag1Al1Re1,aflow:25dbcf4fc843bcd7,,,0.274866,15.7375,107,tI6,aflowlib.duke.edu:AFLOWDATA/LIB3_WEB/AgAlRe_pv/TBCC003.ABC
Ag1Al1Re1,aflow:41be1967090b4ad1,,,0.32992,15.5807,156,hP3,aflowlib.duke.edu:AFLOWDATA/LIB3_WEB/AgAlRe_pv/TBCC002.ABC
Ag1Al1Re1,aflow:442fe23aa5d707d5,,,0.21579,15.7505,42,oF12,aflowlib.duke.edu:AFLOWDATA/LIB3_WEB/AgAlRe_pv/TBCC001.ABC
Ag1Al1Re1,aflow:45bcaa78244ca8f5,,,1.09887,18.9816,216,cF12,aflowlib.duke.edu:AFLOWDATA/LIB3_WEB/AgAlRe_pv/T0003.CAB
Ag1Al1Re1,aflow:4f0b528bfa31c6f9,,,0.313653,15.6602,44,oI6,aflowlib.duke.edu:AFLOWDATA/LIB3_WEB/AgAlRe_pv/TFCC002.ABC
Ag1Al1Re1,aflow:adbf8755411aa4c6,,,1.03485,19.3152,216,cF12,aflowlib.duke.edu:AFLOWDATA/LIB3_WEB/AgAlRe_pv/T0003.BCA
Ag1Al1Re1,aflow:ccc6465b7386423b,,,0.166189,15.6844,156,hP3,aflowlib.duke.edu:AFLOWDATA/LIB3_WEB/AgAlRe_pv/TFCC001.ABC
Ag1Al1Re2,aflow:0ab6cab0728e7a0e,,,0.244971,15.4257,166,hR4,aflowlib.duke.edu:AFLOWDATA/LIB3_WEB/AgAlRe_pv/TFCC009.CAB
Ag1Al1Re2,aflow:0e108a2b75202298,,,0.500738,15.2628,123,tP4,aflowlib.duke.edu:AFLOWDATA/LIB3_WEB/AgAlRe_pv/TBCC011.CAB
Ag1Al1Re2,aflow:0ff5fb40413142b5,,,0.460158,15.5847,139,tI8,aflowlib.duke.edu:AFLOWDATA/LIB3_WEB/AgAlRe_pv/TFCC013.CAB
Ag1Al1Re2,aflow:0f50b926699059e3,,,0.30786,15.4923,65,oS8,aflowlib.duke.edu:AFLOWDATA/LIB3_WEB/AgAlRe_pv/TBCC009.CAB
Ag1Al1Re2,aflow:10fdec4fa0658ea4,,,0.37616,15.7298,47,oP4,aflowlib.duke.edu:AFLOWDATA/LIB3_WEB/AgAlRe_pv/TFCC010.CAB
Ag1Al1Re2,aflow:1cace486036e119a,,,0.259661,15.6195,6,mP4,aflowlib.duke.edu:AFLOWDATA/LIB3_WEB/AgAlRe_pv/TBCC005.CAB
Ag1Al1Re2,aflow:260e37be29b47525,,,0.307615,15.4665,47,oP4,aflowlib.duke.edu:AFLOWDATA/LIB3_WEB/AgAlRe_pv/TBCC015.CAB
Ag1Al1Re2,aflow:2f1879df8518bfc3,,,0.347829,15.4695,12,mS8,aflowlib.duke.edu:AFLOWDATA/LIB3_WEB/AgAlRe_pv/TBCC014.CAB
Ag1Al1Re2,aflow:3442386dca2cf54e,,,0.204414,15.7442,35,oS8,aflowlib.duke.edu:AFLOWDATA/LIB3_WEB/AgAlRe_pv/TBCC004.CAB
Ag1Al1Re2,aflow:35da9f95e04ce899,,,0.535349,15.2808,123,tP4,aflowlib.duke.edu:AFLOWDATA/LIB3_WEB/AgAlRe_pv/TBCC016.CAB
Ag1Al1Re2,aflow:5f8b09d1ebd129f8,,,0.412851,15.4409,65,oS8,aflowlib.duke.edu:AFLOWDATA/LIB3_WEB/AgAlRe_pv/TFCC015.CAB
Ag1Al1Re2,aflow:6ca1754a48b6c14b,0,metal,0.270963,15.3718,216,cF16,aflowlib.duke.edu:AFLOWDATA/LIB3_WEB/AgAlRe_pv/T0002.ABC2
Ag1Al1Re2,aflow:7c0766e0c4f9fb2f,,,0.350864,15.5446,10,mP4,aflowlib.duke.edu:AFLOWDATA/LIB3_WEB/AgAlRe_pv/TBCC010.CAB
Ag1Al1Re2,aflow:7d48cc01764b9021,,,0.237621,15.4953,8,mS8,aflowlib.duke.edu:AFLOWDATA/LIB3_WEB/AgAlRe_pv/TFCC006.CAB
Ag1Al1Re2,aflow:84f56b7b309e5329,,,0.317791,15.2798,44,oI8,aflowlib.duke.edu:AFLOWDATA/LIB3_WEB/AgAlRe_pv/TBCC007.CAB
Ag1Al1Re2,aflow:8838a8ce76caf1c0,,,0.277633,15.4849,12,mS8,aflowlib.duke.edu:AFLOWDATA/LIB3_WEB/AgAlRe_pv/TFCC011.CAB
Ag1Al1Re2,aflow:9a7ffb700ff88c4d,,,0.389394,15.4477,123,tP4,aflowlib.duke.edu:AFLOWDATA/LIB3_WEB/AgAlRe_pv/TFCC012.CAB
Ag1Al1Re2,aflow:a6eb560143e2ec7f,,,0.299312,15.4766,10,mP4,aflowlib.duke.edu:AFLOWDATA/LIB3_WEB/AgAlRe_pv/TFCC014.CAB
Ag1Al1Re2,aflow:bb92763d787e920d,,,0.181786,15.6794,25,oP4,aflowlib.duke.edu:AFLOWDATA/LIB3_WEB/AgAlRe_pv/TFCC005.CAB
Ag1Al1Re2,aflow:cad02e160a48cd0c,,,0.418393,15.46,123,tP4,aflowlib.duke.edu:AFLOWDATA/LIB3_WEB/AgAlRe_pv/TFCC016.CAB
Ag1Al1Re2,aflow:d19313fc3ea77861,,,0.0464387,15.6753,99,tP4,aflowlib.duke.edu:AFLOWDATA/LIB3_WEB/AgAlRe_pv/TFCC007.CAB
Ag1Al1Re2,aflow:d7c33fcdc3566c60,,,0.254018,15.2556,119,tI8,aflowlib.duke.edu:AFLOWDATA/LIB3_WEB/AgAlRe_pv/TFCC008.CAB
Ag1Al1Re2,aflow:dedfdb848df635c1,,,0.281082,15.5484,71,oI8,aflowlib.duke.edu:AFLOWDATA/LIB3_WEB/AgAlRe_pv/TBCC012.CAB
Ag1Al1Re2,aflow:e0c0d19c7d0f9ae2,,,0.0461535,15.6414,99,tP4,aflowlib.duke.edu:AFLOWDATA/LIB3_WEB/AgAlRe_pv/TBCC006.CAB
Ag1Al1Re2,aflow:eabb8f42a6919cb3,,,0.0367998,15.6401,160,hR4,aflowlib.duke.edu:AFLOWDATA/LIB3_WEB/AgAlRe_pv/TFCC004.CAB
Ag1Al1Re2,aflow:fce49356aae8c832,0,metal,0.626324,15.2082,225,cF16,aflowlib.duke.edu:AFLOWDATA/LIB3_WEB/AgAlRe_pv/T0001.ABC2
Ag1Al1Re4,aflow:fb0107ff47e14c3c,,,0.528184,16.6899,216,cF24,aflowlib.duke.edu:AFLOWDATA/LIB3_WEB/AgAlRe_pv/T0010.CAB
Ag1Al1Rh1,aflow:35a5f3bc3bca7e6b,,,0.226219,18.3302,216,cF12,aflowlib.duke.edu:AFLOWDATA/LIB3_WEB/AgAlRh_pv/T0003.CAB
Ag1Al1Rh1,aflow:7d9613aabeb5e063,,,-0.311081,15.4413,156,hP3,aflowlib.duke.edu:AFLOWDATA/LIB3_WEB/AgAlRh_pv/TBCC002.ABC
Ag1Al1Rh1,aflow:8c8696426fc12349,,,-0.257743,15.681,156,hP3,aflowlib.duke.edu:AFLOWDATA/LIB3_WEB/AgAlRh_pv/TFCC001.ABC
Ag1Al1Rh1,aflow:9146c32ae581e320,,,-0.235829,16.978,216,cF12,aflowlib.duke.edu:AFLOWDATA/LIB3_WEB/AgAlRh_pv/T0003.ABC
Ag1Al1Rh1,aflow:950ccb0a06f68ccc,,,-0.0687547,18.3475,216,cF12,aflowlib.duke.edu:AFLOWDATA/LIB3_WEB/AgAlRh_pv/T0003.BCA
Ag1Al1Rh1,aflow:a9c10f0f3b45a10e,,,-0.443137,15.3346,107,tI6,aflowlib.duke.edu:AFLOWDATA/LIB3_WEB/AgAlRh_pv/TBCC003.ABC
Ag1Al1Rh1,aflow:c49a051dd732d752,,,-0.442882,15.3976,107,tI6,aflowlib.duke.edu:AFLOWDATA/LIB3_WEB/AgAlRh_pv/TFCC003.ABC
Ag1Al1Rh1,aflow:d72efceab9bf3b15,,,-0.443146,15.3404,107,tI6,aflowlib.duke.edu:AFLOWDATA/LIB3_WEB/AgAlRh_pv/TFCC002.ABC
Ag1Al1Rh1,aflow:f028bdbef1902aa6,,,-0.440681,15.3257,107,tI6,aflowlib.duke.edu:AFLOWDATA/LIB3_WEB/AgAlRh_pv/TBCC001.ABC
Ag1Al1Rh2,aflow:00c7504d2434ad89,,,-0.234803,14.962,44,oI8,aflowlib.duke.edu:AFLOWDATA/LIB3_WEB/AgAlRh_pv/TBCC007.CAB
Ag1Al1Rh2,aflow:160345e33ea80ad4,,,-0.128841,15.208,12,mS8,aflowlib.duke.edu:AFLOWDATA/LIB3_WEB/AgAlRh_pv/TBCC014.CAB
Ag1Al1Rh2,aflow:178a1e985342b314,,,-0.305111,14.94,139,tI8,aflowlib.duke.edu:AFLOWDATA/LIB3_WEB/AgAlRh_pv/TFCC013.CAB
Ag1Al1Rh2,aflow:180a63d7a3cdfe41,,,-0.29922,14.8673,123,tP4,aflowlib.duke.edu:AFLOWDATA/LIB3_WEB/AgAlRh_pv/TFCC016.CAB
Ag1Al1Rh2,aflow:1a1992caab20ba9d,,,-0.245697,14.9444,8,mS8,aflowlib.duke.edu:AFLOWDATA/LIB3_WEB/AgAlRh_pv/TFCC006.CAB
Ag1Al1Rh2,aflow:21907ff2d810fb5a,,,-0.427826,14.8554,123,tP4,aflowlib.duke.edu:AFLOWDATA/LIB3_WEB/AgAlRh_pv/TFCC012.CAB
Ag1Al1Rh2,aflow:25564430df72730e,,,-0.276026,15.2297,65,oS8,aflowlib.duke.edu:AFLOWDATA/LIB3_WEB/AgAlRh_pv/TBCC009.CAB
Ag1Al1Rh2,aflow:28f990ddc06fb7db,,,-0.190976,15.1836,6,mP4,aflowlib.duke.edu:AFLOWDATA/LIB3_WEB/AgAlRh_pv/TBCC005.CAB
Ag1Al1Rh2,aflow:2ebf382ecabc69b5,,,-0.157684,15.0429,47,oP4,aflowlib.duke.edu:AFLOWDATA/LIB3_WEB/AgAlRh_pv/TBCC015.CAB
Ag1Al1Rh2,aflow:38ee44a31f256247,,,-0.279766,15.1637,10,mP4,aflowlib.duke.edu:AFLOWDATA/LIB3_WEB/AgAlRh_pv/TBCC010.CAB
Ag1Al1Rh2,aflow:407f6b841197fb4e,,,-0.206678,15.0363,99,tP4,aflowlib.duke.edu:AFLOWDATA/LIB3_WEB/AgAlRh_pv/TBCC006.CAB
Ag1Al1Rh2,aflow:438f52a7070fb176,,,-0.294331,14.9695,71,oI8,aflowlib.duke.edu:AFLOWDATA/LIB3_WEB/AgAlRh_pv/TBCC012.CAB
Ag1Al1Rh2,aflow:555407ff6d4b398b,,,-0.228057,14.924,10,mP4,aflowlib.duke.edu:AFLOWDATA/LIB3_WEB/AgAlRh_pv/TFCC014.CAB
Ag1Al1Rh2,aflow:70c5f99f8c80b912,,,-0.140506,15.1354,216,cF16,aflowlib.duke.edu:AFLOWDATA/LIB3_WEB/AgAlRh_pv/T0002.ABC2
Ag1Al1Rh2,aflow:7ff97b6ba52da75b,,,-0.301339,14.7991,65,oS8,aflowlib.duke.edu:AFLOWDATA/LIB3_WEB/AgAlRh_pv/TFCC015.CAB
Ag1Al1Rh2,aflow:959e7af865cbb024,,,-0.203864,15.0414,99,tP4,aflowlib.duke.edu:AFLOWDATA/LIB3_WEB/AgAlRh_pv/TBCC004.CAB
Ag1Al1Rh2,aflow:a8ac020a4a94cc5f,,,-0.296153,14.9622,12,mS8,aflowlib.duke.edu:AFLOWDATA/LIB3_WEB/AgAlRh_pv/TFCC011.CAB
Ag1Al1Rh2,aflow:aa09008be5817d1c,,,-0.359139,15.0479,166,hR4,aflowlib.duke.edu:AFLOWDATA/LIB3_WEB/AgAlRh_pv/TFCC009.CAB
Ag1Al1Rh2,aflow:b122286167cf9ebb,0,metal,-0.305524,14.9091,225,cF16,aflowlib.duke.edu:AFLOWDATA/LIB3_WEB/AgAlRh_pv/T0001.ABC2
Ag1Al1Rh2,aflow:bdb8111efb3f725d,,,-0.302362,14.8583,123,tP4,aflowlib.duke.edu:AFLOWDATA/LIB3_WEB/AgAlRh_pv/TBCC016.CAB
Ag1Al1Rh2,aflow:ca739c3587dd8180,,,-0.205571,15.1086,25,oP4,aflowlib.duke.edu:AFLOWDATA/LIB3_WEB/AgAlRh_pv/TFCC005.CAB
Ag1Al1Rh2,aflow:d653768f2ad34265,,,-0.114959,15.2048,160,hR4,aflowlib.duke.edu:AFLOWDATA/LIB3_WEB/AgAlRh_pv/TFCC004.CAB
Ag1Al1Rh2,aflow:ef258c10aeff5816,,,-0.424567,14.8731,123,tP4,aflowlib.duke.edu:AFLOWDATA/LIB3_WEB/AgAlRh_pv/TFCC010.CAB
Ag1Al1Rh2,aflow:f19cc02606ab1248,,,-0.427519,14.8893,123,tP4,aflowlib.duke.edu:AFLOWDATA/LIB3_WEB/AgAlRh_pv/TBCC011.CAB
Ag1Al1Rh2,aflow:f361bc991ffdda96,,,-0.203253,15.0199,99,tP4,aflowlib.duke.edu:AFLOWDATA/LIB3_WEB/AgAlRh_pv/TFCC007.CAB
Ag1Al1Rh2,aflow:fce4a3427b2e4476,,,-0.213891,14.9759,119,tI8,aflowlib.duke.edu:AFLOWDATA/LIB3_WEB/AgAlRh_pv/TFCC008.CAB
Ag1Al1Rh4,aflow:637a06ae4c136d54,,,0.100558,15.8596,216,cF24,aflowlib.duke.edu:AFLOWDATA/LIB3_WEB/AgAlRh_pv/T0010.CAB
Ag1Al1Ru1,aflow:0a7e6b89bb396e79,,,-0.0609887,15.4003,107,tI6,aflowlib.duke.edu:AFLOWDATA/LIB3_WEB/AgAlRu_pv/TFCC003.ABC
Ag1Al1Ru1,aflow:17b11f13faabf414,,,0.178802,17.0254,216,cF12,aflowlib.duke.edu:AFLOWDATA/LIB3_WEB/AgAlRu_pv/T0003.ABC
Ag1Al1Ru1,aflow:24552db3ccdb944b,,,0.000638667,15.467,156,hP3,aflowlib.duke.edu:AFLOWDATA/LIB3_WEB/AgAlRu_pv/TFCC001.ABC
Ag1Al1Ru1,aflow:5b88597a1f0ff118,,,0.0477195,15.3958,156,hP3,aflowlib.duke.edu:AFLOWDATA/LIB3_WEB/AgAlRu_pv/TBCC002.ABC
Ag1Al1Ru1,aflow:63d3c4c9e0548c5b,,,-0.0607625,15.386,107,tI6,aflowlib.duke.edu:AFLOWDATA/LIB3_WEB/AgAlRu_pv/TBCC003.ABC
Ag1Al1Ru1,aflow:d7cf786ebe4bc1f6,,,0.618272,18.2225,216,cF12,aflowlib.duke.edu:AFLOWDATA/LIB3_WEB/AgAlRu_pv/T0003.CAB
Ag1Al1Ru1,aflow:e87cf7931ae70cef,,,0.0669502,15.6193,42,oF12,aflowlib.duke.edu:AFLOWDATA/LIB3_WEB/AgAlRu_pv/TBCC001.ABC
Ag1Al1Ru1,aflow:e9c1633aa1afba7e,,,-0.060895,15.3851,107,tI6,aflowlib.duke.edu:AFLOWDATA/LIB3_WEB/AgAlRu_pv/TFCC002.ABC
Ag1Al1Ru1,aflow:fda6f5a2f4ff158b,,,0.401331,18.423,216,cF12,aflowlib.duke.edu:AFLOWDATA/LIB3_WEB/AgAlRu_pv/T0003.BCA
Ag1Al1Ru2,aflow:0ce0caf830c0b693,,,0.123073,14.6772,123,tP4,aflowlib.duke.edu:AFLOWDATA/LIB3_WEB/AgAlRu_pv/TBCC016.CAB
Ag1Al1Ru2,aflow:345fc3a1de205031,,,0.221469,15.2588,35,oS8,aflowlib.duke.edu:AFLOWDATA/LIB3_WEB/AgAlRu_pv/TBCC004.CAB
Ag1Al1Ru2,aflow:3b215c0769491072,,,0.119298,14.8429,10,mP4,aflowlib.duke.edu:AFLOWDATA/LIB3_WEB/AgAlRu_pv/TFCC014.CAB
Ag1Al1Ru2,aflow:3e06c5b043c977a5,0,metal,0.141984,14.952,216,cF16,aflowlib.duke.edu:AFLOWDATA/LIB3_WEB/AgAlRu_pv/T0002.ABC2
Ag1Al1Ru2,aflow:48d3eec609cfce51,,,0.0124424,15.0329,6,mP4,aflowlib.duke.edu:AFLOWDATA/LIB3_WEB/AgAlRu_pv/TBCC005.CAB
Ag1Al1Ru2,aflow:4c8340115b4c888d,,,0.0943977,14.7544,44,oI8,aflowlib.duke.edu:AFLOWDATA/LIB3_WEB/AgAlRu_pv/TBCC007.CAB
Ag1Al1Ru2,aflow:4e5ecb44b1736e77,,,-0.0649223,14.9511,99,tP4,aflowlib.duke.edu:AFLOWDATA/LIB3_WEB/AgAlRu_pv/TBCC006.CAB
Ag1Al1Ru2,aflow:57fa30977eb9a42d,,,0.065619,14.8543,123,tP4,aflowlib.duke.edu:AFLOWDATA/LIB3_WEB/AgAlRu_pv/TFCC012.CAB
Ag1Al1Ru2,aflow:5ef05a607715da74,,,0.148897,15.0745,10,mP4,aflowlib.duke.edu:AFLOWDATA/LIB3_WEB/AgAlRu_pv/TBCC010.CAB
Ag1Al1Ru2,aflow:79e06256cb089722,,,0.218767,15.0909,12,mS8,aflowlib.duke.edu:AFLOWDATA/LIB3_WEB/AgAlRu_pv/TBCC014.CAB
Ag1Al1Ru2,aflow:7d3cbca6a28bb615,,,0.0644823,14.8696,123,tP4,aflowlib.duke.edu:AFLOWDATA/LIB3_WEB/AgAlRu_pv/TBCC011.CAB
Ag1Al1Ru2,aflow:859b7e6ae906ba55,,,0.0118285,15.0043,25,oP4,aflowlib.duke.edu:AFLOWDATA/LIB3_WEB/AgAlRu_pv/TFCC005.CAB
Ag1Al1Ru2,aflow:8f76d2a254182185,,,0.0765805,14.9546,12,mS8,aflowlib.duke.edu:AFLOWDATA/LIB3_WEB/AgAlRu_pv/TFCC011.CAB
Ag1Al1Ru2,aflow:942e8d8a90c4025e,,,0.189249,14.8341,123,tP4,aflowlib.duke.edu:AFLOWDATA/LIB3_WEB/AgAlRu_pv/TFCC016.CAB
Ag1Al1Ru2,aflow:99b4271d56195843,,,0.168842,14.8054,65,oS8,aflowlib.duke.edu:AFLOWDATA/LIB3_WEB/AgAlRu_pv/TFCC015.CAB
Ag1Al1Ru2,aflow:a99fbedd194584c6,,,0.175346,15.0095,47,oP4,aflowlib.duke.edu:AFLOWDATA/LIB3_WEB/AgAlRu_pv/TBCC015.CAB
Ag1Al1Ru2,aflow:b3c69552982200f6,,,0.0428665,14.9107,166,hR4,aflowlib.duke.edu:AFLOWDATA/LIB3_WEB/AgAlRu_pv/TFCC009.CAB
Ag1Al1Ru2,aflow:b48a3d6ccc1929c1,,,0.0425361,15.0574,160,hR4,aflowlib.duke.edu:AFLOWDATA/LIB3_WEB/AgAlRu_pv/TFCC004.CAB
Ag1Al1Ru2,aflow:bbcadc679ec7c7d1,,,0.0390675,14.8942,8,mS8,aflowlib.duke.edu:AFLOWDATA/LIB3_WEB/AgAlRu_pv/TFCC006.CAB
Ag1Al1Ru2,aflow:d2c9fc980141da57,,,0.208434,14.9829,139,tI8,aflowlib.duke.edu:AFLOWDATA/LIB3_WEB/AgAlRu_pv/TFCC013.CAB
Ag1Al1Ru2,aflow:ddeba0d7b81211a2,,,0.0682585,15.014,71,oI8,aflowlib.duke.edu:AFLOWDATA/LIB3_WEB/AgAlRu_pv/TBCC012.CAB
Ag1Al1Ru2,aflow:e34d9bd233611039,,,0.0928042,14.7917,119,tI8,aflowlib.duke.edu:AFLOWDATA/LIB3_WEB/AgAlRu_pv/TFCC008.CAB
Ag1Al1Ru2,aflow:e7e0288f2db14b83,,,0.140229,15.103,47,oP4,aflowlib.duke.edu:AFLOWDATA/LIB3_WEB/AgAlRu_pv/TFCC010.CAB
Ag1Al1Ru2,aflow:eefc2e509a75be41,0,metal,0.168369,14.8063,225,cF16,aflowlib.duke.edu:AFLOWDATA/LIB3_WEB/AgAlRu_pv/T0001.ABC2
Ag1Al1Ru2,aflow:f51d8891abc54adc,,,0.119315,15.0656,65,oS8,aflowlib.duke.edu:AFLOWDATA/LIB3_WEB/AgAlRu_pv/TBCC009.CAB
Ag1Al1Ru2,aflow:f640e59bd8f1b2a4,,,-0.0647282,14.9801,99,tP4,aflowlib.duke.edu:AFLOWDATA/LIB3_WEB/AgAlRu_pv/TFCC007.CAB
Ag1Al1Ru4,aflow:6ab592279297778d,,,0.443562,15.7992,216,cF24,aflowlib.duke.edu:AFLOWDATA/LIB3_WEB/AgAlRu_pv/T0010.CAB
Ag1Al1S2,aflow:e81fdf58728bbeef,1.8358,insulator-indirect,,18.906,156,hP4,aflowlib.duke.edu:AFLOWDATA/ICSD_WEB/HEX/Ag1Al1S2_ICSD_25356
Ag1Al1Sb1,aflow:07fbfc301e34c235,,,0.0855219,21.0586,42,oF12,aflowlib.duke.edu:AFLOWDATA/LIB3_WEB/AgAlSb/TBCC001.ABC
Ag1Al1Sb1,aflow:105737a77c70f7d9,,,0.0771531,22.3964,156,hP3,aflowlib.duke.edu:AFLOWDATA/LIB3_WEB/AgAlSb/TBCC002.ABC
Ag1Al1Sb1,aflow:604bd6a00b3ed1bd,,,0.0952607,21.3353,44,oI6,aflowlib.duke.edu:AFLOWDATA/LIB3_WEB/AgAlSb/TFCC002.ABC
Ag1Al1Sb1,aflow:704bebacfe1b046c,,,0.042245,21.5723,156,hP3,aflowlib.duke.edu:AFLOWDATA/LIB3_WEB/AgAlSb/TFCC001.ABC
Ag1Al1Sb1,aflow:d0e2c1b70cd29644,,,0.137682,25.0445,216,cF12,aflowlib.duke.edu:AFLOWDATA/LIB3_WEB/AgAlSb/T0003.BCA
Ag1Al1Sb1,aflow:d245fd2f04939b82,,,0.0777537,20.9856,107,tI6,aflowlib.duke.edu:AFLOWDATA/LIB3_WEB/AgAlSb/TFCC003.ABC
Ag1Al1Sb1,aflow:d7fc901535023b54,,,0.0470153,23.4309,216,cF12,aflowlib.duke.edu:AFLOWDATA/LIB3_WEB/AgAlSb/T0003.CAB
Ag1Al1Sb1,aflow:ed16167561ad4f1c,,,0.020982,23.2445,216,cF12,aflowlib.duke.edu:AFLOWDATA/LIB3_WEB/AgAlSb/T0003.ABC
Ag1Al1Sb1,aflow:ee486e56fb08b185,,,0.0777034,20.9455,107,tI6,aflowlib.duke.edu:AFLOWDATA/LIB3_WEB/AgAlSb/TBCC003.ABC
Ag1Al1Sb2,aflow:038012afd39b3521,,,0.0662395,22.8059,65,oS8,aflowlib.duke.edu:AFLOWDATA/LIB3_WEB/AgAlSb/TFCC015.CAB
Ag1Al1Sb2,aflow:1e37c5543ad20f10,,,0.0604263,22.7197,99,tP4,aflowlib.duke.edu:AFLOWDATA/LIB3_WEB/AgAlSb/TFCC007.CAB
Ag1Al1Sb2,aflow:266af19e4ef65ea6,,,0.173424,23.3914,216,cF16,aflowlib.duke.edu:AFLOWDATA/LIB3_WEB/AgAlSb/T0002.ABC2
Ag1Al1Sb2,aflow:421e5472911a20f7,,,0.065473,22.7737,123,tP4,aflowlib.duke.edu:AFLOWDATA/LIB3_WEB/AgAlSb/TBCC016.CAB
Ag1Al1Sb2,aflow:4abc6b8621ac1325,,,0.100381,23.3199,47,oP4,aflowlib.duke.edu:AFLOWDATA/LIB3_WEB/AgAlSb/TBCC015.CAB
Ag1Al1Sb2,aflow:4d741a301b9dd383,,,0.106893,23.2941,119,tI8,aflowlib.duke.edu:AFLOWDATA/LIB3_WEB/AgAlSb/TFCC008.CAB
Ag1Al1Sb2,aflow:6b2a80141c485203,,,-0.0367824,23.7947,10,mP4,aflowlib.duke.edu:AFLOWDATA/LIB3_WEB/AgAlSb/TFCC014.CAB
Ag1Al1Sb2,aflow:6e3061d2e96c71c0,,,0.0747325,22.8493,123,tP4,aflowlib.duke.edu:AFLOWDATA/LIB3_WEB/AgAlSb/TBCC011.CAB
Ag1Al1Sb2,aflow:716333aa4fabcb2b,,,0.00722225,24.8073,99,tP4,aflowlib.duke.edu:AFLOWDATA/LIB3_WEB/AgAlSb/TBCC006.CAB
Ag1Al1Sb2,aflow:79b4500e104b7f35,,,0.0609771,23.3928,44,oI8,aflowlib.duke.edu:AFLOWDATA/LIB3_WEB/AgAlSb/TBCC007.CAB
Ag1Al1Sb2,aflow:82eb45ecade10b68,,,0.10585,22.7769,139,tI8,aflowlib.duke.edu:AFLOWDATA/LIB3_WEB/AgAlSb/TFCC013.CAB
Ag1Al1Sb2,aflow:8fca39e3cd8d5201,,,0.0966622,23.2933,71,oI8,aflowlib.duke.edu:AFLOWDATA/LIB3_WEB/AgAlSb/TBCC012.CAB
Ag1Al1Sb2,aflow:9e7b065a862d3115,,,0.127289,22.7135,225,cF16,aflowlib.duke.edu:AFLOWDATA/LIB3_WEB/AgAlSb/T0001.ABC2
Ag1Al1Sb2,aflow:a81aa4a3ccaf9c00,,,0.0760763,22.8828,123,tP4,aflowlib.duke.edu:AFLOWDATA/LIB3_WEB/AgAlSb/TFCC012.CAB
Ag1Al1Sb2,aflow:ac3f401f01b7817e,,,0.123564,23.125,166,hR4,aflowlib.duke.edu:AFLOWDATA/LIB3_WEB/AgAlSb/TFCC009.CAB
Ag1Al1Sb2,aflow:ad056f59edb6cff2,,,0.077092,22.6927,47,oP4,aflowlib.duke.edu:AFLOWDATA/LIB3_WEB/AgAlSb/TFCC010.CAB
Ag1Al1Sb2,aflow:ae3a9bda68c388d6,,,0.113486,22.7865,123,tP4,aflowlib.duke.edu:AFLOWDATA/LIB3_WEB/AgAlSb/TFCC016.CAB
Ag1Al1Sb2,aflow:b1677e7ffa35af3f,,,0.0699675,23.2364,12,mS8,aflowlib.duke.edu:AFLOWDATA/LIB3_WEB/AgAlSb/TBCC014.CAB
Ag1Al1Sb2,aflow:b1865d5d200b3e62,,,-0.0269518,23.2065,6,mP4,aflowlib.duke.edu:AFLOWDATA/LIB3_WEB/AgAlSb/TBCC005.CAB
Ag1Al1Sb2,aflow:bcfc17b2b1ac81ee,,,0.0743559,22.9044,65,oS8,aflowlib.duke.edu:AFLOWDATA/LIB3_WEB/AgAlSb/TBCC009.CAB
Ag1Al1Sb2,aflow:cbce9f28b1a48f1a,,,-0.015995,23.9501,12,mS8,aflowlib.duke.edu:AFLOWDATA/LIB3_WEB/AgAlSb/TFCC011.CAB
Ag1Al1Sb2,aflow:ec49d1175ba7de56,,,-0.012947,23.891,8,mS8,aflowlib.duke.edu:AFLOWDATA/LIB3_WEB/AgAlSb/TFCC006.CAB
Ag1Al1Sb2,aflow:ef622051ff05a263,,,0.0941448,23.1046,10,mP4,aflowlib.duke.edu:AFLOWDATA/LIB3_WEB/AgAlSb/TBCC010.CAB
Ag1Al1Sb2,aflow:f143c2d98e7763c2,,,-0.0165427,24.5233,25,oP4,aflowlib.duke.edu:AFLOWDATA/LIB3_WEB/AgAlSb/TFCC005.CAB
Ag1Al1Sb2,aflow:fe47506e4bc852a7,,,0.0592703,22.8913,35,oS8,aflowlib.duke.edu:AFLOWDATA/LIB3_WEB/AgAlSb/TBCC004.CAB
Ag1Al1Sb4,aflow:48d02b75ed0f87de,,,0.319534,28.3314,216,cF24,aflowlib.duke.edu:AFLOWDATA/LIB3_WEB/AgAlSb/T0010.CAB
Ag1Al1Sc1,aflow:1fa2f50122259960,,,-0.17382,18.8372,44,oI6,aflowlib.duke.edu:AFLOWDATA/LIB3_WEB/AgAlSc_sv/TFCC002.ABC
Ag1Al1Sc1,aflow:25213d9d2f5b3079,,,0.00978533,21.6317,216,cF12,aflowlib.duke.edu:AFLOWDATA/LIB3_WEB/AgAlSc_sv/T0003.ABC
Ag1Al1Sc1,aflow:4aa1b39fe62ee108,,,-0.290158,18.5786,107,tI6,aflowlib.duke.edu:AFLOWDATA/LIB3_WEB/AgAlSc_sv/TFCC003.ABC
Ag1Al1Sc1,aflow:56946218fe40158a,,,-0.290318,18.6282,107,tI6,aflowlib.duke.edu:AFLOWDATA/LIB3_WEB/AgAlSc_sv/TBCC003.ABC
Ag1Al1Sc1,aflow:65abc626e445be93,,,-0.289914,18.553,107,tI6,aflowlib.duke.edu:AFLOWDATA/LIB3_WEB/AgAlSc_sv/TBCC001.ABC
Ag1Al1Sc1,aflow:84c6f302151542d2,,,-0.0723013,19.4337,156,hP3,aflowlib.duke.edu:AFLOWDATA/LIB3_WEB/AgAlSc_sv/TFCC001.ABC
Ag1Al1Sc1,aflow:a51e1b524e1388ae,,,0.26899,23.1089,216,cF12,aflowlib.duke.edu:AFLOWDATA/LIB3_WEB/AgAlSc_sv/T0003.BCA
Ag1Al1Sc1,aflow:cc8b532ad9365ef7,,,-0.38094,19.0409,187,hP3,aflowlib.duke.edu:AFLOWDATA/LIB3_WEB/AgAlSc_sv/TBCC002.ABC
Ag1Al1Sc1,aflow:f073d3ba85eba763,,,-0.153115,21.5052,216,cF12,aflowlib.duke.edu:AFLOWDATA/LIB3_WEB/AgAlSc_sv/T0003.CAB
Ag1Al1Sc2,aflow:0b9d3d14d9dc761a,,,-0.13867,20.9498,166,hR4,aflowlib.duke.edu:AFLOWDATA/LIB3_WEB/AgAlSc_sv/TFCC009.CAB
Ag1Al1Sc2,aflow:0b02dc1d9ebaefa5,,,-0.371202,19.927,123,tP4,aflowlib.duke.edu:AFLOWDATA/LIB3_WEB/AgAlSc_sv/TBCC009.CAB
Ag1Al1Sc2,aflow:12514729f453e7fb,,,-0.367861,19.9179,123,tP4,aflowlib.duke.edu:AFLOWDATA/LIB3_WEB/AgAlSc_sv/TBCC010.CAB
Ag1Al1Sc2,aflow:218f03051e51d97a,,,-0.372486,19.9163,123,tP4,aflowlib.duke.edu:AFLOWDATA/LIB3_WEB/AgAlSc_sv/TFCC010.CAB
Ag1Al1Sc2,aflow:25b4ad20d6493940,,,-0.371384,19.9502,123,tP4,aflowlib.duke.edu:AFLOWDATA/LIB3_WEB/AgAlSc_sv/TFCC012.CAB
Ag1Al1Sc2,aflow:2571c99af9531b2e,,,-0.360214,20.0277,123,tP4,aflowlib.duke.edu:AFLOWDATA/LIB3_WEB/AgAlSc_sv/TBCC015.CAB
Ag1Al1Sc2,aflow:3a76eca834edd5e3,0,metal,-0.0814535,19.8391,216,cF16,aflowlib.duke.edu:AFLOWDATA/LIB3_WEB/AgAlSc_sv/T0002.ABC2
Ag1Al1Sc2,aflow:509f261fe30bb33d,,,-0.36142,20.011,65,oS8,aflowlib.duke.edu:AFLOWDATA/LIB3_WEB/AgAlSc_sv/TFCC015.CAB
Ag1Al1Sc2,aflow:51691297761d32c8,,,-0.203376,20.2533,99,tP4,aflowlib.duke.edu:AFLOWDATA/LIB3_WEB/AgAlSc_sv/TFCC007.CAB
Ag1Al1Sc2,aflow:565ad333a73ff02f,,,-0.360932,20.17,225,cF16,aflowlib.duke.edu:AFLOWDATA/LIB3_WEB/AgAlSc_sv/TBCC012.CAB
Ag1Al1Sc2,aflow:5d7e99617f23dee4,,,-0.361818,20.0256,123,tP4,aflowlib.duke.edu:AFLOWDATA/LIB3_WEB/AgAlSc_sv/TBCC016.CAB
Ag1Al1Sc2,aflow:634d25b0dfaa2259,,,-0.211658,19.9877,119,tI8,aflowlib.duke.edu:AFLOWDATA/LIB3_WEB/AgAlSc_sv/TFCC008.CAB
Ag1Al1Sc2,aflow:86c9ee2e9fa4040f,0,metal,-0.36191,20.13,225,cF16,aflowlib.duke.edu:AFLOWDATA/LIB3_WEB/AgAlSc_sv/T0001.ABC2
Ag1Al1Sc2,aflow:871a188fe4818bc9,,,-0.164979,20.4333,25,oP4,aflowlib.duke.edu:AFLOWDATA/LIB3_WEB/AgAlSc_sv/TFCC005.CAB
Ag1Al1Sc2,aflow:9172d5a61c65c21e,,,-0.0442422,20.7767,160,hR4,aflowlib.duke.edu:AFLOWDATA/LIB3_WEB/AgAlSc_sv/TFCC004.CAB
Ag1Al1Sc2,aflow:98a255583720b81a,,,-0.360127,20.075,65,oS8,aflowlib.duke.edu:AFLOWDATA/LIB3_WEB/AgAlSc_sv/TBCC014.CAB
Ag1Al1Sc2,aflow:a08e28a91a1e45c6,,,-0.204379,20.2287,99,tP4,aflowlib.duke.edu:AFLOWDATA/LIB3_WEB/AgAlSc_sv/TBCC004.CAB
Ag1Al1Sc2,aflow:a3c928675c1bc469,,,-0.317914,20.2046,6,mP4,aflowlib.duke.edu:AFLOWDATA/LIB3_WEB/AgAlSc_sv/TBCC005.CAB
Ag1Al1Sc2,aflow:a6bc6d99cf3365dc,,,-0.200523,20.2338,99,tP4,aflowlib.duke.edu:AFLOWDATA/LIB3_WEB/AgAlSc_sv/TBCC006.CAB
Ag1Al1Sc2,aflow:a9e2f56f9a07734a,,,-0.136173,20.9766,10,mP4,aflowlib.duke.edu:AFLOWDATA/LIB3_WEB/AgAlSc_sv/TFCC014.CAB
Ag1Al1Sc2,aflow:acda8c1dc39700ae,,,-0.362116,20.1566,225,cF16,aflowlib.duke.edu:AFLOWDATA/LIB3_WEB/AgAlSc_sv/TFCC013.CAB
Ag1Al1Sc2,aflow:b506c435e4b9d587,,,-0.274515,20.2777,8,mS8,aflowlib.duke.edu:AFLOWDATA/LIB3_WEB/AgAlSc_sv/TFCC006.CAB
Ag1Al1Sc2,aflow:cf8403e0fc932569,,,-0.361778,20.0045,123,tP4,aflowlib.duke.edu:AFLOWDATA/LIB3_WEB/AgAlSc_sv/TFCC016.CAB
Ag1Al1Sc2,aflow:f9e97c6502167400,,,-0.145068,20.9393,12,mS8,aflowlib.duke.edu:AFLOWDATA/LIB3_WEB/AgAlSc_sv/TFCC011.CAB
Ag1Al1Sc2,aflow:fb6f12ed3ef17787,,,-0.37162,19.9066,123,tP4,aflowlib.duke.edu:AFLOWDATA/LIB3_WEB/AgAlSc_sv/TBCC011.CAB
Ag1Al1Sc2,aflow:fe51fb5c84d7e3ba,,,-0.277586,20.2077,44,oI8,aflowlib.duke.edu:AFLOWDATA/LIB3_WEB/AgAlSc_sv/TBCC007.CAB
Ag1Al1Sc4,aflow:e941ebc51d775774,,,0.257179,22.1688,216,cF24,aflowlib.duke.edu:AFLOWDATA/LIB3_WEB/AgAlSc_sv/T0010.CAB
Ag1Al1Se1,aflow:0778d40f446dc755,,,-0.0197983,21.3139,107,tI6,aflowlib.duke.edu:AFLOWDATA/LIB3_WEB/AgAlSe/TFCC002.ABC
Ag1Al1Se1,aflow:0a9470484f933f99,,,-0.0218543,21.3213,107,tI6,aflowlib.duke.edu:AFLOWDATA/LIB3_WEB/AgAlSe/TFCC003.ABC
Ag1Al1Se1,aflow:1ebe6048c703e74d,,,-0.0226272,21.7472,107,tI6,aflowlib.duke.edu:AFLOWDATA/LIB3_WEB/AgAlSe/TBCC001.ABC
Ag1Al1Se1,aflow:30dac5db1d95f109,,,0.115097,23.2796,216,cF12,aflowlib.duke.edu:AFLOWDATA/LIB3_WEB/AgAlSe/T0003.BCA
Ag1Al1Se1,aflow:34d53d3703848596,,,-0.0209399,21.3021,107,tI6,aflowlib.duke.edu:AFLOWDATA/LIB3_WEB/AgAlSe/TBCC003.ABC
Ag1Al1Se1,aflow:442aa66bdef93d0c,,,0.147893,19.7403,156,hP3,aflowlib.duke.edu:AFLOWDATA/LIB3_WEB/AgAlSe/TBCC002.ABC
Ag1Al1Se1,aflow:739c9f2c0207c1da,,,0.0386083,22.3671,216,cF12,aflowlib.duke.edu:AFLOWDATA/LIB3_WEB/AgAlSe/T0003.CAB
Ag1Al1Se1,aflow:bf25c06fe733f4f5,,,-0.283307,20.4714,156,hP3,aflowlib.duke.edu:AFLOWDATA/LIB3_WEB/AgAlSe/TFCC001.ABC
Ag1Al1Se1,aflow:c640eba5c755f2cb,,,0.024105,21.4642,216,cF12,aflowlib.duke.edu:AFLOWDATA/LIB3_WEB/AgAlSe/T0003.ABC
Ag1Al1Se2,aflow:0264a37e38458675,,,0.103828,19.5461,123,tP4,aflowlib.duke.edu:AFLOWDATA/LIB3_WEB/AgAlSe/TFCC015.CAB
Ag1Al1Se2,aflow:0efbe0f8e5aaf961,,,-0.036649,21.8127,119,tI8,aflowlib.duke.edu:AFLOWDATA/LIB3_WEB/AgAlSe/TFCC008.CAB
Ag1Al1Se2,aflow:162a75479ed54bea,,,0.270091,19.7579,216,cF16,aflowlib.duke.edu:AFLOWDATA/LIB3_WEB/AgAlSe/T0002.ABC2
Ag1Al1Se2,aflow:27a019ec899032d3,,,-0.504273,20.4927,166,hR4,aflowlib.duke.edu:AFLOWDATA/LIB3_WEB/AgAlSe/TFCC009.CAB
Ag1Al1Se2,aflow:29000f100821c55e,,,-0.192782,25.2245,71,oI8,aflowlib.duke.edu:AFLOWDATA/LIB3_WEB/AgAlSe/TBCC012.CAB
Ag1Al1Se2,aflow:2cc53c1482dc44a6,,,-0.0937595,24.4626,12,mS8,aflowlib.duke.edu:AFLOWDATA/LIB3_WEB/AgAlSe/TBCC014.CAB
Ag1Al1Se2,aflow:314755fedf195dc4,,,-0.318373,20.4635,123,tP4,aflowlib.duke.edu:AFLOWDATA/LIB3_WEB/AgAlSe/TFCC014.CAB
Ag1Al1Se2,aflow:3555e3af907c3a19,,,0.0346868,19.58,123,tP4,aflowlib.duke.edu:AFLOWDATA/LIB3_WEB/AgAlSe/TFCC012.CAB
Ag1Al1Se2,aflow:3f58b7c011e749ce,,,-0.371994,22.3044,99,tP4,aflowlib.duke.edu:AFLOWDATA/LIB3_WEB/AgAlSe/TFCC007.CAB
Ag1Al1Se2,aflow:48bec762eec7ac1b,,,-0.502224,21.283,12,mS8,aflowlib.duke.edu:AFLOWDATA/LIB3_WEB/AgAlSe/TFCC011.CAB
Ag1Al1Se2,aflow:550e36d3505a6aa9,,,0.092928,19.4296,139,tI8,aflowlib.duke.edu:AFLOWDATA/LIB3_WEB/AgAlSe/TFCC013.CAB
Ag1Al1Se2,aflow:584b47816d495916,,,-0.371329,22.253,99,tP4,aflowlib.duke.edu:AFLOWDATA/LIB3_WEB/AgAlSe/TBCC006.CAB
Ag1Al1Se2,aflow:5baa6f570ef1f996,,,-0.415734,24.5696,6,mP4,aflowlib.duke.edu:AFLOWDATA/LIB3_WEB/AgAlSe/TBCC005.CAB
Ag1Al1Se2,aflow:5edce22c2cf78294,,,0.0343483,19.5462,123,tP4,aflowlib.duke.edu:AFLOWDATA/LIB3_WEB/AgAlSe/TBCC011.CAB
Ag1Al1Se2,aflow:5eefc25f3c306bc5,,,0.207185,19.8193,65,oS8,aflowlib.duke.edu:AFLOWDATA/LIB3_WEB/AgAlSe/TBCC009.CAB
Ag1Al1Se2,aflow:62b5e5ec142e994f,,,-0.372197,22.226,99,tP4,aflowlib.duke.edu:AFLOWDATA/LIB3_WEB/AgAlSe/TFCC005.CAB
Ag1Al1Se2,aflow:733f240f74bcd1c4,,,0.102366,19.6511,123,tP4,aflowlib.duke.edu:AFLOWDATA/LIB3_WEB/AgAlSe/TFCC016.CAB
Ag1Al1Se2,aflow:82a780a5d2fa8e40,,,0.101614,19.5868,123,tP4,aflowlib.duke.edu:AFLOWDATA/LIB3_WEB/AgAlSe/TBCC016.CAB
Ag1Al1Se2,aflow:9cbd3178ccd7255c,,,0.0971857,20.7525,35,oS8,aflowlib.duke.edu:AFLOWDATA/LIB3_WEB/AgAlSe/TBCC004.CAB
Ag1Al1Se2,aflow:9e579299573422dc,,,0.0340518,19.5571,123,tP4,aflowlib.duke.edu:AFLOWDATA/LIB3_WEB/AgAlSe/TFCC010.CAB
Ag1Al1Se2,aflow:a8ca94544af50ab0,,,-0.0544749,24.9372,47,oP4,aflowlib.duke.edu:AFLOWDATA/LIB3_WEB/AgAlSe/TBCC015.CAB
Ag1Al1Se2,aflow:a9f2c4197cd6886c,,,-0.172774,23.1194,10,mP4,aflowlib.duke.edu:AFLOWDATA/LIB3_WEB/AgAlSe/TBCC010.CAB
Ag1Al1Se2,aflow:ae8efb66d3debff2,,,0.0928248,19.3989,225,cF16,aflowlib.duke.edu:AFLOWDATA/LIB3_WEB/AgAlSe/T0001.ABC2
Ag1Al1Se2,aflow:c0c8181b9eb5d1c4,,,-0.241438,20.9595,44,oI8,aflowlib.duke.edu:AFLOWDATA/LIB3_WEB/AgAlSe/TBCC007.CAB
Ag1Al1Se2,aflow:c86606dcb7cf99ef,,,-0.315658,24.7834,8,mS8,aflowlib.duke.edu:AFLOWDATA/LIB3_WEB/AgAlSe/TFCC006.CAB
Ag1Al1Se2,aflow:daa4947fbf900f26,,,-0.0252961,22.2467,160,hR4,aflowlib.duke.edu:AFLOWDATA/LIB3_WEB/AgAlSe/TFCC004.CAB
Ag1Al1Se4,aflow:8a0d6e931b21a77b,,,0.526856,22.9018,216,cF24,aflowlib.duke.edu:AFLOWDATA/LIB3_WEB/AgAlSe/T0010.CAB
Ag1Al1Si1,aflow:1438be17d12df4a2,,,0.154197,16.5881,156,hP3,aflowlib.duke.edu:AFLOWDATA/LIB3_WEB/AgAlSi/TFCC001.ABC
Ag1Al1Si1,aflow:44f449619c2a20e8,,,0.127114,18.5942,216,cF12,aflowlib.duke.edu:AFLOWDATA/LIB3_WEB/AgAlSi/T0003.BCA
Ag1Al1Si1,aflow:5cb0f1eb2d20e127,,,0.215335,16.5239,107,tI6,aflowlib.duke.edu:AFLOWDATA/LIB3_WEB/AgAlSi/TBCC003.ABC
Ag1Al1Si1,aflow:6e6bad3d74ae3e0c,,,0.202322,18.7716,216,cF12,aflowlib.duke.edu:AFLOWDATA/LIB3_WEB/AgAlSi/T0003.ABC
Ag1Al1Si1,aflow:815a03bc3196f9b2,,,0.261228,16.8805,42,oF12,aflowlib.duke.edu:AFLOWDATA/LIB3_WEB/AgAlSi/TBCC001.ABC
Ag1Al1Si1,aflow:8a575919204fc5c8,,,0.216103,16.6065,107,tI6,aflowlib.duke.edu:AFLOWDATA/LIB3_WEB/AgAlSi/TFCC003.ABC
Ag1Al1Si1,aflow:9aabc6f3251ecc46,,,0.213202,18.5806,216,cF12,aflowlib.duke.edu:AFLOWDATA/LIB3_WEB/AgAlSi/T0003.CAB
Ag1Al1Si1,aflow:c7804984e92b8f1f,,,0.276896,17.2791,156,hP3,aflowlib.duke.edu:AFLOWDATA/LIB3_WEB/AgAlSi/TBCC002.ABC
Ag1Al1Si1,aflow:fac0917bf20aff9e,,,0.226778,16.6677,44,oI6,aflowlib.duke.edu:AFLOWDATA/LIB3_WEB/AgAlSi/TFCC002.ABC
Ag1Al1Si2,aflow:13d5fad7081d7868,,,0.290039,16.0086,166,hR4,aflowlib.duke.edu:AFLOWDATA/LIB3_WEB/AgAlSi/TFCC009.CAB
Ag1Al1Si2,aflow:2115ee86fc44f87b,,,0.306039,16.198,123,tP4,aflowlib.duke.edu:AFLOWDATA/LIB3_WEB/AgAlSi/TBCC011.CAB
Ag1Al1Si2,aflow:2e2ecf637ae3b80e,,,0.362107,16.5527,123,tP4,aflowlib.duke.edu:AFLOWDATA/LIB3_WEB/AgAlSi/TFCC016.CAB
Ag1Al1Si2,aflow:35ff43fe42af12d6,,,0.325702,16.5294,47,oP4,aflowlib.duke.edu:AFLOWDATA/LIB3_WEB/AgAlSi/TBCC015.CAB
Ag1Al1Si2,aflow:485020be14ef054e,,,0.280142,15.9706,99,tP4,aflowlib.duke.edu:AFLOWDATA/LIB3_WEB/AgAlSi/TBCC006.CAB
Ag1Al1Si2,aflow:52a84ef942bc87b4,,,0.306288,16.1607,12,mS8,aflowlib.duke.edu:AFLOWDATA/LIB3_WEB/AgAlSi/TFCC011.CAB
Ag1Al1Si2,aflow:61a2100d575abc80,,,0.409671,16.7046,216,cF16,aflowlib.duke.edu:AFLOWDATA/LIB3_WEB/AgAlSi/T0002.ABC2
Ag1Al1Si2,aflow:636010f684a618a2,,,0.35631,16.4496,139,tI8,aflowlib.duke.edu:AFLOWDATA/LIB3_WEB/AgAlSi/TFCC013.CAB
Ag1Al1Si2,aflow:6616bf22d773970d,,,0.328661,16.4726,47,oP4,aflowlib.duke.edu:AFLOWDATA/LIB3_WEB/AgAlSi/TFCC010.CAB
Ag1Al1Si2,aflow:7ae20211035029e6,,,0.340593,16.5648,123,tP4,aflowlib.duke.edu:AFLOWDATA/LIB3_WEB/AgAlSi/TBCC016.CAB
Ag1Al1Si2,aflow:7c7e39b11e583da1,,,0.355865,16.4177,119,tI8,aflowlib.duke.edu:AFLOWDATA/LIB3_WEB/AgAlSi/TFCC008.CAB
Ag1Al1Si2,aflow:86591b4c8ff2e9a4,,,0.27569,15.9902,99,tP4,aflowlib.duke.edu:AFLOWDATA/LIB3_WEB/AgAlSi/TFCC007.CAB
Ag1Al1Si2,aflow:87bacfb8697a8bca,,,0.311127,16.1925,123,tP4,aflowlib.duke.edu:AFLOWDATA/LIB3_WEB/AgAlSi/TFCC012.CAB
Ag1Al1Si2,aflow:876b09df214116fc,,,0.33343,16.4885,65,oS8,aflowlib.duke.edu:AFLOWDATA/LIB3_WEB/AgAlSi/TBCC009.CAB
Ag1Al1Si2,aflow:9fc732ed02779854,,,0.274568,16.008,160,hR4,aflowlib.duke.edu:AFLOWDATA/LIB3_WEB/AgAlSi/TFCC004.CAB
Ag1Al1Si2,aflow:b76ae39af76f0d42,,,0.313062,16.6844,12,mS8,aflowlib.duke.edu:AFLOWDATA/LIB3_WEB/AgAlSi/TBCC014.CAB
Ag1Al1Si2,aflow:c16109ec79160698,,,0.257063,16.6661,38,oS8,aflowlib.duke.edu:AFLOWDATA/LIB3_WEB/AgAlSi/TBCC005.CAB
Ag1Al1Si2,aflow:c85186dccbf077ad,,,0.320887,16.3158,8,mS8,aflowlib.duke.edu:AFLOWDATA/LIB3_WEB/AgAlSi/TFCC006.CAB
Ag1Al1Si2,aflow:cbf90944c839497e,,,0.324582,16.2973,65,oS8,aflowlib.duke.edu:AFLOWDATA/LIB3_WEB/AgAlSi/TFCC015.CAB
Ag1Al1Si2,aflow:d376488158e7969a,,,0.305349,16.6242,44,oI8,aflowlib.duke.edu:AFLOWDATA/LIB3_WEB/AgAlSi/TBCC007.CAB
Ag1Al1Si2,aflow:d4d3e2e6f46028d0,,,0.334715,16.8147,71,oI8,aflowlib.duke.edu:AFLOWDATA/LIB3_WEB/AgAlSi/TBCC012.CAB
Ag1Al1Si2,aflow:d9cec243359f0e5c,,,0.320379,16.179,35,oS8,aflowlib.duke.edu:AFLOWDATA/LIB3_WEB/AgAlSi/TBCC004.CAB
Ag1Al1Si2,aflow:e01838a469864315,,,0.305693,16.1404,10,mP4,aflowlib.duke.edu:AFLOWDATA/LIB3_WEB/AgAlSi/TFCC014.CAB
Ag1Al1Si2,aflow:e96b53a4ab204951,,,0.429069,16.9119,225,cF16,aflowlib.duke.edu:AFLOWDATA/LIB3_WEB/AgAlSi/T0001.ABC2
Ag1Al1Si2,aflow:f530f0e58f4ad7e4,,,0.318766,16.2906,25,oP4,aflowlib.duke.edu:AFLOWDATA/LIB3_WEB/AgAlSi/TFCC005.CAB
Ag1Al1Si2,aflow:f7a66064cecd5e57,,,0.301818,16.7027,10,mP4,aflowlib.duke.edu:AFLOWDATA/LIB3_WEB/AgAlSi/TBCC010.CAB
Ag1Al1Si4,aflow:83fb8229279c3a6e,,,0.468677,16.2981,216,cF24,aflowlib.duke.edu:AFLOWDATA/LIB3_WEB/AgAlSi/T0010.CAB
Ag1Al1Sn1,aflow:113d4c7c3290c86f,,,0.100391,20.775,44,oI6,aflowlib.duke.edu:AFLOWDATA/LIB3_WEB/AgAlSn/TFCC002.ABC
Ag1Al1Sn1,aflow:1a62a23fa9d2dccb,,,0.0704647,22.8037,216,cF12,aflowlib.duke.edu:AFLOWDATA/LIB3_WEB/AgAlSn/T0003.ABC
Ag1Al1Sn1,aflow:1b13c55ec5ea6634,,,0.0716664,20.6707,107,tI6,aflowlib.duke.edu:AFLOWDATA/LIB3_WEB/AgAlSn/TBCC003.ABC
Ag1Al1Sn1,aflow:2e589848261d54d6,,,0.0697183,20.9554,156,hP3,aflowlib.duke.edu:AFLOWDATA/LIB3_WEB/AgAlSn/TFCC001.ABC
Ag1Al1Sn1,aflow:5244aa8689407df5,,,0.0529733,22.5657,216,cF12,aflowlib.duke.edu:AFLOWDATA/LIB3_WEB/AgAlSn/T0003.CAB
Ag1Al1Sn1,aflow:5ed0e4228041bd9e,,,0.0717333,20.662,107,tI6,aflowlib.duke.edu:AFLOWDATA/LIB3_WEB/AgAlSn/TFCC003.ABC
Ag1Al1Sn1,aflow:641c1ecfffffc332,,,0.146311,21.1432,42,oF12,aflowlib.duke.edu:AFLOWDATA/LIB3_WEB/AgAlSn/TBCC001.ABC
Ag1Al1Sn1,aflow:cb2a7145e12ae1a5,,,0.122265,21.8291,156,hP3,aflowlib.duke.edu:AFLOWDATA/LIB3_WEB/AgAlSn/TBCC002.ABC
Ag1Al1Sn1,aflow:e2e64df65bbb3d0e,,,0.161813,23.86,216,cF12,aflowlib.duke.edu:AFLOWDATA/LIB3_WEB/AgAlSn/T0003.BCA
Ag1Al1Sn2,aflow:17b9b89d0fa44762,,,0.11366,22.5344,10,mP4,aflowlib.duke.edu:AFLOWDATA/LIB3_WEB/AgAlSn/TBCC010.CAB
Ag1Al1Sn2,aflow:1de3002ae462e33f,,,0.136877,22.8245,225,cF16,aflowlib.duke.edu:AFLOWDATA/LIB3_WEB/AgAlSn/T0001.ABC2
Ag1Al1Sn2,aflow:35df86b0e1e88fd6,,,0.112832,22.6045,47,oP4,aflowlib.duke.edu:AFLOWDATA/LIB3_WEB/AgAlSn/TFCC010.CAB
Ag1Al1Sn2,aflow:35d379e2747f7d66,,,0.117715,22.8027,166,hR4,aflowlib.duke.edu:AFLOWDATA/LIB3_WEB/AgAlSn/TFCC009.CAB
Ag1Al1Sn2,aflow:44ff655d80249814,,,0.117926,22.6712,139,tI8,aflowlib.duke.edu:AFLOWDATA/LIB3_WEB/AgAlSn/TFCC013.CAB
Ag1Al1Sn2,aflow:57b1e63a7827f0d6,,,0.0480295,22.5075,99,tP4,aflowlib.duke.edu:AFLOWDATA/LIB3_WEB/AgAlSn/TBCC006.CAB
Ag1Al1Sn2,aflow:5a33f98a1bfcf1cb,,,0.0988675,22.557,123,tP4,aflowlib.duke.edu:AFLOWDATA/LIB3_WEB/AgAlSn/TFCC012.CAB
Ag1Al1Sn2,aflow:5a77ca686ad572c4,,,0.10291,22.4805,12,mS8,aflowlib.duke.edu:AFLOWDATA/LIB3_WEB/AgAlSn/TBCC014.CAB
Ag1Al1Sn2,aflow:6cc2c0d153a6c5ce,,,0.051143,22.9842,6,mP4,aflowlib.duke.edu:AFLOWDATA/LIB3_WEB/AgAlSn/TBCC005.CAB
Ag1Al1Sn2,aflow:6feb2c01e25cf158,,,0.0500555,22.5137,99,tP4,aflowlib.duke.edu:AFLOWDATA/LIB3_WEB/AgAlSn/TFCC005.CAB
Ag1Al1Sn2,aflow:7f7faa652be5cfe6,,,0.13246,22.7337,119,tI8,aflowlib.duke.edu:AFLOWDATA/LIB3_WEB/AgAlSn/TFCC008.CAB
Ag1Al1Sn2,aflow:7f5aa6c4f40ea325,,,0.0505668,22.6229,99,tP4,aflowlib.duke.edu:AFLOWDATA/LIB3_WEB/AgAlSn/TFCC007.CAB
Ag1Al1Sn2,aflow:811e43a7b597d4da,,,0.101576,22.5199,65,oS8,aflowlib.duke.edu:AFLOWDATA/LIB3_WEB/AgAlSn/TFCC015.CAB
Ag1Al1Sn2,aflow:8499be05d1c3bd8f,,,0.1151,22.9486,35,oS8,aflowlib.duke.edu:AFLOWDATA/LIB3_WEB/AgAlSn/TBCC004.CAB
Ag1Al1Sn2,aflow:863a8992b55a2aac,,,0.0962287,22.8205,44,oI8,aflowlib.duke.edu:AFLOWDATA/LIB3_WEB/AgAlSn/TBCC007.CAB
Ag1Al1Sn2,aflow:8d190262cd1bc26e,,,0.0946233,22.4564,123,tP4,aflowlib.duke.edu:AFLOWDATA/LIB3_WEB/AgAlSn/TBCC011.CAB
Ag1Al1Sn2,aflow:a2b65947d69fba60,,,0.070605,22.7876,160,hR4,aflowlib.duke.edu:AFLOWDATA/LIB3_WEB/AgAlSn/TFCC004.CAB
Ag1Al1Sn2,aflow:a8853dfdab2917eb,,,0.12104,22.7015,123,tP4,aflowlib.duke.edu:AFLOWDATA/LIB3_WEB/AgAlSn/TFCC016.CAB
Ag1Al1Sn2,aflow:aad8c36711c9784f,,,0.16967,23.0811,47,oP4,aflowlib.duke.edu:AFLOWDATA/LIB3_WEB/AgAlSn/TBCC015.CAB
Ag1Al1Sn2,aflow:ac456a3d2d264b3b,,,0.0992739,23.0095,10,mP4,aflowlib.duke.edu:AFLOWDATA/LIB3_WEB/AgAlSn/TFCC014.CAB
Ag1Al1Sn2,aflow:afc9308074d53afc,,,0.090745,22.6169,8,mS8,aflowlib.duke.edu:AFLOWDATA/LIB3_WEB/AgAlSn/TFCC006.CAB
Ag1Al1Sn2,aflow:b6dfd85b5afb4262,,,0.175237,23.3014,216,cF16,aflowlib.duke.edu:AFLOWDATA/LIB3_WEB/AgAlSn/T0002.ABC2
Ag1Al1Sn2,aflow:bf28e6872939ca81,,,0.11851,22.6852,71,oI8,aflowlib.duke.edu:AFLOWDATA/LIB3_WEB/AgAlSn/TBCC012.CAB
Ag1Al1Sn2,aflow:c1d0be726e93e43f,,,0.0959443,22.4426,65,oS8,aflowlib.duke.edu:AFLOWDATA/LIB3_WEB/AgAlSn/TBCC009.CAB
Ag1Al1Sn2,aflow:e6a324f5b3f61b8a,,,0.121176,22.6548,123,tP4,aflowlib.duke.edu:AFLOWDATA/LIB3_WEB/AgAlSn/TBCC016.CAB
Ag1Al1Sn2,aflow:e9315e04e5f25b30,,,0.107271,23.3281,12,mS8,aflowlib.duke.edu:AFLOWDATA/LIB3_WEB/AgAlSn/TFCC011.CAB
Ag1Al1Sn4,aflow:00ed397bc9a81d0f,,,0.36255,27.6037,216,cF24,aflowlib.duke.edu:AFLOWDATA/LIB3_WEB/AgAlSn/T0010.CAB
Ag1Al1Sr1,aflow:1a8a56ccd5f2ff74,,,-0.128476,25.1129,107,tI6,aflowlib.duke.edu:AFLOWDATA/LIB3_WEB/AgAlSr_sv/TFCC002.ABC
Ag1Al1Sr1,aflow:3086631d6e753bf8,,,-0.128339,25.2315,107,tI6,aflowlib.duke.edu:AFLOWDATA/LIB3_WEB/AgAlSr_sv/TBCC003.ABC
Ag1Al1Sr1,aflow:42a2e2c99d009e48,,,-0.246307,26.6922,187,hP3,aflowlib.duke.edu:AFLOWDATA/LIB3_WEB/AgAlSr_sv/TBCC002.ABC
Ag1Al1Sr1,aflow:70e5c48f17b1c06b,,,-0.126963,25.2216,107,tI6,aflowlib.duke.edu:AFLOWDATA/LIB3_WEB/AgAlSr_sv/TBCC001.ABC
Ag1Al1Sr1,aflow:739013e390d1ffe1,,,0.003521,29.1421,216,cF12,aflowlib.duke.edu:AFLOWDATA/LIB3_WEB/AgAlSr_sv/T0003.CAB
Ag1Al1Sr1,aflow:7678529a8815590e,,,0.14677,29.6095,216,cF12,aflowlib.duke.edu:AFLOWDATA/LIB3_WEB/AgAlSr_sv/T0003.ABC
Ag1Al1Sr1,aflow:8f6e5fd94c013329,,,0.47301,33.0841,216,cF12,aflowlib.duke.edu:AFLOWDATA/LIB3_WEB/AgAlSr_sv/T0003.BCA
Ag1Al1Sr1,aflow:b186576792161409,,,-0.12854,25.1436,107,tI6,aflowlib.duke.edu:AFLOWDATA/LIB3_WEB/AgAlSr_sv/TFCC003.ABC
Ag1Al1Sr1,aflow:f1c85a1fda67a592,,,-0.247398,26.9221,187,hP3,aflowlib.duke.edu:AFLOWDATA/LIB3_WEB/AgAlSr_sv/TFCC001.ABC
Ag1Al1Sr2,aflow:00e5ef1ebd3a10ae,,,-0.169217,30.6967,65,oS8,aflowlib.duke.edu:AFLOWDATA/LIB3_WEB/AgAlSr_sv/TBCC014.CAB
Ag1Al1Sr2,aflow:0aaaf51dd24eedec,,,-0.169851,30.5747,123,tP4,aflowlib.duke.edu:AFLOWDATA/LIB3_WEB/AgAlSr_sv/TFCC016.CAB
Ag1Al1Sr2,aflow:0eadce29b35174ac,,,-0.167939,30.4917,123,tP4,aflowlib.duke.edu:AFLOWDATA/LIB3_WEB/AgAlSr_sv/TBCC015.CAB
Ag1Al1Sr2,aflow:3fb14c7e170c9715,,,-0.170183,30.6605,123,tP4,aflowlib.duke.edu:AFLOWDATA/LIB3_WEB/AgAlSr_sv/TBCC016.CAB
Ag1Al1Sr2,aflow:3f63e7f512dfe752,,,0.00441175,29.5782,119,tI8,aflowlib.duke.edu:AFLOWDATA/LIB3_WEB/AgAlSr_sv/TFCC008.CAB
Ag1Al1Sr2,aflow:3f06ad46d1f20b87,,,-0.172895,30.4787,123,tP4,aflowlib.duke.edu:AFLOWDATA/LIB3_WEB/AgAlSr_sv/TFCC012.CAB
Ag1Al1Sr2,aflow:451944b109133ecd,,,-0.153908,30.7239,139,tI8,aflowlib.duke.edu:AFLOWDATA/LIB3_WEB/AgAlSr_sv/TFCC013.CAB
Ag1Al1Sr2,aflow:488f3d83a3a17c4f,,,-0.0689483,31.7012,99,tP4,aflowlib.duke.edu:AFLOWDATA/LIB3_WEB/AgAlSr_sv/TBCC006.CAB
Ag1Al1Sr2,aflow:4a1f74118565f759,,,-0.169706,30.459,65,oS8,aflowlib.duke.edu:AFLOWDATA/LIB3_WEB/AgAlSr_sv/TFCC015.CAB
Ag1Al1Sr2,aflow:4ee60e9f71a5738a,,,-0.145412,30.477,44,oI8,aflowlib.duke.edu:AFLOWDATA/LIB3_WEB/AgAlSr_sv/TBCC007.CAB
Ag1Al1Sr2,aflow:6282bbe733419164,,,-0.175576,30.725,123,tP4,aflowlib.duke.edu:AFLOWDATA/LIB3_WEB/AgAlSr_sv/TBCC011.CAB
Ag1Al1Sr2,aflow:6c993e4a6c1086cd,,,-0.168022,30.637,6,mP4,aflowlib.duke.edu:AFLOWDATA/LIB3_WEB/AgAlSr_sv/TBCC005.CAB
Ag1Al1Sr2,aflow:7a5e77e10b98738c,,,0.00558625,35.5779,166,hR4,aflowlib.duke.edu:AFLOWDATA/LIB3_WEB/AgAlSr_sv/TFCC009.CAB
Ag1Al1Sr2,aflow:9b92607a5c268e31,,,-0.174718,30.5907,123,tP4,aflowlib.duke.edu:AFLOWDATA/LIB3_WEB/AgAlSr_sv/TBCC009.CAB
Ag1Al1Sr2,aflow:9f8e9a7acd280e3d,,,0.0258805,33.3907,99,tP4,aflowlib.duke.edu:AFLOWDATA/LIB3_WEB/AgAlSr_sv/TFCC005.CAB
Ag1Al1Sr2,aflow:a0c6a6f51d9400a8,,,-0.0690835,31.7115,99,tP4,aflowlib.duke.edu:AFLOWDATA/LIB3_WEB/AgAlSr_sv/TFCC007.CAB
Ag1Al1Sr2,aflow:a14cfb36f590951f,,,-0.174887,30.5421,47,oP4,aflowlib.duke.edu:AFLOWDATA/LIB3_WEB/AgAlSr_sv/TFCC010.CAB
Ag1Al1Sr2,aflow:ac146e277636019f,,,-0.153602,30.8174,139,tI8,aflowlib.duke.edu:AFLOWDATA/LIB3_WEB/AgAlSr_sv/TBCC012.CAB
Ag1Al1Sr2,aflow:b4d2aea86f78cbee,,,-0.144171,30.5744,71,oI8,aflowlib.duke.edu:AFLOWDATA/LIB3_WEB/AgAlSr_sv/TFCC011.CAB
Ag1Al1Sr2,aflow:b641227cd1636b42,,,-0.174561,30.4521,10,mP4,aflowlib.duke.edu:AFLOWDATA/LIB3_WEB/AgAlSr_sv/TBCC010.CAB
Ag1Al1Sr2,aflow:bd71f5a669e70c4b,,,-0.14536,30.4284,8,mS8,aflowlib.duke.edu:AFLOWDATA/LIB3_WEB/AgAlSr_sv/TFCC006.CAB
Ag1Al1Sr2,aflow:ca0598446bb7e027,,,-0.153812,30.7533,225,cF16,aflowlib.duke.edu:AFLOWDATA/LIB3_WEB/AgAlSr_sv/T0001.ABC2
Ag1Al1Sr2,aflow:d05700668154681a,,,-0.032783,27.1078,216,cF16,aflowlib.duke.edu:AFLOWDATA/LIB3_WEB/AgAlSr_sv/T0002.ABC2
Ag1Al1Sr2,aflow:d37132ea912e1c27,,,-0.204425,36.7472,160,hR4,aflowlib.duke.edu:AFLOWDATA/LIB3_WEB/AgAlSr_sv/TFCC004.CAB
Ag1Al1Sr2,aflow:ec63351569447a3b,,,0.0389499,36.0324,10,mP4,aflowlib.duke.edu:AFLOWDATA/LIB3_WEB/AgAlSr_sv/TFCC014.CAB
Ag1Al1Sr2,aflow:f88e68353aa9ffe5,,,-0.0691117,31.817,99,tP4,aflowlib.duke.edu:AFLOWDATA/LIB3_WEB/AgAlSr_sv/TBCC004.CAB
Ag1Al1Sr4,aflow:adb3a9f7ed862e85,,,0.576667,41.2813,216,cF24,aflowlib.duke.edu:AFLOWDATA/LIB3_WEB/AgAlSr_sv/T0010.CAB
Ag1Al1Ta1,aflow:295167f2e0c0d7ea,,,0.669769,19.5412,216,cF12,aflowlib.duke.edu:AFLOWDATA/LIB3_WEB/AgAlTa_pv/T0003.ABC
Ag1Al1Ta1,aflow:326b50815ddfa8d2,,,0.594134,19.5662,216,cF12,aflowlib.duke.edu:AFLOWDATA/LIB3_WEB/AgAlTa_pv/T0003.CAB
Ag1Al1Ta1,aflow:4303e556f61efb54,,,0.0956279,17.005,187,hP3,aflowlib.duke.edu:AFLOWDATA/LIB3_WEB/AgAlTa_pv/TBCC002.ABC
Ag1Al1Ta1,aflow:626b487464110f6b,,,-0.0414457,16.9306,107,tI6,aflowlib.duke.edu:AFLOWDATA/LIB3_WEB/AgAlTa_pv/TFCC003.ABC
Ag1Al1Ta1,aflow:7b7a0c1edb3e3e1a,,,0.80798,21.0286,216,cF12,aflowlib.duke.edu:AFLOWDATA/LIB3_WEB/AgAlTa_pv/T0003.BCA
Ag1Al1Ta1,aflow:a2abc3626bacd604,,,-0.0402043,16.9768,107,tI6,aflowlib.duke.edu:AFLOWDATA/LIB3_WEB/AgAlTa_pv/TFCC002.ABC
Ag1Al1Ta1,aflow:ec7a11566aa3c297,,,-0.0406838,16.8469,107,tI6,aflowlib.duke.edu:AFLOWDATA/LIB3_WEB/AgAlTa_pv/TBCC003.ABC
Ag1Al1Ta1,aflow:f86e1682ed33b34b,,,0.0697547,17.2867,156,hP3,aflowlib.duke.edu:AFLOWDATA/LIB3_WEB/AgAlTa_pv/TFCC001.ABC
Ag1Al1Ta1,aflow:f872ab8483b80674,,,-0.0427132,16.9246,42,oF12,aflowlib.duke.edu:AFLOWDATA/LIB3_WEB/AgAlTa_pv/TBCC001.ABC
Ag1Al1Ta2,aflow:041156a335ea09fe,,,0.0567207,17.3065,47,oP4,aflowlib.duke.edu:AFLOWDATA/LIB3_WEB/AgAlTa_pv/TBCC015.CAB
Ag1Al1Ta2,aflow:1107ead647853cc2,,,0.04412,17.2495,47,oP4,aflowlib.duke.edu:AFLOWDATA/LIB3_WEB/AgAlTa_pv/TFCC010.CAB
Ag1Al1Ta2,aflow:1686de9e34b6a24b,,,0.068423,17.4382,8,mS8,aflowlib.duke.edu:AFLOWDATA/LIB3_WEB/AgAlTa_pv/TFCC006.CAB
Ag1Al1Ta2,aflow:29bdf720b70d5413,,,0.051572,17.2634,65,oS8,aflowlib.duke.edu:AFLOWDATA/LIB3_WEB/AgAlTa_pv/TFCC015.CAB
Ag1Al1Ta2,aflow:3206a747c6eb7d6a,,,0.0559842,17.3054,123,tP4,aflowlib.duke.edu:AFLOWDATA/LIB3_WEB/AgAlTa_pv/TFCC016.CAB
Ag1Al1Ta2,aflow:36c7909c088b5ec2,,,0.0366415,17.2221,71,oI8,aflowlib.duke.edu:AFLOWDATA/LIB3_WEB/AgAlTa_pv/TFCC011.CAB
Ag1Al1Ta2,aflow:3b34c55d488906fd,0,metal,0.358398,17.6765,216,cF16,aflowlib.duke.edu:AFLOWDATA/LIB3_WEB/AgAlTa_pv/T0002.ABC2
Ag1Al1Ta2,aflow:49525c7873e4700a,,,0.111173,17.4139,44,oI8,aflowlib.duke.edu:AFLOWDATA/LIB3_WEB/AgAlTa_pv/TBCC007.CAB
Ag1Al1Ta2,aflow:4dca6e6bb5e2321b,,,0.142431,17.6576,166,hR4,aflowlib.duke.edu:AFLOWDATA/LIB3_WEB/AgAlTa_pv/TFCC009.CAB
Ag1Al1Ta2,aflow:56c537c7d9eaef3c,,,0.0206905,17.1832,123,tP4,aflowlib.duke.edu:AFLOWDATA/LIB3_WEB/AgAlTa_pv/TFCC012.CAB
Ag1Al1Ta2,aflow:56675f74e66d159f,,,0.155078,17.4246,119,tI8,aflowlib.duke.edu:AFLOWDATA/LIB3_WEB/AgAlTa_pv/TFCC008.CAB
Ag1Al1Ta2,aflow:5c4663f0eeed3691,,,0.0460342,17.2414,10,mP4,aflowlib.duke.edu:AFLOWDATA/LIB3_WEB/AgAlTa_pv/TBCC010.CAB
Ag1Al1Ta2,aflow:614bf13273c69bde,,,0.0902907,17.6727,160,hR4,aflowlib.duke.edu:AFLOWDATA/LIB3_WEB/AgAlTa_pv/TFCC004.CAB
Ag1Al1Ta2,aflow:6a9493ea98bbda4b,,,0.058271,17.2872,47,oP4,aflowlib.duke.edu:AFLOWDATA/LIB3_WEB/AgAlTa_pv/TFCC014.CAB
Ag1Al1Ta2,aflow:7356c6d7ed9a9ab1,,,0.0359728,17.2575,71,oI8,aflowlib.duke.edu:AFLOWDATA/LIB3_WEB/AgAlTa_pv/TBCC012.CAB
Ag1Al1Ta2,aflow:75e78413644cb606,0,metal,0.302483,17.3645,225,cF16,aflowlib.duke.edu:AFLOWDATA/LIB3_WEB/AgAlTa_pv/T0001.ABC2
Ag1Al1Ta2,aflow:7ea464a3c79ac413,,,0.0203506,17.1898,123,tP4,aflowlib.duke.edu:AFLOWDATA/LIB3_WEB/AgAlTa_pv/TBCC009.CAB
Ag1Al1Ta2,aflow:8657ccd79600ca76,,,0.0706006,17.3782,6,mP4,aflowlib.duke.edu:AFLOWDATA/LIB3_WEB/AgAlTa_pv/TBCC005.CAB
Ag1Al1Ta2,aflow:b7a6c13f7333db03,,,0.0206602,17.192,123,tP4,aflowlib.duke.edu:AFLOWDATA/LIB3_WEB/AgAlTa_pv/TBCC011.CAB
Ag1Al1Ta2,aflow:bf9240714ad5e506,,,0.119559,17.8465,99,tP4,aflowlib.duke.edu:AFLOWDATA/LIB3_WEB/AgAlTa_pv/TBCC006.CAB
Ag1Al1Ta2,aflow:c348f555860e8ac1,,,-0.00663275,17.4152,99,tP4,aflowlib.duke.edu:AFLOWDATA/LIB3_WEB/AgAlTa_pv/TFCC007.CAB
Ag1Al1Ta2,aflow:c677405a69fad685,,,0.119303,17.7252,25,oP4,aflowlib.duke.edu:AFLOWDATA/LIB3_WEB/AgAlTa_pv/TFCC005.CAB
Ag1Al1Ta2,aflow:cc92855f29aa9c9c,,,0.0526478,17.3052,12,mS8,aflowlib.duke.edu:AFLOWDATA/LIB3_WEB/AgAlTa_pv/TBCC014.CAB
Ag1Al1Ta2,aflow:ccad71b0eb0196ba,,,0.0347618,17.2701,139,tI8,aflowlib.duke.edu:AFLOWDATA/LIB3_WEB/AgAlTa_pv/TFCC013.CAB
Ag1Al1Ta2,aflow:dad9b800e4356d04,,,0.319438,16.9062,123,tP4,aflowlib.duke.edu:AFLOWDATA/LIB3_WEB/AgAlTa_pv/TBCC016.CAB
Ag1Al1Ta2,aflow:edcdb581caeda001,,,-0.0156391,17.4149,35,oS8,aflowlib.duke.edu:AFLOWDATA/LIB3_WEB/AgAlTa_pv/TBCC004.CAB
Ag1Al1Ta4,aflow:ab25e9d243d53cf7,,,0.477473,19.1379,216,cF24,aflowlib.duke.edu:AFLOWDATA/LIB3_WEB/AgAlTa_pv/T0010.CAB
Ag1Al1Tc1,aflow:1c1a7ab0726218a4,,,0.0932437,15.6666,156,hP3,aflowlib.duke.edu:AFLOWDATA/LIB3_WEB/AgAlTc_pv/TFCC001.ABC
Ag1Al1Tc1,aflow:2566491c5ffbc8ab,,,0.674444,19.4076,216,cF12,aflowlib.duke.edu:AFLOWDATA/LIB3_WEB/AgAlTc_pv/T0003.BCA
Ag1Al1Tc1,aflow:2eb6a34ece08763c,,,0.135246,15.6292,44,oI6,aflowlib.duke.edu:AFLOWDATA/LIB3_WEB/AgAlTc_pv/TFCC002.ABC
Ag1Al1Tc1,aflow:360664ee238513ad,,,0.118906,15.6922,42,oF12,aflowlib.duke.edu:AFLOWDATA/LIB3_WEB/AgAlTc_pv/TBCC001.ABC
Ag1Al1Tc1,aflow:46677d02227fc661,,,0.172335,15.6295,156,hP3,aflowlib.duke.edu:AFLOWDATA/LIB3_WEB/AgAlTc_pv/TBCC002.ABC
Ag1Al1Tc1,aflow:74da86e3928870d9,,,0.484904,17.5511,216,cF12,aflowlib.duke.edu:AFLOWDATA/LIB3_WEB/AgAlTc_pv/T0003.ABC
Ag1Al1Tc1,aflow:d3143d7ac33645b9,,,0.144181,15.5325,107,tI6,aflowlib.duke.edu:AFLOWDATA/LIB3_WEB/AgAlTc_pv/TBCC003.ABC
Ag1Al1Tc1,aflow:fcac249e437d7ab7,,,0.764965,19.0296,216,cF12,aflowlib.duke.edu:AFLOWDATA/LIB3_WEB/AgAlTc_pv/T0003.CAB
Ag1Al1Tc1,aflow:fdddcef9c5581341,,,0.121992,15.6439,107,tI6,aflowlib.duke.edu:AFLOWDATA/LIB3_WEB/AgAlTc_pv/TFCC003.ABC
Ag1Al1Tc2,aflow:0dbc881327934e03,,,0.175883,15.2499,10,mP4,aflowlib.duke.edu:AFLOWDATA/LIB3_WEB/AgAlTc_pv/TFCC014.CAB
Ag1Al1Tc2,aflow:132b445128528047,,,0.136656,15.1421,44,oI8,aflowlib.duke.edu:AFLOWDATA/LIB3_WEB/AgAlTc_pv/TBCC007.CAB
Ag1Al1Tc2,aflow:1a74fffa1275ffc0,,,0.16061,15.2897,166,hR4,aflowlib.duke.edu:AFLOWDATA/LIB3_WEB/AgAlTc_pv/TFCC009.CAB
Ag1Al1Tc2,aflow:298c0e4ef99154f2,,,0.139649,15.4853,35,oS8,aflowlib.duke.edu:AFLOWDATA/LIB3_WEB/AgAlTc_pv/TBCC004.CAB
Ag1Al1Tc2,aflow:3176fceff7219ddd,,,-0.0647088,15.4266,99,tP4,aflowlib.duke.edu:AFLOWDATA/LIB3_WEB/AgAlTc_pv/TBCC006.CAB
Ag1Al1Tc2,aflow:3bfcc95d8b14d9e2,,,0.260407,15.198,123,tP4,aflowlib.duke.edu:AFLOWDATA/LIB3_WEB/AgAlTc_pv/TBCC011.CAB
Ag1Al1Tc2,aflow:5012c26323b73103,,,0.0668618,15.4547,25,oP4,aflowlib.duke.edu:AFLOWDATA/LIB3_WEB/AgAlTc_pv/TFCC005.CAB
Ag1Al1Tc2,aflow:5041b7a5531393a8,,,0.0961645,15.2794,8,mS8,aflowlib.duke.edu:AFLOWDATA/LIB3_WEB/AgAlTc_pv/TFCC006.CAB
Ag1Al1Tc2,aflow:52210708e70c5f9c,,,0.21141,15.2345,123,tP4,aflowlib.duke.edu:AFLOWDATA/LIB3_WEB/AgAlTc_pv/TFCC012.CAB
Ag1Al1Tc2,aflow:535a5d8cfc5a0c8c,,,0.222603,15.2804,12,mS8,aflowlib.duke.edu:AFLOWDATA/LIB3_WEB/AgAlTc_pv/TBCC014.CAB
Ag1Al1Tc2,aflow:556136540216db4e,,,0.22833,15.2627,65,oS8,aflowlib.duke.edu:AFLOWDATA/LIB3_WEB/AgAlTc_pv/TFCC015.CAB
Ag1Al1Tc2,aflow:6cacbe5bcc190e75,,,0.178938,15.2682,47,oP4,aflowlib.duke.edu:AFLOWDATA/LIB3_WEB/AgAlTc_pv/TBCC015.CAB
Ag1Al1Tc2,aflow:7d6634c95b432580,,,-0.0647158,15.4555,99,tP4,aflowlib.duke.edu:AFLOWDATA/LIB3_WEB/AgAlTc_pv/TFCC007.CAB
Ag1Al1Tc2,aflow:7f554ca1ba779dc1,,,0.183543,15.5806,47,oP4,aflowlib.duke.edu:AFLOWDATA/LIB3_WEB/AgAlTc_pv/TFCC010.CAB
Ag1Al1Tc2,aflow:8c3577c611f94676,0,metal,0.351201,15.1438,225,cF16,aflowlib.duke.edu:AFLOWDATA/LIB3_WEB/AgAlTc_pv/T0001.ABC2
Ag1Al1Tc2,aflow:8c7c58e4daad07cd,,,0.144235,15.4395,6,mP4,aflowlib.duke.edu:AFLOWDATA/LIB3_WEB/AgAlTc_pv/TBCC005.CAB
Ag1Al1Tc2,aflow:8f5ee4d78163694d,,,0.233542,15.2311,123,tP4,aflowlib.duke.edu:AFLOWDATA/LIB3_WEB/AgAlTc_pv/TFCC016.CAB
Ag1Al1Tc2,aflow:9ef74cb92a61fc03,0,metal,0.128832,15.1966,216,cF16,aflowlib.duke.edu:AFLOWDATA/LIB3_WEB/AgAlTc_pv/T0002.ABC2
Ag1Al1Tc2,aflow:bd1612bd07e714fd,,,0.262165,15.2783,139,tI8,aflowlib.duke.edu:AFLOWDATA/LIB3_WEB/AgAlTc_pv/TFCC013.CAB
Ag1Al1Tc2,aflow:c8c13904c3d52172,,,0.191157,15.3057,65,oS8,aflowlib.duke.edu:AFLOWDATA/LIB3_WEB/AgAlTc_pv/TBCC009.CAB
Ag1Al1Tc2,aflow:cab5b53dd4171006,,,0.312377,15.1843,123,tP4,aflowlib.duke.edu:AFLOWDATA/LIB3_WEB/AgAlTc_pv/TBCC016.CAB
Ag1Al1Tc2,aflow:e3453c87ef8455d6,,,-0.0114916,15.4575,160,hR4,aflowlib.duke.edu:AFLOWDATA/LIB3_WEB/AgAlTc_pv/TFCC004.CAB
Ag1Al1Tc2,aflow:f9f634f501165798,,,0.105301,15.0772,119,tI8,aflowlib.duke.edu:AFLOWDATA/LIB3_WEB/AgAlTc_pv/TFCC008.CAB
Ag1Al1Tc2,aflow:fb409bbd629051bb,,,0.173995,15.2996,12,mS8,aflowlib.duke.edu:AFLOWDATA/LIB3_WEB/AgAlTc_pv/TFCC011.CAB
Ag1Al1Tc2,aflow:fc6c5e3dd4c9726a,,,0.172926,15.2911,71,oI8,aflowlib.duke.edu:AFLOWDATA/LIB3_WEB/AgAlTc_pv/TBCC012.CAB
Ag1Al1Tc2,aflow:fe153c3f1e723f80,,,0.211993,15.3721,10,mP4,aflowlib.duke.edu:AFLOWDATA/LIB3_WEB/AgAlTc_pv/TBCC010.CAB
Ag1Al1Tc4,aflow:231f4f3d00633848,,,0.376848,16.0686,216,cF24,aflowlib.duke.edu:AFLOWDATA/LIB3_WEB/AgAlTc_pv/T0010.CAB
Ag1Al1Te1,aflow:0ac6505535ccd591,,,-0.0179368,23.3727,156,hP3,aflowlib.duke.edu:AFLOWDATA/LIB3_WEB/AgAlTe/TBCC002.ABC
Ag1Al1Te1,aflow:1b8d4f6f93106506,,,-0.0128193,23.5748,156,hP3,aflowlib.duke.edu:AFLOWDATA/LIB3_WEB/AgAlTe/TFCC001.ABC
Ag1Al1Te1,aflow:2342b984250d1c16,,,0.178945,21.962,107,tI6,aflowlib.duke.edu:AFLOWDATA/LIB3_WEB/AgAlTe/TFCC003.ABC
Ag1Al1Te1,aflow:300c87dd906b3d1c,,,0.2126,27.4208,216,cF12,aflowlib.duke.edu:AFLOWDATA/LIB3_WEB/AgAlTe/T0003.BCA
Ag1Al1Te1,aflow:3f680b17b5db4f32,,,0.164201,22.3719,44,oI6,aflowlib.duke.edu:AFLOWDATA/LIB3_WEB/AgAlTe/TFCC002.ABC
Ag1Al1Te1,aflow:7714bb7efc2b4a05,,,0.136957,24.6397,216,cF12,aflowlib.duke.edu:AFLOWDATA/LIB3_WEB/AgAlTe/T0003.ABC
Ag1Al1Te1,aflow:c68173143b445a6f,,,0.090117,25.5882,216,cF12,aflowlib.duke.edu:AFLOWDATA/LIB3_WEB/AgAlTe/T0003.CAB
Ag1Al1Te1,aflow:c807b4e3dbae876e,,,0.182462,22.1829,42,oF12,aflowlib.duke.edu:AFLOWDATA/LIB3_WEB/AgAlTe/TBCC001.ABC
Ag1Al1Te1,aflow:db8eb099429bc9ee,,,0.161094,22.6509,107,tI6,aflowlib.duke.edu:AFLOWDATA/LIB3_WEB/AgAlTe/TBCC003.ABC
Ag1Al1Te2,aflow:003dc18a25d360dc,,,0.324142,24.4626,216,cF16,aflowlib.duke.edu:AFLOWDATA/LIB3_WEB/AgAlTe/T0002.ABC2
Ag1Al1Te2,aflow:0b4aa59c3d42e34b,,,-0.250607,30.8056,6,mP4,aflowlib.duke.edu:AFLOWDATA/LIB3_WEB/AgAlTe/TBCC005.CAB
Ag1Al1Te2,aflow:12779dc445c22a59,,,-0.148305,25.0227,123,tP4,aflowlib.duke.edu:AFLOWDATA/LIB3_WEB/AgAlTe/TFCC014.CAB
Ag1Al1Te2,aflow:13cd5b3dfe167aee,,,0.134549,24.7047,35,oS8,aflowlib.duke.edu:AFLOWDATA/LIB3_WEB/AgAlTe/TBCC004.CAB
Ag1Al1Te2,aflow:238ac86f4d6ad084,,,0.170549,24.5169,123,tP4,aflowlib.duke.edu:AFLOWDATA/LIB3_WEB/AgAlTe/TBCC016.CAB
Ag1Al1Te2,aflow:32943c74b6c83ef1,,,-0.0810305,26.5986,8,mP4,aflowlib.duke.edu:AFLOWDATA/LIB3_WEB/AgAlTe/TFCC006.CAB
Ag1Al1Te2,aflow:36a542c257e546d8,,,0.175698,24.0622,123,tP4,aflowlib.duke.edu:AFLOWDATA/LIB3_WEB/AgAlTe/TBCC011.CAB
Ag1Al1Te2,aflow:43c570b72a452082,,,0.201898,23.6984,225,cF16,aflowlib.duke.edu:AFLOWDATA/LIB3_WEB/AgAlTe/T0001.ABC2
Ag1Al1Te2,aflow:4c4370e427fb7bb0,,,0.158927,24.4937,47,oP4,aflowlib.duke.edu:AFLOWDATA/LIB3_WEB/AgAlTe/TFCC010.CAB
Ag1Al1Te2,aflow:55c3a7481b0e21e0,,,0.0200361,26.0026,123,tP4,aflowlib.duke.edu:AFLOWDATA/LIB3_WEB/AgAlTe/TBCC014.CAB
Ag1Al1Te2,aflow:5e9645c8173095c7,,,0.126745,26.8845,119,tI8,aflowlib.duke.edu:AFLOWDATA/LIB3_WEB/AgAlTe/TFCC008.CAB
Ag1Al1Te2,aflow:6122f2a5e3377eb4,,,-0.1487,27.5669,99,tP4,aflowlib.duke.edu:AFLOWDATA/LIB3_WEB/AgAlTe/TFCC005.CAB
Ag1Al1Te2,aflow:6692561554173f5e,,,0.126645,30.8118,47,oP4,aflowlib.duke.edu:AFLOWDATA/LIB3_WEB/AgAlTe/TBCC015.CAB
Ag1Al1Te2,aflow:6f29b1a3eff86c1f,,,-0.213644,25.1007,166,hR4,aflowlib.duke.edu:AFLOWDATA/LIB3_WEB/AgAlTe/TFCC009.CAB
Ag1Al1Te2,aflow:739d07a14f1446ef,,,0.186019,24.2204,139,tI8,aflowlib.duke.edu:AFLOWDATA/LIB3_WEB/AgAlTe/TFCC013.CAB
Ag1Al1Te2,aflow:7a6ab0ac994cbb12,,,0.174375,24.1208,123,tP4,aflowlib.duke.edu:AFLOWDATA/LIB3_WEB/AgAlTe/TFCC012.CAB
Ag1Al1Te2,aflow:7e9e953e1ae3e802,,,0.17199,24.6111,123,tP4,aflowlib.duke.edu:AFLOWDATA/LIB3_WEB/AgAlTe/TFCC015.CAB
Ag1Al1Te2,aflow:81e93a63cba2ac62,,,0.142248,25.2175,99,tP4,aflowlib.duke.edu:AFLOWDATA/LIB3_WEB/AgAlTe/TFCC007.CAB
Ag1Al1Te2,aflow:83eca4f2de6c03a8,,,0.0786351,31.7426,71,oI8,aflowlib.duke.edu:AFLOWDATA/LIB3_WEB/AgAlTe/TBCC012.CAB
Ag1Al1Te2,aflow:844e29df80eee963,,,-0.212888,25.0984,12,mS8,aflowlib.duke.edu:AFLOWDATA/LIB3_WEB/AgAlTe/TFCC011.CAB
Ag1Al1Te2,aflow:a9483563d2b33d7a,,,-0.0107822,25.6664,44,oI8,aflowlib.duke.edu:AFLOWDATA/LIB3_WEB/AgAlTe/TBCC007.CAB
Ag1Al1Te2,aflow:ab0c37df2dc32331,,,-0.147649,27.9132,99,tP4,aflowlib.duke.edu:AFLOWDATA/LIB3_WEB/AgAlTe/TBCC006.CAB
Ag1Al1Te2,aflow:c81945195c76c0b4,,,0.181707,23.5968,123,tP4,aflowlib.duke.edu:AFLOWDATA/LIB3_WEB/AgAlTe/TFCC016.CAB
Ag1Al1Te2,aflow:dfaf6c686caea451,,,0.0559297,25.8477,10,mP4,aflowlib.duke.edu:AFLOWDATA/LIB3_WEB/AgAlTe/TBCC010.CAB
Ag1Al1Te2,aflow:df310e49aa96638a,,,0.245076,24.6071,65,oS8,aflowlib.duke.edu:AFLOWDATA/LIB3_WEB/AgAlTe/TBCC009.CAB
Ag1Al1Te2,aflow:e0d854f529fd4cb0,,,0.035233,25.8737,160,hR4,aflowlib.duke.edu:AFLOWDATA/LIB3_WEB/AgAlTe/TFCC004.CAB
Ag1Al1Te4,aflow:775dfd83ad50b037,,,0.522639,30.4812,216,cF24,aflowlib.duke.edu:AFLOWDATA/LIB3_WEB/AgAlTe/T0010.CAB
Ag1Al1Ti1,aflow:142bd73549a2ad18,,,-0.210095,16.51,107,tI6,aflowlib.duke.edu:AFLOWDATA/LIB3_WEB/AgAlTi_sv/TFCC003.ABC
Ag1Al1Ti1,aflow:18da9b0e3be8cc87,,,0.061759,19.1433,216,cF12,aflowlib.duke.edu:AFLOWDATA/LIB3_WEB/AgAlTi_sv/T0003.CAB
Ag1Al1Ti1,aflow:281bad893e277e4b,,,-0.210147,16.5984,107,tI6,aflowlib.duke.edu:AFLOWDATA/LIB3_WEB/AgAlTi_sv/TBCC003.ABC
Ag1Al1Ti1,aflow:79df3cd66952e1f1,,,-0.051298,16.864,156,hP3,aflowlib.duke.edu:AFLOWDATA/LIB3_WEB/AgAlTi_sv/TFCC001.ABC
Ag1Al1Ti1,aflow:7d9ac194443e0dfa,,,0.2395,19.3953,216,cF12,aflowlib.duke.edu:AFLOWDATA/LIB3_WEB/AgAlTi_sv/T0003.ABC
Ag1Al1Ti1,aflow:87db66805b3216c3,,,0.421572,20.2367,216,cF12,aflowlib.duke.edu:AFLOWDATA/LIB3_WEB/AgAlTi_sv/T0003.BCA
Ag1Al1Ti1,aflow:9480f9f52ad6771e,,,-0.020038,16.8486,44,oI6,aflowlib.duke.edu:AFLOWDATA/LIB3_WEB/AgAlTi_sv/TFCC002.ABC
Ag1Al1Ti1,aflow:d172b0523f5cc35b,,,-0.209947,16.5963,107,tI6,aflowlib.duke.edu:AFLOWDATA/LIB3_WEB/AgAlTi_sv/TBCC001.ABC
Ag1Al1Ti1,aflow:d74a6597b853d32b,,,-0.167337,16.9031,156,hP3,aflowlib.duke.edu:AFLOWDATA/LIB3_WEB/AgAlTi_sv/TBCC002.ABC
Ag1Al1Ti2,aflow:04c4a19ffa8425c3,,,-0.0578504,16.9447,10,mP4,aflowlib.duke.edu:AFLOWDATA/LIB3_WEB/AgAlTi_sv/TFCC014.CAB
Ag1Al1Ti2,aflow:099dbe15ac3b20a1,,,-0.0673825,16.8564,12,mS8,aflowlib.duke.edu:AFLOWDATA/LIB3_WEB/AgAlTi_sv/TFCC011.CAB
Ag1Al1Ti2,aflow:12c89b55882cfc1d,,,-0.161836,16.6912,65,oS8,aflowlib.duke.edu:AFLOWDATA/LIB3_WEB/AgAlTi_sv/TFCC015.CAB
Ag1Al1Ti2,aflow:2aa483bfae1376e8,,,-0.161589,16.6743,10,mP4,aflowlib.duke.edu:AFLOWDATA/LIB3_WEB/AgAlTi_sv/TBCC010.CAB
Ag1Al1Ti2,aflow:2d74dbf045335f2f,,,-0.071676,16.8779,119,tI8,aflowlib.duke.edu:AFLOWDATA/LIB3_WEB/AgAlTi_sv/TFCC008.CAB
Ag1Al1Ti2,aflow:42537cb77bdaa4f5,,,-0.186157,16.6326,123,tP4,aflowlib.duke.edu:AFLOWDATA/LIB3_WEB/AgAlTi_sv/TFCC012.CAB
Ag1Al1Ti2,aflow:44d23a5589d04d64,0,metal,-0.0129323,17.0802,216,cF16,aflowlib.duke.edu:AFLOWDATA/LIB3_WEB/AgAlTi_sv/T0002.ABC2
Ag1Al1Ti2,aflow:44d23a5589d04d64,0,metal,-0.0129323,17.0802,216,cF16,aflowlib.duke.edu:AFLOWDATA/LIB3_WEB/AgAlTi_sv/T0002.ABC2
Ag1Al1Ti2,aflow:4ad3dbc7b7b5c251,,,-0.167523,16.6405,139,tI8,aflowlib.duke.edu:AFLOWDATA/LIB3_WEB/AgAlTi_sv/TFCC013.CAB
Ag1Al1Ti2,aflow:4b88f3c84610b99d,,,-0.13066,16.8359,44,oI8,aflowlib.duke.edu:AFLOWDATA/LIB3_WEB/AgAlTi_sv/TBCC007.CAB
Ag1Al1Ti2,aflow:5136ba155ef46c1e,,,-0.161223,16.6239,71,oI8,aflowlib.duke.edu:AFLOWDATA/LIB3_WEB/AgAlTi_sv/TBCC012.CAB
Ag1Al1Ti2,aflow:537323627b29b7cb,,,-0.161399,16.6937,12,mS8,aflowlib.duke.edu:AFLOWDATA/LIB3_WEB/AgAlTi_sv/TBCC014.CAB
Ag1Al1Ti2,aflow:56c322fb362ee5f9,,,-0.0687288,17.138,160,hR4,aflowlib.duke.edu:AFLOWDATA/LIB3_WEB/AgAlTi_sv/TFCC004.CAB
Ag1Al1Ti2,aflow:59aa36281785d8d0,0,metal,-0.0859026,16.9723,225,cF16,aflowlib.duke.edu:AFLOWDATA/LIB3_WEB/AgAlTi_sv/T0001.ABC2
Ag1Al1Ti2,aflow:7282a1223c899a2f,,,-0.16083,16.7681,47,oP4,aflowlib.duke.edu:AFLOWDATA/LIB3_WEB/AgAlTi_sv/TFCC010.CAB
Ag1Al1Ti2,aflow:761ba77c96b0ae49,,,-0.14504,16.7769,6,mP4,aflowlib.duke.edu:AFLOWDATA/LIB3_WEB/AgAlTi_sv/TBCC005.CAB
Ag1Al1Ti2,aflow:7dbb3189eee871f9,,,-0.159584,16.8545,99,tP4,aflowlib.duke.edu:AFLOWDATA/LIB3_WEB/AgAlTi_sv/TBCC004.CAB
Ag1Al1Ti2,aflow:7e1cb1d01524f710,,,-0.157808,16.7215,123,tP4,aflowlib.duke.edu:AFLOWDATA/LIB3_WEB/AgAlTi_sv/TFCC016.CAB
Ag1Al1Ti2,aflow:8082c871650c9586,,,-0.160283,16.8159,99,tP4,aflowlib.duke.edu:AFLOWDATA/LIB3_WEB/AgAlTi_sv/TFCC007.CAB
Ag1Al1Ti2,aflow:9becc5d302f1948a,,,-0.185099,16.6217,123,tP4,aflowlib.duke.edu:AFLOWDATA/LIB3_WEB/AgAlTi_sv/TBCC011.CAB
Ag1Al1Ti2,aflow:9ca4c8544b3d12c6,,,-0.0178837,16.8732,166,hR4,aflowlib.duke.edu:AFLOWDATA/LIB3_WEB/AgAlTi_sv/TFCC009.CAB
Ag1Al1Ti2,aflow:a1a2466a30bdfe8b,,,-0.111862,16.9007,25,oP4,aflowlib.duke.edu:AFLOWDATA/LIB3_WEB/AgAlTi_sv/TFCC005.CAB
Ag1Al1Ti2,aflow:b22dff5c0f226260,,,-0.0706225,17.0136,123,tP4,aflowlib.duke.edu:AFLOWDATA/LIB3_WEB/AgAlTi_sv/TBCC016.CAB
Ag1Al1Ti2,aflow:c1bb032ae8ebdb86,,,-0.152853,16.822,8,mS8,aflowlib.duke.edu:AFLOWDATA/LIB3_WEB/AgAlTi_sv/TFCC006.CAB
Ag1Al1Ti2,aflow:e15004414e2232f2,,,-0.159744,16.7867,99,tP4,aflowlib.duke.edu:AFLOWDATA/LIB3_WEB/AgAlTi_sv/TBCC006.CAB
Ag1Al1Ti2,aflow:ee509423dae16daa,,,-0.185418,16.5763,123,tP4,aflowlib.duke.edu:AFLOWDATA/LIB3_WEB/AgAlTi_sv/TBCC009.CAB
Ag1Al1Ti2,aflow:fdfd769eaed5cdc2,,,-0.156343,16.6918,47,oP4,aflowlib.duke.edu:AFLOWDATA/LIB3_WEB/AgAlTi_sv/TBCC015.CAB
Ag1Al1Ti4,aflow:1c22c6d30a38fdc6,,,0.171383,17.0173,216,cF24,aflowlib.duke.edu:AFLOWDATA/LIB3_WEB/AgAlTi_sv/T0010.CAB
Ag1Al1Tl1,aflow:5b92508444e2cc65,,,0.151039,21.9237,44,oI6,aflowlib.duke.edu:AFLOWDATA/LIB3_WEB/AgAlTl_d/TFCC002.ABC
Ag1Al1Tl1,aflow:5e500555275d0ae0,,,0.144272,21.738,107,tI6,aflowlib.duke.edu:AFLOWDATA/LIB3_WEB/AgAlTl_d/TFCC003.ABC
Ag1Al1Tl1,aflow:92c379dfe9a19095,,,0.347173,24.2959,216,cF12,aflowlib.duke.edu:AFLOWDATA/LIB3_WEB/AgAlTl_d/T0003.BCA
Ag1Al1Tl1,aflow:96559c055ea6066f,,,0.151877,21.3402,156,hP3,aflowlib.duke.edu:AFLOWDATA/LIB3_WEB/AgAlTl_d/TFCC001.ABC
Ag1Al1Tl1,aflow:a3021f013a174b46,,,0.205983,23.3086,216,cF12,aflowlib.duke.edu:AFLOWDATA/LIB3_WEB/AgAlTl_d/T0003.ABC
Ag1Al1Tl1,aflow:c6579651f4aad971,,,0.145434,21.8286,107,tI6,aflowlib.duke.edu:AFLOWDATA/LIB3_WEB/AgAlTl_d/TBCC003.ABC
Ag1Al1Tl1,aflow:c994c3aed7ed30d0,,,0.204426,23.7122,216,cF12,aflowlib.duke.edu:AFLOWDATA/LIB3_WEB/AgAlTl_d/T0003.CAB
Ag1Al1Tl1,aflow:e15c632fd7897061,,,0.206527,22.4853,156,hP3,aflowlib.duke.edu:AFLOWDATA/LIB3_WEB/AgAlTl_d/TBCC002.ABC
Ag1Al1Tl1,aflow:eb5aff0c613d043d,,,0.146122,21.8195,42,oF12,aflowlib.duke.edu:AFLOWDATA/LIB3_WEB/AgAlTl_d/TBCC001.ABC
Ag1Al1Tl2,aflow:0048ac32a258876c,,,0.142364,24.2652,160,hR4,aflowlib.duke.edu:AFLOWDATA/LIB3_WEB/AgAlTl_d/TFCC004.CAB
Ag1Al1Tl2,aflow:073f6dc70a4c75c9,,,0.091842,24.394,99,tP4,aflowlib.duke.edu:AFLOWDATA/LIB3_WEB/AgAlTl_d/TFCC007.CAB
Ag1Al1Tl2,aflow:1412d2e8a34f8ab9,,,0.239461,23.9324,10,mP4,aflowlib.duke.edu:AFLOWDATA/LIB3_WEB/AgAlTl_d/TFCC014.CAB
Ag1Al1Tl2,aflow:2d1e0bdee15d6618,,,0.259286,24.3126,47,oP4,aflowlib.duke.edu:AFLOWDATA/LIB3_WEB/AgAlTl_d/TBCC015.CAB
Ag1Al1Tl2,aflow:5288930d95e496d1,,,0.0942019,24.3788,99,tP4,aflowlib.duke.edu:AFLOWDATA/LIB3_WEB/AgAlTl_d/TBCC004.CAB
Ag1Al1Tl2,aflow:5b0e4f2865e96e88,,,0.171345,24.2131,44,oI8,aflowlib.duke.edu:AFLOWDATA/LIB3_WEB/AgAlTl_d/TBCC007.CAB
Ag1Al1Tl2,aflow:685397a0fe2d99d7,,,0.237536,23.9016,123,tP4,aflowlib.duke.edu:AFLOWDATA/LIB3_WEB/AgAlTl_d/TBCC011.CAB
Ag1Al1Tl2,aflow:6c42efec59aa691b,,,0.257423,24.1906,12,mS8,aflowlib.duke.edu:AFLOWDATA/LIB3_WEB/AgAlTl_d/TBCC014.CAB
Ag1Al1Tl2,aflow:7265e970fef4fcda,,,0.24247,23.8759,119,tI8,aflowlib.duke.edu:AFLOWDATA/LIB3_WEB/AgAlTl_d/TFCC008.CAB
Ag1Al1Tl2,aflow:7e5c61f533f7fc55,,,0.238929,24.0057,10,mP4,aflowlib.duke.edu:AFLOWDATA/LIB3_WEB/AgAlTl_d/TBCC010.CAB
Ag1Al1Tl2,aflow:963ad947850da445,,,0.0917793,24.3092,99,tP4,aflowlib.duke.edu:AFLOWDATA/LIB3_WEB/AgAlTl_d/TBCC006.CAB
Ag1Al1Tl2,aflow:9fbd69deab6bb2f9,,,0.229774,23.7437,65,oS8,aflowlib.duke.edu:AFLOWDATA/LIB3_WEB/AgAlTl_d/TFCC015.CAB
Ag1Al1Tl2,aflow:b24e7a0945c0a69f,,,0.253903,24.1012,65,oS8,aflowlib.duke.edu:AFLOWDATA/LIB3_WEB/AgAlTl_d/TBCC009.CAB
Ag1Al1Tl2,aflow:b69b22e48fa9af89,,,0.152539,24.178,6,mP4,aflowlib.duke.edu:AFLOWDATA/LIB3_WEB/AgAlTl_d/TBCC005.CAB
Ag1Al1Tl2,aflow:be38343ea2d4f8d6,,,0.241569,23.9474,225,cF16,aflowlib.duke.edu:AFLOWDATA/LIB3_WEB/AgAlTl_d/T0001.ABC2
Ag1Al1Tl2,aflow:c070b9da4d25f6c0,,,0.231594,23.7305,123,tP4,aflowlib.duke.edu:AFLOWDATA/LIB3_WEB/AgAlTl_d/TFCC012.CAB
Ag1Al1Tl2,aflow:c424dffc3891c2f5,,,0.166332,23.9891,8,mS8,aflowlib.duke.edu:AFLOWDATA/LIB3_WEB/AgAlTl_d/TFCC006.CAB
Ag1Al1Tl2,aflow:cd3c81e11b7f1650,,,0.0954748,24.415,25,oP4,aflowlib.duke.edu:AFLOWDATA/LIB3_WEB/AgAlTl_d/TFCC005.CAB
Ag1Al1Tl2,aflow:d41e30603f4b7fb9,,,0.237236,23.8076,139,tI8,aflowlib.duke.edu:AFLOWDATA/LIB3_WEB/AgAlTl_d/TFCC013.CAB
Ag1Al1Tl2,aflow:d5bb674dffdc3d5f,,,0.260951,24.2115,71,oI8,aflowlib.duke.edu:AFLOWDATA/LIB3_WEB/AgAlTl_d/TBCC012.CAB
Ag1Al1Tl2,aflow:e6bb686a1f2a4dea,,,0.274485,24.4046,216,cF16,aflowlib.duke.edu:AFLOWDATA/LIB3_WEB/AgAlTl_d/T0002.ABC2
Ag1Al1Tl2,aflow:e82bd5aa919416cc,,,0.228266,23.6982,166,hR4,aflowlib.duke.edu:AFLOWDATA/LIB3_WEB/AgAlTl_d/TFCC009.CAB
Ag1Al1Tl2,aflow:eed75c01b40d829d,,,0.240246,23.6657,12,mS8,aflowlib.duke.edu:AFLOWDATA/LIB3_WEB/AgAlTl_d/TFCC011.CAB
Ag1Al1Tl2,aflow:f4ff66df7866109f,,,0.234264,23.6832,47,oP4,aflowlib.duke.edu:AFLOWDATA/LIB3_WEB/AgAlTl_d/TFCC010.CAB
Ag1Al1Tl2,aflow:fe745b79539db223,,,0.23871,23.7443,123,tP4,aflowlib.duke.edu:AFLOWDATA/LIB3_WEB/AgAlTl_d/TFCC016.CAB
Ag1Al1Tl2,aflow:fe57c88c5d8f815b,,,0.23627,23.932,123,tP4,aflowlib.duke.edu:AFLOWDATA/LIB3_WEB/AgAlTl_d/TBCC016.CAB
Ag1Al1Tl4,aflow:a6f7261e128fdda4,,,0.431924,29.6736,216,cF24,aflowlib.duke.edu:AFLOWDATA/LIB3_WEB/AgAlTl_d/T0010.CAB
Ag1Al1V1,aflow:01a46985aba30593,,,0.00433173,15.3811,42,oF12,aflowlib.duke.edu:AFLOWDATA/LIB3_WEB/AgAlV_sv/TBCC001.ABC
Ag1Al1V1,aflow:1db0f617e8b460ee,,,5.2e-05,15.4016,107,tI6,aflowlib.duke.edu:AFLOWDATA/LIB3_WEB/AgAlV_sv/TBCC003.ABC
Ag1Al1V1,aflow:20be0b29ee76a8fe,,,0.508327,18.3498,216,cF12,aflowlib.duke.edu:AFLOWDATA/LIB3_WEB/AgAlV_sv/T0003.CAB
Ag1Al1V1,aflow:22d1e0bf61da7e48,,,0.692004,19.5526,216,cF12,aflowlib.duke.edu:AFLOWDATA/LIB3_WEB/AgAlV_sv/T0003.BCA
Ag1Al1V1,aflow:641c2dc4ca0ce939,,,0.208393,16.1153,44,oI6,aflowlib.duke.edu:AFLOWDATA/LIB3_WEB/AgAlV_sv/TFCC002.ABC
Ag1Al1V1,aflow:75572e211b12903f,,,0.507568,18.6779,216,cF12,aflowlib.duke.edu:AFLOWDATA/LIB3_WEB/AgAlV_sv/T0003.ABC
Ag1Al1V1,aflow:b5ad95cc9db035b6,,,0.11062,15.6491,156,hP3,aflowlib.duke.edu:AFLOWDATA/LIB3_WEB/AgAlV_sv/TFCC001.ABC
Ag1Al1V1,aflow:c57152543867696f,,,0.129337,16.164,156,hP3,aflowlib.duke.edu:AFLOWDATA/LIB3_WEB/AgAlV_sv/TBCC002.ABC
Ag1Al1V1,aflow:efa5d1cc8cb20ab8,,,-0.000716667,15.3956,107,tI6,aflowlib.duke.edu:AFLOWDATA/LIB3_WEB/AgAlV_sv/TFCC003.ABC
Ag1Al1V2,aflow:0e6af5e94b975c31,,,0.0448417,14.7339,123,tP4,aflowlib.duke.edu:AFLOWDATA/LIB3_WEB/AgAlV_sv/TFCC016.CAB
Ag1Al1V2,aflow:249633cc1026a7ba,,,0.20022,15.1058,166,hR4,aflowlib.duke.edu:AFLOWDATA/LIB3_WEB/AgAlV_sv/TFCC009.CAB
Ag1Al1V2,aflow:2a2fef8d50a267ea,,,0.260332,14.9886,216,cF16,aflowlib.duke.edu:AFLOWDATA/LIB3_WEB/AgAlV_sv/TBCC008.CAB
Ag1Al1V2,aflow:34810291346257a3,,,0.317583,15.2133,123,tP4,aflowlib.duke.edu:AFLOWDATA/LIB3_WEB/AgAlV_sv/TBCC016.CAB
Ag1Al1V2,aflow:44a1dd84fd1faea5,,,0.0274385,14.6734,71,oI8,aflowlib.duke.edu:AFLOWDATA/LIB3_WEB/AgAlV_sv/TBCC012.CAB
Ag1Al1V2,aflow:544b5ba06b06455c,,,0.302822,15.1832,225,cF16,aflowlib.duke.edu:AFLOWDATA/LIB3_WEB/AgAlV_sv/TBCC013.CAB
Ag1Al1V2,aflow:5691961e521d1eae,,,0.026218,14.6855,139,tI8,aflowlib.duke.edu:AFLOWDATA/LIB3_WEB/AgAlV_sv/TFCC013.CAB
Ag1Al1V2,aflow:57520e3e2db1d6d1,,,0.0604802,14.8247,47,oP4,aflowlib.duke.edu:AFLOWDATA/LIB3_WEB/AgAlV_sv/TFCC010.CAB
Ag1Al1V2,aflow:5dd2e1f0d2d37d8b,,,0.0801257,14.9674,6,mP4,aflowlib.duke.edu:AFLOWDATA/LIB3_WEB/AgAlV_sv/TBCC005.CAB
Ag1Al1V2,aflow:63bf5725d6bee05a,,,0.0265435,14.7014,71,oI8,aflowlib.duke.edu:AFLOWDATA/LIB3_WEB/AgAlV_sv/TFCC011.CAB
Ag1Al1V2,aflow:6784c52b837efb73,,,0.100761,15.1134,44,oI8,aflowlib.duke.edu:AFLOWDATA/LIB3_WEB/AgAlV_sv/TBCC007.CAB
Ag1Al1V2,aflow:6b2827668537d5e4,,,0.154434,15.1192,160,hR4,aflowlib.duke.edu:AFLOWDATA/LIB3_WEB/AgAlV_sv/TFCC004.CAB
Ag1Al1V2,aflow:80defe2bd62b37e8,,,0.117265,15.1115,8,mS8,aflowlib.duke.edu:AFLOWDATA/LIB3_WEB/AgAlV_sv/TFCC006.CAB
Ag1Al1V2,aflow:88cda5f10d073cfb,0,metal,0.260357,14.9912,216,cF16,aflowlib.duke.edu:AFLOWDATA/LIB3_WEB/AgAlV_sv/T0002.ABC2
Ag1Al1V2,aflow:8f9ebc1559562f6d,,,0.082758,14.8296,65,oS8,aflowlib.duke.edu:AFLOWDATA/LIB3_WEB/AgAlV_sv/TFCC015.CAB
Ag1Al1V2,aflow:8f6615852349ef83,,,0.0826527,14.8183,12,mS8,aflowlib.duke.edu:AFLOWDATA/LIB3_WEB/AgAlV_sv/TBCC014.CAB
Ag1Al1V2,aflow:a34658bdbbb0a454,,,0.302611,15.156,225,cF16,aflowlib.duke.edu:AFLOWDATA/LIB3_WEB/AgAlV_sv/T0001.ABC2
Ag1Al1V2,aflow:a46ff4d891df038a,,,0.0661245,14.796,123,tP4,aflowlib.duke.edu:AFLOWDATA/LIB3_WEB/AgAlV_sv/TFCC012.CAB
Ag1Al1V2,aflow:a46b0fe8b47daf3b,,,0.065048,14.7898,123,tP4,aflowlib.duke.edu:AFLOWDATA/LIB3_WEB/AgAlV_sv/TBCC011.CAB
Ag1Al1V2,aflow:a54c0762ee8c8217,,,0.045631,14.7241,47,oP4,aflowlib.duke.edu:AFLOWDATA/LIB3_WEB/AgAlV_sv/TBCC015.CAB
Ag1Al1V2,aflow:a6faab3772763f71,,,0.0604715,14.8258,10,mP4,aflowlib.duke.edu:AFLOWDATA/LIB3_WEB/AgAlV_sv/TBCC010.CAB
Ag1Al1V2,aflow:a66361f999146a35,,,0.022877,15.0672,99,tP4,aflowlib.duke.edu:AFLOWDATA/LIB3_WEB/AgAlV_sv/TBCC006.CAB
Ag1Al1V2,aflow:b0b05b097a9c3cb1,,,0.0353695,14.9717,35,oS8,aflowlib.duke.edu:AFLOWDATA/LIB3_WEB/AgAlV_sv/TBCC004.CAB
Ag1Al1V2,aflow:b050bd045b64fa1c,,,0.0226362,15.0991,99,tP4,aflowlib.duke.edu:AFLOWDATA/LIB3_WEB/AgAlV_sv/TFCC005.CAB
Ag1Al1V2,aflow:b4c7d60dccedfdc9,,,0.0646032,14.8277,123,tP4,aflowlib.duke.edu:AFLOWDATA/LIB3_WEB/AgAlV_sv/TBCC009.CAB
Ag1Al1V2,aflow:cba52a323cd61a9e,,,0.0579458,15.0148,99,tP4,aflowlib.duke.edu:AFLOWDATA/LIB3_WEB/AgAlV_sv/TFCC007.CAB
Ag1Al1V2,aflow:d9ef18bfb292e638,,,0.0454557,14.7359,10,mP4,aflowlib.duke.edu:AFLOWDATA/LIB3_WEB/AgAlV_sv/TFCC014.CAB
Ag1Al1V2,aflow:eb981df847b4d928,,,0.171416,15.0094,119,tI8,aflowlib.duke.edu:AFLOWDATA/LIB3_WEB/AgAlV_sv/TFCC008.CAB
Ag1Al1V4,aflow:97ff6af6b5ee3eb0,,,0.198222,14.6483,216,cF24,aflowlib.duke.edu:AFLOWDATA/LIB3_WEB/AgAlV_sv/T0010.CAB
Ag1Al1W1,aflow:22bcec6a1ecc4210,,,0.18078,16.1923,42,oF12,aflowlib.duke.edu:AFLOWDATA/LIB3_WEB/AgAlW_pv/TBCC001.ABC
Ag1Al1W1,aflow:2e0edd608e9e746f,,,0.185937,16.2902,156,hP3,aflowlib.duke.edu:AFLOWDATA/LIB3_WEB/AgAlW_pv/TFCC001.ABC
Ag1Al1W1,aflow:38fceb3fab9ca5dd,,,0.397745,16.1641,156,hP3,aflowlib.duke.edu:AFLOWDATA/LIB3_WEB/AgAlW_pv/TBCC002.ABC
Ag1Al1W1,aflow:39322320a315e6bf,,,0.97207,18.5999,216,cF12,aflowlib.duke.edu:AFLOWDATA/LIB3_WEB/AgAlW_pv/T0003.ABC
Ag1Al1W1,aflow:415f913939b29116,,,1.09914,19.1348,216,cF12,aflowlib.duke.edu:AFLOWDATA/LIB3_WEB/AgAlW_pv/T0003.CAB
Ag1Al1W1,aflow:578d7d7eb17d24dc,,,0.198804,16.1071,107,tI6,aflowlib.duke.edu:AFLOWDATA/LIB3_WEB/AgAlW_pv/TFCC003.ABC
Ag1Al1W1,aflow:78f6908117f33243,,,1.14776,20.0758,216,cF12,aflowlib.duke.edu:AFLOWDATA/LIB3_WEB/AgAlW_pv/T0003.BCA
Ag1Al1W1,aflow:80709c73832115c1,,,0.200279,16.1402,107,tI6,aflowlib.duke.edu:AFLOWDATA/LIB3_WEB/AgAlW_pv/TFCC002.ABC
Ag1Al1W1,aflow:ba64e1ab8438f709,,,0.199003,16.1466,107,tI6,aflowlib.duke.edu:AFLOWDATA/LIB3_WEB/AgAlW_pv/TBCC003.ABC
Ag1Al1W2,aflow:055853c20ba173ed,,,0.304878,16.1028,47,oP4,aflowlib.duke.edu:AFLOWDATA/LIB3_WEB/AgAlW_pv/TBCC015.CAB
Ag1Al1W2,aflow:063ae8e6cb50ea27,,,0.327165,16.0156,123,tP4,aflowlib.duke.edu:AFLOWDATA/LIB3_WEB/AgAlW_pv/TFCC012.CAB
Ag1Al1W2,aflow:09ebb5283fe19566,,,0.329058,16.0513,65,oS8,aflowlib.duke.edu:AFLOWDATA/LIB3_WEB/AgAlW_pv/TFCC015.CAB
Ag1Al1W2,aflow:114ca6a63a5bf50a,,,0.407076,16.2091,216,cF16,aflowlib.duke.edu:AFLOWDATA/LIB3_WEB/AgAlW_pv/TBCC008.CAB
Ag1Al1W2,aflow:1824a417e7b4c743,,,0.227462,16.1976,6,mP4,aflowlib.duke.edu:AFLOWDATA/LIB3_WEB/AgAlW_pv/TBCC005.CAB
Ag1Al1W2,aflow:281c29d6d499445e,,,0.156044,16.277,35,oS8,aflowlib.duke.edu:AFLOWDATA/LIB3_WEB/AgAlW_pv/TBCC004.CAB
Ag1Al1W2,aflow:3772a1910b2cdca2,,,0.341652,16.2671,166,hR4,aflowlib.duke.edu:AFLOWDATA/LIB3_WEB/AgAlW_pv/TFCC009.CAB
Ag1Al1W2,aflow:5967d97a1b1260c9,,,0.27639,16.197,99,tP4,aflowlib.duke.edu:AFLOWDATA/LIB3_WEB/AgAlW_pv/TFCC007.CAB
Ag1Al1W2,aflow:5b5c98a42168b7be,,,0.359946,16.4426,25,oP4,aflowlib.duke.edu:AFLOWDATA/LIB3_WEB/AgAlW_pv/TFCC005.CAB
Ag1Al1W2,aflow:5c6e8b2e5be9c68d,,,0.703401,15.993,225,cF16,aflowlib.duke.edu:AFLOWDATA/LIB3_WEB/AgAlW_pv/TBCC013.CAB
Ag1Al1W2,aflow:5d4d5037a6803747,,,0.304476,16.0847,10,mP4,aflowlib.duke.edu:AFLOWDATA/LIB3_WEB/AgAlW_pv/TFCC014.CAB
Ag1Al1W2,aflow:6f53a0abc7e5d90a,,,0.321304,16.1031,47,oP4,aflowlib.duke.edu:AFLOWDATA/LIB3_WEB/AgAlW_pv/TFCC010.CAB
Ag1Al1W2,aflow:78f192d53fb55041,,,0.326584,16.0146,123,tP4,aflowlib.duke.edu:AFLOWDATA/LIB3_WEB/AgAlW_pv/TBCC011.CAB
Ag1Al1W2,aflow:7c913202cf8e0060,,,0.354749,16.1229,139,tI8,aflowlib.duke.edu:AFLOWDATA/LIB3_WEB/AgAlW_pv/TFCC013.CAB
Ag1Al1W2,aflow:8be9d74fcf02e130,,,0.402317,16.1022,119,tI8,aflowlib.duke.edu:AFLOWDATA/LIB3_WEB/AgAlW_pv/TFCC008.CAB
Ag1Al1W2,aflow:920577b4b3a308bd,,,0.34966,16.229,44,oI8,aflowlib.duke.edu:AFLOWDATA/LIB3_WEB/AgAlW_pv/TBCC007.CAB
Ag1Al1W2,aflow:97b3f04cb7f8a9d9,,,0.333575,16.0859,123,tP4,aflowlib.duke.edu:AFLOWDATA/LIB3_WEB/AgAlW_pv/TFCC016.CAB
Ag1Al1W2,aflow:aa3b73cc0794b478,,,0.317247,16.0782,12,mS8,aflowlib.duke.edu:AFLOWDATA/LIB3_WEB/AgAlW_pv/TBCC014.CAB
Ag1Al1W2,aflow:af6684a95d267939,,,0.315791,16.2206,8,mS8,aflowlib.duke.edu:AFLOWDATA/LIB3_WEB/AgAlW_pv/TFCC006.CAB
Ag1Al1W2,aflow:b27be5c7f5bae69e,,,0.583529,16.0829,123,tP4,aflowlib.duke.edu:AFLOWDATA/LIB3_WEB/AgAlW_pv/TBCC016.CAB
Ag1Al1W2,aflow:b4e20e5f81434e9e,,,0.25709,16.3492,160,hR4,aflowlib.duke.edu:AFLOWDATA/LIB3_WEB/AgAlW_pv/TFCC004.CAB
Ag1Al1W2,aflow:b6958b448d3040ee,,,0.321951,16.0671,65,oS8,aflowlib.duke.edu:AFLOWDATA/LIB3_WEB/AgAlW_pv/TBCC009.CAB
Ag1Al1W2,aflow:bf26f14034749d45,0,metal,0.407112,16.2049,216,cF16,aflowlib.duke.edu:AFLOWDATA/LIB3_WEB/AgAlW_pv/T0002.ABC2
Ag1Al1W2,aflow:cb1e3395a1110bd5,,,0.25484,16.5428,99,tP4,aflowlib.duke.edu:AFLOWDATA/LIB3_WEB/AgAlW_pv/TBCC006.CAB
Ag1Al1W2,aflow:d0ac96ea616bfd90,0,metal,0.703485,15.9902,225,cF16,aflowlib.duke.edu:AFLOWDATA/LIB3_WEB/AgAlW_pv/T0001.ABC2
Ag1Al1W2,aflow:daec93b8b7c3d750,,,0.310447,16.1028,71,oI8,aflowlib.duke.edu:AFLOWDATA/LIB3_WEB/AgAlW_pv/TBCC012.CAB
Ag1Al1W2,aflow:ee90d431d580649b,,,0.304189,16.1164,10,mP4,aflowlib.duke.edu:AFLOWDATA/LIB3_WEB/AgAlW_pv/TBCC010.CAB
Ag1Al1W2,aflow:f186ed7ba542b007,,,0.309793,16.0878,12,mS8,aflowlib.duke.edu:AFLOWDATA/LIB3_WEB/AgAlW_pv/TFCC011.CAB
Ag1Al1W4,aflow:baf1c1cdcb10b903,,,0.667966,17.6539,216,cF24,aflowlib.duke.edu:AFLOWDATA/LIB3_WEB/AgAlW_pv/T0010.CAB
Ag1Al1Y1,aflow:05dbc8ea5fe906b5,,,-0.0270463,24.4552,216,cF12,aflowlib.duke.edu:AFLOWDATA/LIB3_WEB/AgAlY_sv/T0003.ABC
Ag1Al1Y1,aflow:0ab580a4cf42271f,,,0.284895,26.8477,216,cF12,aflowlib.duke.edu:AFLOWDATA/LIB3_WEB/AgAlY_sv/T0003.BCA
Ag1Al1Y1,aflow:0f4b4b38313c9ce5,,,-0.130689,21.759,44,oI6,aflowlib.duke.edu:AFLOWDATA/LIB3_WEB/AgAlY_sv/TFCC002.ABC
Ag1Al1Y1,aflow:5097984fc7872ae1,,,-0.270144,21.0634,107,tI6,aflowlib.duke.edu:AFLOWDATA/LIB3_WEB/AgAlY_sv/TBCC001.ABC
Ag1Al1Y1,aflow:7aad74f254e1fb2d,,,-0.428375,21.878,156,hP3,aflowlib.duke.edu:AFLOWDATA/LIB3_WEB/AgAlY_sv/TBCC002.ABC
Ag1Al1Y1,aflow:9e71ed15420c7499,,,-0.201229,24.3494,216,cF12,aflowlib.duke.edu:AFLOWDATA/LIB3_WEB/AgAlY_sv/T0003.CAB
Ag1Al1Y1,aflow:b11564c220c45e21,,,-0.270542,21.0474,107,tI6,aflowlib.duke.edu:AFLOWDATA/LIB3_WEB/AgAlY_sv/TFCC003.ABC
Ag1Al1Y1,aflow:d28096148a5c8a17,,,-0.409525,22.1082,187,hP3,aflowlib.duke.edu:AFLOWDATA/LIB3_WEB/AgAlY_sv/TFCC001.ABC
Ag1Al1Y1,aflow:faccc6efe1e0d01b,,,-0.27069,21.1809,107,tI6,aflowlib.duke.edu:AFLOWDATA/LIB3_WEB/AgAlY_sv/TBCC003.ABC
Ag1Al1Y2,aflow:038b8854deb0bce9,,,-0.111321,26.0913,12,mS8,aflowlib.duke.edu:AFLOWDATA/LIB3_WEB/AgAlY_sv/TFCC011.CAB
Ag1Al1Y2,aflow:036669d15beef117,,,-0.385246,23.9381,123,tP4,aflowlib.duke.edu:AFLOWDATA/LIB3_WEB/AgAlY_sv/TBCC011.CAB
Ag1Al1Y2,aflow:0facf047ccc4d307,,,-0.369449,24.2316,123,tP4,aflowlib.duke.edu:AFLOWDATA/LIB3_WEB/AgAlY_sv/TFCC015.CAB
Ag1Al1Y2,aflow:1a0d29e6f949d0a1,0,metal,-0.375708,24.3786,225,cF16,aflowlib.duke.edu:AFLOWDATA/LIB3_WEB/AgAlY_sv/T0001.ABC2
Ag1Al1Y2,aflow:208b1c24ff14aa8e,,,-0.135405,25.4149,25,oP4,aflowlib.duke.edu:AFLOWDATA/LIB3_WEB/AgAlY_sv/TFCC005.CAB
Ag1Al1Y2,aflow:2371b538a319a398,,,-0.385741,23.9392,123,tP4,aflowlib.duke.edu:AFLOWDATA/LIB3_WEB/AgAlY_sv/TBCC009.CAB
Ag1Al1Y2,aflow:2c15d18f7be9bc5f,,,-0.36844,24.1896,123,tP4,aflowlib.duke.edu:AFLOWDATA/LIB3_WEB/AgAlY_sv/TBCC015.CAB
Ag1Al1Y2,aflow:2fc27e88020099d4,,,-0.37613,24.3735,225,cF16,aflowlib.duke.edu:AFLOWDATA/LIB3_WEB/AgAlY_sv/TFCC013.CAB
Ag1Al1Y2,aflow:37a83c2102e39e3b,,,-0.203243,23.9316,119,tI8,aflowlib.duke.edu:AFLOWDATA/LIB3_WEB/AgAlY_sv/TFCC008.CAB
Ag1Al1Y2,aflow:69d6effe563acee4,,,-0.135888,25.8707,166,hR4,aflowlib.duke.edu:AFLOWDATA/LIB3_WEB/AgAlY_sv/TFCC009.CAB
Ag1Al1Y2,aflow:6cfaa0b0e7cf171e,,,-0.173961,24.2052,99,tP4,aflowlib.duke.edu:AFLOWDATA/LIB3_WEB/AgAlY_sv/TBCC006.CAB
Ag1Al1Y2,aflow:6c6a8e72258dc366,,,-0.348685,24.8015,6,mP4,aflowlib.duke.edu:AFLOWDATA/LIB3_WEB/AgAlY_sv/TBCC005.CAB
Ag1Al1Y2,aflow:8096b5938842d5de,,,-0.375633,24.3635,225,cF16,aflowlib.duke.edu:AFLOWDATA/LIB3_WEB/AgAlY_sv/TBCC013.CAB
Ag1Al1Y2,aflow:8a5e046a3eef0a1c,,,-0.369144,24.1807,123,tP4,aflowlib.duke.edu:AFLOWDATA/LIB3_WEB/AgAlY_sv/TBCC016.CAB
Ag1Al1Y2,aflow:8bbcf0bef4208300,,,-0.287223,24.0511,44,oI8,aflowlib.duke.edu:AFLOWDATA/LIB3_WEB/AgAlY_sv/TFCC006.CAB
Ag1Al1Y2,aflow:94eb856632a95633,,,-0.105929,26.1882,10,mP4,aflowlib.duke.edu:AFLOWDATA/LIB3_WEB/AgAlY_sv/TFCC014.CAB
Ag1Al1Y2,aflow:a22ad024780b52f7,,,-0.374978,24.342,225,cF16,aflowlib.duke.edu:AFLOWDATA/LIB3_WEB/AgAlY_sv/TBCC012.CAB
Ag1Al1Y2,aflow:a9bffd64c722f772,,,-0.386525,23.9812,123,tP4,aflowlib.duke.edu:AFLOWDATA/LIB3_WEB/AgAlY_sv/TFCC010.CAB
Ag1Al1Y2,aflow:acc64a0b406da23f,0,metal,0.0280843,23.7193,216,cF16,aflowlib.duke.edu:AFLOWDATA/LIB3_WEB/AgAlY_sv/T0002.ABC2
Ag1Al1Y2,aflow:b0014f5b96a3a903,,,-0.0161045,26.0958,160,hR4,aflowlib.duke.edu:AFLOWDATA/LIB3_WEB/AgAlY_sv/TFCC004.CAB
Ag1Al1Y2,aflow:b1abc653c185578d,,,-0.175183,24.2441,99,tP4,aflowlib.duke.edu:AFLOWDATA/LIB3_WEB/AgAlY_sv/TFCC007.CAB
Ag1Al1Y2,aflow:c03f7270e41edb22,,,-0.175048,24.1806,99,tP4,aflowlib.duke.edu:AFLOWDATA/LIB3_WEB/AgAlY_sv/TBCC004.CAB
Ag1Al1Y2,aflow:d50a2319ec6d28b8,,,-0.368912,24.2239,123,tP4,aflowlib.duke.edu:AFLOWDATA/LIB3_WEB/AgAlY_sv/TFCC016.CAB
Ag1Al1Y2,aflow:d5b029e8a0a6e540,,,-0.385008,23.9884,123,tP4,aflowlib.duke.edu:AFLOWDATA/LIB3_WEB/AgAlY_sv/TBCC010.CAB
Ag1Al1Y2,aflow:e211fb0d21a973ce,,,-0.368568,24.1831,123,tP4,aflowlib.duke.edu:AFLOWDATA/LIB3_WEB/AgAlY_sv/TBCC014.CAB
Ag1Al1Y2,aflow:ed56d72659e78d18,,,0.028131,23.7364,216,cF16,aflowlib.duke.edu:AFLOWDATA/LIB3_WEB/AgAlY_sv/TBCC008.CAB
Ag1Al1Y2,aflow:f2750ee1363b6854,,,-0.385926,23.9085,123,tP4,aflowlib.duke.edu:AFLOWDATA/LIB3_WEB/AgAlY_sv/TFCC012.CAB
Ag1Al1Y2,aflow:f9be7740b844830e,,,-0.287247,24.0376,44,oI8,aflowlib.duke.edu:AFLOWDATA/LIB3_WEB/AgAlY_sv/TBCC007.CAB
Ag1Al1Y4,aflow:599f4f6b5d31e226,,,0.423205,28.4396,216,cF24,aflowlib.duke.edu:AFLOWDATA/LIB3_WEB/AgAlY_sv/T0010.CAB
Ag1Al1Zn1,aflow:001f08f97c6249c4,,,-0.0217653,16.4592,156,hP3,aflowlib.duke.edu:AFLOWDATA/LIB3_WEB/AgAlZn/TFCC001.ABC
Ag1Al1Zn1,aflow:1e20a2a1d556ad34,,,-0.0195863,16.387,44,oI6,aflowlib.duke.edu:AFLOWDATA/LIB3_WEB/AgAlZn/TFCC002.ABC
Ag1Al1Zn1,aflow:4a71cc3105fc9064,,,0.113063,18.9568,216,cF12,aflowlib.duke.edu:AFLOWDATA/LIB3_WEB/AgAlZn/T0003.ABC
Ag1Al1Zn1,aflow:53a0c9050935c39d,,,0.0418534,16.6461,42,oF12,aflowlib.duke.edu:AFLOWDATA/LIB3_WEB/AgAlZn/TBCC001.ABC
Ag1Al1Zn1,aflow:9ddb7c871f2cf85a,,,-0.00470167,16.4338,107,tI6,aflowlib.duke.edu:AFLOWDATA/LIB3_WEB/AgAlZn/TFCC003.ABC
Ag1Al1Zn1,aflow:b622592c0d5ee9e8,,,0.0762057,16.7656,156,hP3,aflowlib.duke.edu:AFLOWDATA/LIB3_WEB/AgAlZn/TBCC002.ABC
Ag1Al1Zn1,aflow:c3ae25b5340b0081,,,0.105949,18.7184,216,cF12,aflowlib.duke.edu:AFLOWDATA/LIB3_WEB/AgAlZn/T0003.BCA
Ag1Al1Zn1,aflow:e4f2741c6932b850,,,0.0688673,18.9867,216,cF12,aflowlib.duke.edu:AFLOWDATA/LIB3_WEB/AgAlZn/T0003.CAB
Ag1Al1Zn1,aflow:f47c0ee161f1ee9c,,,-0.0230647,16.5218,107,tI6,aflowlib.duke.edu:AFLOWDATA/LIB3_WEB/AgAlZn/TBCC003.ABC
Ag1Al1Zn2,aflow:28e0b33566f4c4d2,,,0.009998,16.114,99,tP4,aflowlib.duke.edu:AFLOWDATA/LIB3_WEB/AgAlZn/TFCC007.CAB
Ag1Al1Zn2,aflow:2abd1fab33e07847,,,0.051621,16.5227,65,oS8,aflowlib.duke.edu:AFLOWDATA/LIB3_WEB/AgAlZn/TBCC009.CAB
Ag1Al1Zn2,aflow:2b1945b5e4a19fa6,,,0.0038415,16.2294,10,mP4,aflowlib.duke.edu:AFLOWDATA/LIB3_WEB/AgAlZn/TFCC014.CAB
Ag1Al1Zn2,aflow:2fece34e791dde4b,,,0.0120673,16.1028,139,tI8,aflowlib.duke.edu:AFLOWDATA/LIB3_WEB/AgAlZn/TFCC013.CAB
Ag1Al1Zn2,aflow:4f250c695a68d2fa,,,0.027633,16.4238,71,oI8,aflowlib.duke.edu:AFLOWDATA/LIB3_WEB/AgAlZn/TBCC012.CAB
Ag1Al1Zn2,aflow:4f3ab9b2abef6a0e,,,-0.00356725,16.0336,25,oP4,aflowlib.duke.edu:AFLOWDATA/LIB3_WEB/AgAlZn/TFCC005.CAB
Ag1Al1Zn2,aflow:51ca850f5457629c,,,0.00600925,16.5618,10,mP4,aflowlib.duke.edu:AFLOWDATA/LIB3_WEB/AgAlZn/TBCC010.CAB
Ag1Al1Zn2,aflow:5af4b771f85e716c,,,0.031678,16.4303,47,oP4,aflowlib.duke.edu:AFLOWDATA/LIB3_WEB/AgAlZn/TBCC015.CAB
Ag1Al1Zn2,aflow:5b6f6b74fd5a385d,,,0.040621,16.521,35,oS8,aflowlib.duke.edu:AFLOWDATA/LIB3_WEB/AgAlZn/TBCC004.CAB
Ag1Al1Zn2,aflow:68774332327ce40b,,,0.002621,16.1662,99,tP4,aflowlib.duke.edu:AFLOWDATA/LIB3_WEB/AgAlZn/TBCC006.CAB
Ag1Al1Zn2,aflow:6a61c79c17e360cd,,,0.00183175,16.1795,12,mS8,aflowlib.duke.edu:AFLOWDATA/LIB3_WEB/AgAlZn/TFCC011.CAB
Ag1Al1Zn2,aflow:798816b0656fd250,,,-0.014138,16.0541,47,oP4,aflowlib.duke.edu:AFLOWDATA/LIB3_WEB/AgAlZn/TFCC010.CAB
Ag1Al1Zn2,aflow:80adecbd266e3479,,,4.825e-05,16.1096,65,oS8,aflowlib.duke.edu:AFLOWDATA/LIB3_WEB/AgAlZn/TFCC015.CAB
Ag1Al1Zn2,aflow:840a6f81c4ea5f39,,,0.0419808,16.3833,123,tP4,aflowlib.duke.edu:AFLOWDATA/LIB3_WEB/AgAlZn/TBCC016.CAB
Ag1Al1Zn2,aflow:8893e7818f41bcd9,,,-0.006391,16.1357,123,tP4,aflowlib.duke.edu:AFLOWDATA/LIB3_WEB/AgAlZn/TBCC011.CAB
Ag1Al1Zn2,aflow:a6b9c5a5b9b8e6ac,,,0.0362525,16.3615,44,oI8,aflowlib.duke.edu:AFLOWDATA/LIB3_WEB/AgAlZn/TBCC007.CAB
Ag1Al1Zn2,aflow:a6a32a0f9614a650,,,-0.00336525,16.175,123,tP4,aflowlib.duke.edu:AFLOWDATA/LIB3_WEB/AgAlZn/TFCC012.CAB
Ag1Al1Zn2,aflow:a700440344d5d7bd,,,0.0192923,16.433,6,mP4,aflowlib.duke.edu:AFLOWDATA/LIB3_WEB/AgAlZn/TBCC005.CAB
Ag1Al1Zn2,aflow:b5aca338a282248d,,,0.0876603,16.379,216,cF16,aflowlib.duke.edu:AFLOWDATA/LIB3_WEB/AgAlZn/TBCC008.CAB
Ag1Al1Zn2,aflow:b7d6a02a880e9338,,,0.0092235,16.124,119,tI8,aflowlib.duke.edu:AFLOWDATA/LIB3_WEB/AgAlZn/TFCC008.CAB
Ag1Al1Zn2,aflow:c0ebb0940cbf8ea6,,,-0.00822975,16.1632,160,hR4,aflowlib.duke.edu:AFLOWDATA/LIB3_WEB/AgAlZn/TFCC004.CAB
Ag1Al1Zn2,aflow:cf5ab7c05e6c759b,,,0.017113,16.1317,123,tP4,aflowlib.duke.edu:AFLOWDATA/LIB3_WEB/AgAlZn/TFCC016.CAB
Ag1Al1Zn2,aflow:d5e4e0e532733a3d,,,-0.00113,16.1405,65,oS8,aflowlib.duke.edu:AFLOWDATA/LIB3_WEB/AgAlZn/TBCC014.CAB
Ag1Al1Zn2,aflow:d7149a18857dc9cd,0,metal,0.101354,16.5482,225,cF16,aflowlib.duke.edu:AFLOWDATA/LIB3_WEB/AgAlZn/T0001.ABC2
Ag1Al1Zn2,aflow:f6132d19c58fe172,,,-0.0110797,16.1727,166,hR4,aflowlib.duke.edu:AFLOWDATA/LIB3_WEB/AgAlZn/TFCC009.CAB
Ag1Al1Zn2,aflow:f603da9570a85265,,,0.101448,16.5443,225,cF16,aflowlib.duke.edu:AFLOWDATA/LIB3_WEB/AgAlZn/TBCC013.CAB
Ag1Al1Zn2,aflow:ff904178988a9952,0,metal,0.0875839,16.3944,216,cF16,aflowlib.duke.edu:AFLOWDATA/LIB3_WEB/AgAlZn/T0002.ABC2
Ag1Al1Zn2,aflow:ffd6b7a27bde6881,,,-0.00043275,16.223,8,mS8,aflowlib.duke.edu:AFLOWDATA/LIB3_WEB/AgAlZn/TFCC006.CAB
Ag1Al1Zn4,aflow:b36741be754a11c5,,,0.0491788,15.898,216,cF24,aflowlib.duke.edu:AFLOWDATA/LIB3_WEB/AgAlZn/T0010.CAB
Ag1Al1Zr1,aflow:1845e260acff24dc,,,-0.084055,21.1622,216,cF12,aflowlib.duke.edu:AFLOWDATA/LIB3_WEB/AgAlZr_sv/T0003.CAB
Ag1Al1Zr1,aflow:246a4a80d4557dc2,,,-0.279853,18.4815,107,tI6,aflowlib.duke.edu:AFLOWDATA/LIB3_WEB/AgAlZr_sv/TBCC001.ABC
Ag1Al1Zr1,aflow:786337df31d8045b,,,0.114246,21.371,216,cF12,aflowlib.duke.edu:AFLOWDATA/LIB3_WEB/AgAlZr_sv/T0003.ABC
Ag1Al1Zr1,aflow:7ff42bcb7fef4972,,,-0.27944,18.4517,107,tI6,aflowlib.duke.edu:AFLOWDATA/LIB3_WEB/AgAlZr_sv/TFCC003.ABC
Ag1Al1Zr1,aflow:8c32e4aafc124f8a,,,-0.300682,18.8889,187,hP3,aflowlib.duke.edu:AFLOWDATA/LIB3_WEB/AgAlZr_sv/TBCC002.ABC
Ag1Al1Zr1,aflow:9d6964b00cfb6636,,,-0.279546,18.5178,107,tI6,aflowlib.duke.edu:AFLOWDATA/LIB3_WEB/AgAlZr_sv/TFCC002.ABC
Ag1Al1Zr1,aflow:a26afe1ecedc2d17,,,-0.062729,19.0122,156,hP3,aflowlib.duke.edu:AFLOWDATA/LIB3_WEB/AgAlZr_sv/TFCC001.ABC
Ag1Al1Zr1,aflow:d8773645bf6bab7c,,,-0.279706,18.5059,107,tI6,aflowlib.duke.edu:AFLOWDATA/LIB3_WEB/AgAlZr_sv/TBCC003.ABC
Ag1Al1Zr1,aflow:da1a8a532a3e1673,,,0.389481,23.091,216,cF12,aflowlib.duke.edu:AFLOWDATA/LIB3_WEB/AgAlZr_sv/T0003.BCA
Ag1Al1Zr2,aflow:00af29c930df47b2,,,-0.236175,19.7479,139,tI8,aflowlib.duke.edu:AFLOWDATA/LIB3_WEB/AgAlZr_sv/TBCC012.CAB
Ag1Al1Zr2,aflow:07357c8675f5089b,,,-0.233484,19.7405,47,oP4,aflowlib.duke.edu:AFLOWDATA/LIB3_WEB/AgAlZr_sv/TBCC010.CAB
Ag1Al1Zr2,aflow:0a0792fa43b05a68,,,-0.195018,20.1593,123,tP4,aflowlib.duke.edu:AFLOWDATA/LIB3_WEB/AgAlZr_sv/TBCC016.CAB
Ag1Al1Zr2,aflow:0da9bde67847cd04,,,-0.221764,19.8061,47,oP4,aflowlib.duke.edu:AFLOWDATA/LIB3_WEB/AgAlZr_sv/TBCC015.CAB
Ag1Al1Zr2,aflow:0fd66d30534a59f4,,,-0.195422,19.8204,99,tP4,aflowlib.duke.edu:AFLOWDATA/LIB3_WEB/AgAlZr_sv/TBCC004.CAB
Ag1Al1Zr2,aflow:14c3fbc356b289ac,,,-0.0454313,20.116,166,hR4,aflowlib.duke.edu:AFLOWDATA/LIB3_WEB/AgAlZr_sv/TFCC009.CAB
Ag1Al1Zr2,aflow:1b86878a26290e07,,,-0.0278155,20.7763,160,hR4,aflowlib.duke.edu:AFLOWDATA/LIB3_WEB/AgAlZr_sv/TFCC004.CAB
Ag1Al1Zr2,aflow:25feef9a8b9b9127,,,-0.231919,19.7302,47,oP4,aflowlib.duke.edu:AFLOWDATA/LIB3_WEB/AgAlZr_sv/TFCC010.CAB
Ag1Al1Zr2,aflow:2fcca09c42b29745,,,-0.276489,19.6482,123,tP4,aflowlib.duke.edu:AFLOWDATA/LIB3_WEB/AgAlZr_sv/TFCC012.CAB
Ag1Al1Zr2,aflow:35d3a868e57f9a06,,,-0.0739688,20.0904,12,mS8,aflowlib.duke.edu:AFLOWDATA/LIB3_WEB/AgAlZr_sv/TFCC011.CAB
Ag1Al1Zr2,aflow:4421511aee9d5e21,0,metal,-0.207925,20.1064,225,cF16,aflowlib.duke.edu:AFLOWDATA/LIB3_WEB/AgAlZr_sv/T0001.ABC2
Ag1Al1Zr2,aflow:5ccd627b07f3cbff,,,-0.0729528,20.1149,10,mP4,aflowlib.duke.edu:AFLOWDATA/LIB3_WEB/AgAlZr_sv/TFCC014.CAB
Ag1Al1Zr2,aflow:682a293ab207d439,,,-0.221312,19.9246,44,oI8,aflowlib.duke.edu:AFLOWDATA/LIB3_WEB/AgAlZr_sv/TBCC007.CAB
Ag1Al1Zr2,aflow:816002cbd6798a55,,,-0.222966,19.7692,123,tP4,aflowlib.duke.edu:AFLOWDATA/LIB3_WEB/AgAlZr_sv/TFCC016.CAB
Ag1Al1Zr2,aflow:8af46a652300e028,,,-0.116518,20.2382,25,oP4,aflowlib.duke.edu:AFLOWDATA/LIB3_WEB/AgAlZr_sv/TFCC005.CAB
Ag1Al1Zr2,aflow:8f16a16d1dcda276,,,-0.207906,20.1226,225,cF16,aflowlib.duke.edu:AFLOWDATA/LIB3_WEB/AgAlZr_sv/TBCC013.CAB
Ag1Al1Zr2,aflow:90738dd2973c079d,,,-0.235077,19.8596,65,oS8,aflowlib.duke.edu:AFLOWDATA/LIB3_WEB/AgAlZr_sv/TFCC015.CAB
Ag1Al1Zr2,aflow:94bdb77098d053d7,,,-0.223688,19.8131,6,mP4,aflowlib.duke.edu:AFLOWDATA/LIB3_WEB/AgAlZr_sv/TBCC005.CAB
Ag1Al1Zr2,aflow:9cf5703655ebe4aa,,,-0.195996,19.8998,99,tP4,aflowlib.duke.edu:AFLOWDATA/LIB3_WEB/AgAlZr_sv/TFCC007.CAB
Ag1Al1Zr2,aflow:9fe89949faa4ac08,,,-0.236234,19.787,65,oS8,aflowlib.duke.edu:AFLOWDATA/LIB3_WEB/AgAlZr_sv/TBCC014.CAB
Ag1Al1Zr2,aflow:a19df24f099a8a5d,,,-0.220491,19.9528,8,mS8,aflowlib.duke.edu:AFLOWDATA/LIB3_WEB/AgAlZr_sv/TFCC006.CAB
Ag1Al1Zr2,aflow:aef415677d9ecda6,,,-0.27707,19.6281,123,tP4,aflowlib.duke.edu:AFLOWDATA/LIB3_WEB/AgAlZr_sv/TBCC009.CAB
Ag1Al1Zr2,aflow:b378aa389456c210,,,-0.236121,19.8002,139,tI8,aflowlib.duke.edu:AFLOWDATA/LIB3_WEB/AgAlZr_sv/TFCC013.CAB
Ag1Al1Zr2,aflow:bda787e17a75b132,,,-0.276459,19.6434,123,tP4,aflowlib.duke.edu:AFLOWDATA/LIB3_WEB/AgAlZr_sv/TBCC011.CAB
Ag1Al1Zr2,aflow:cde69c97db72198e,,,-0.195468,19.8769,99,tP4,aflowlib.duke.edu:AFLOWDATA/LIB3_WEB/AgAlZr_sv/TBCC006.CAB
Ag1Al1Zr2,aflow:e9210e527ab65fb6,,,-0.159884,19.8931,119,tI8,aflowlib.duke.edu:AFLOWDATA/LIB3_WEB/AgAlZr_sv/TFCC008.CAB
Ag1Al1Zr2,aflow:f1c908126d09b27b,,,0.128405,20.4737,216,cF16,aflowlib.duke.edu:AFLOWDATA/LIB3_WEB/AgAlZr_sv/TBCC008.CAB
Ag1Al1Zr2,aflow:fee9866fb5e3a0b7,0,metal,0.128363,20.4686,216,cF16,aflowlib.duke.edu:AFLOWDATA/LIB3_WEB/AgAlZr_sv/T0002.ABC2
Ag1Al1Zr4,aflow:1e34a99c9707d6b6,,,0.291128,21.7975,216,cF24,aflowlib.duke.edu:AFLOWDATA/LIB3_WEB/AgAlZr_sv/T0010.CAB
Ag1Al2,aflow:0b4b57230d417163,,,-0.0486423,16.8682,164,hP3,aflowlib.duke.edu:AFLOWDATA/LIB2_WEB/AgAl/9
Ag1Al2,aflow:0cf747d99cc3a58e,,,0.114698,17.5284,164,hP3,aflowlib.duke.edu:AFLOWDATA/LIB2_WEB/AgAl/62
Ag1Al2,aflow:22d8493cbd42cdaf,,,0.006939,16.9561,139,tI6,aflowlib.duke.edu:AFLOWDATA/LIB2_WEB/AgAl/548
Ag1Al2,aflow:22f87181741627a3,,,0.0439777,17.5469,139,tI6,aflowlib.duke.edu:AFLOWDATA/LIB2_WEB/AgAl/232
Ag1Al2,aflow:492de42a92651c46,,,0.0326907,17.6211,12,mS6,aflowlib.duke.edu:AFLOWDATA/LIB2_WEB/AgAl/545
Ag1Al2,aflow:4a3f5c31c7da933d,,,0.00130567,16.8834,139,tI6,aflowlib.duke.edu:AFLOWDATA/LIB2_WEB/AgAl/f10
Ag1Al2,aflow:52169d410d7a781a,,,0.00589233,17.0192,71,oI6,aflowlib.duke.edu:AFLOWDATA/LIB2_WEB/AgAl/7
Ag1Al2,aflow:5da77684eb2921bd,,,-0.754578,10.3579,69,oF12,aflowlib.duke.edu:AFLOWDATA/LIB2_WEB/AgAl/64
Ag1Al2,aflow:67220e4296eeabc9,,,0.174992,18.0504,191,hP3,aflowlib.duke.edu:AFLOWDATA/LIB2_WEB/AgAl/216
Ag1Al2,aflow:7b7206aa589977f7,,,0.006943,16.9567,139,tI6,aflowlib.duke.edu:AFLOWDATA/LIB2_WEB/AgAl/5
Ag1Al2,aflow:8e84167d6a465824,,,-0.0481397,16.8912,164,hP3,aflowlib.duke.edu:AFLOWDATA/LIB2_WEB/AgAl/190
Ag1Al2,aflow:950729cc6bfe9681,,,-0.001663,18.8873,225,cF12,aflowlib.duke.edu:AFLOWDATA/LIB2_WEB/AgAl/583
Ag1Al2,aflow:9bfc5cceb25585c9,,,0.113665,17.5313,164,hP3,aflowlib.duke.edu:AFLOWDATA/LIB2_WEB/AgAl/270
Ag1Al2,aflow:a6f9de4d5ce56108,,,0.00698133,16.9435,139,tI6,aflowlib.duke.edu:AFLOWDATA/LIB2_WEB/AgAl/66
Ag1Al2,aflow:d4fa9ee7576142e2,,,-0.754707,10.3581,69,oF12,aflowlib.duke.edu:AFLOWDATA/LIB2_WEB/AgAl/550
Ag1Al2,aflow:d543e7a7e4d12e98,,,-0.0487253,16.861,164,hP3,aflowlib.duke.edu:AFLOWDATA/LIB2_WEB/AgAl/f8
Ag1Al2,aflow:e41b6a60f1e28bda,,,0.186979,19.521,123,tP3,aflowlib.duke.edu:AFLOWDATA/LIB2_WEB/AgAl/390
Ag1Al2,aflow:e9af5ce1ad7c9daf,,,0.00584833,17.0203,71,oI6,aflowlib.duke.edu:AFLOWDATA/LIB2_WEB/AgAl/657.BA
Ag1Al2,aflow:ef00d476c47fe64e,,,0.00527633,16.9448,12,mS6,aflowlib.duke.edu:AFLOWDATA/LIB2_WEB/AgAl/f9
Ag1Al2,aflow:f78ac215a0bec8cd,,,0.006882,16.9455,139,tI6,aflowlib.duke.edu:AFLOWDATA/LIB2_WEB/AgAl/287
Ag1Al2As1,aflow:02a47840537cd60d,,,0.0895545,17.7556,65,oS8,aflowlib.duke.edu:AFLOWDATA/LIB3_WEB/AgAlAs/TFCC015.BCA
Ag1Al2As1,aflow:05e0175334714afb,,,0.09941,17.5777,123,tP4,aflowlib.duke.edu:AFLOWDATA/LIB3_WEB/AgAlAs/TBCC011.BCA
Ag1Al2As1,aflow:09b3865e1744fb36,0,metal,0.808971,18.4125,225,cF16,aflowlib.duke.edu:AFLOWDATA/LIB3_WEB/AgAlAs/T0001.AB2C:LDAU2
Ag1Al2As1,aflow:0cae969f80000efd,,,0.123,17.9615,123,tP4,aflowlib.duke.edu:AFLOWDATA/LIB3_WEB/AgAlAs/TFCC016.BCA
Ag1Al2As1,aflow:0d07f5e7c31a003c,,,0.14779,18.0932,123,tP4,aflowlib.duke.edu:AFLOWDATA/LIB3_WEB/AgAlAs/TBCC016.BCA
Ag1Al2As1,aflow:0e77d6eddb5b392c,,,0.0925795,17.7229,47,oP4,aflowlib.duke.edu:AFLOWDATA/LIB3_WEB/AgAlAs/TFCC010.BCA
Ag1Al2As1,aflow:1abfeb600fb4db5f,,,0.0924728,17.3993,123,tP4,aflowlib.duke.edu:AFLOWDATA/LIB3_WEB/AgAlAs/TFCC012.BCA
Ag1Al2As1,aflow:20fbb067049db10a,,,0.1088,17.8216,10,mP4,aflowlib.duke.edu:AFLOWDATA/LIB3_WEB/AgAlAs/TFCC014.BCA
Ag1Al2As1,aflow:2406862911d2c06e,,,0.0844525,17.6595,99,tP4,aflowlib.duke.edu:AFLOWDATA/LIB3_WEB/AgAlAs/TFCC007.BCA
Ag1Al2As1,aflow:26be762b4ce24c61,,,0.142701,17.8482,139,tI8,aflowlib.duke.edu:AFLOWDATA/LIB3_WEB/AgAlAs/TFCC013.BCA
Ag1Al2As1,aflow:3c90103b8bc51727,0,metal,0.207138,18.6722,216,cF16,aflowlib.duke.edu:AFLOWDATA/LIB3_WEB/AgAlAs/T0002.AB2C
Ag1Al2As1,aflow:3ee6f1e782e006b3,,,0.0154248,19.4332,99,tP4,aflowlib.duke.edu:AFLOWDATA/LIB3_WEB/AgAlAs/TBCC006.BCA
Ag1Al2As1,aflow:407aff912609e135,,,0.0906629,17.509,65,oS8,aflowlib.duke.edu:AFLOWDATA/LIB3_WEB/AgAlAs/TBCC009.BCA
Ag1Al2As1,aflow:42d06c9e36c7ebd1,,,0.062811,18.5585,25,oP4,aflowlib.duke.edu:AFLOWDATA/LIB3_WEB/AgAlAs/TFCC005.BCA
Ag1Al2As1,aflow:482816cd1cf110dc,,,0.127454,18.0532,71,oI8,aflowlib.duke.edu:AFLOWDATA/LIB3_WEB/AgAlAs/TBCC012.BCA
Ag1Al2As1,aflow:4b0627cbb26c7b6b,,,0.092467,17.5696,166,hR4,aflowlib.duke.edu:AFLOWDATA/LIB3_WEB/AgAlAs/TFCC009.BCA
Ag1Al2As1,aflow:683e741e669f3ea4,,,0.107091,18.0846,44,oI8,aflowlib.duke.edu:AFLOWDATA/LIB3_WEB/AgAlAs/TBCC007.BCA
Ag1Al2As1,aflow:95de001df6e478fc,,,0.150541,18.1863,47,oP4,aflowlib.duke.edu:AFLOWDATA/LIB3_WEB/AgAlAs/TBCC015.BCA
Ag1Al2As1,aflow:97bd85599ec37ddc,,,-0.00132422,18.3031,10,mP4,aflowlib.duke.edu:AFLOWDATA/LIB3_WEB/AgAlAs/TBCC010.BCA
Ag1Al2As1,aflow:998a7139815b52e3,0,metal,0.185965,18.2388,225,cF16,aflowlib.duke.edu:AFLOWDATA/LIB3_WEB/AgAlAs/T0001.AB2C
Ag1Al2As1,aflow:a4136b84b4809ca5,,,0.0614063,18.4806,6,mP4,aflowlib.duke.edu:AFLOWDATA/LIB3_WEB/AgAlAs/TBCC005.BCA
Ag1Al2As1,aflow:a42be77a18229b09,,,0.110616,17.8054,12,mS8,aflowlib.duke.edu:AFLOWDATA/LIB3_WEB/AgAlAs/TFCC011.BCA
Ag1Al2As1,aflow:b51368ff3a8012c8,,,0.139787,18.113,119,tI8,aflowlib.duke.edu:AFLOWDATA/LIB3_WEB/AgAlAs/TFCC008.BCA
Ag1Al2As1,aflow:be7d550fa71e6591,,,0.087449,17.9018,160,hR4,aflowlib.duke.edu:AFLOWDATA/LIB3_WEB/AgAlAs/TFCC004.BCA
Ag1Al2As1,aflow:bff90eb1178021b9,,,0.0971628,17.7173,12,mS8,aflowlib.duke.edu:AFLOWDATA/LIB3_WEB/AgAlAs/TBCC014.BCA
Ag1Al2As1,aflow:d6ca67f1e1112772,,,0.0872603,17.7774,35,oS8,aflowlib.duke.edu:AFLOWDATA/LIB3_WEB/AgAlAs/TBCC004.BCA
Ag1Al2As1,aflow:f967544cbf2235a1,0,metal,0.815734,18.7263,216,cF16,aflowlib.duke.edu:AFLOWDATA/LIB3_WEB/AgAlAs/T0002.AB2C:LDAU2
Ag1Al2As1,aflow:fc27c21da509341c,,,0.0854485,17.8223,8,mS8,aflowlib.duke.edu:AFLOWDATA/LIB3_WEB/AgAlAs/TFCC006.BCA
Ag1Al2As2,aflow:80c11550cc3f4f04,,,0.182512,20.9459,139,tI10,aflowlib.duke.edu:AFLOWDATA/LIB3_WEB/AgAlAs/T0011.BAC
Ag1Al2As2,aflow:f6e83d7e4ea65686,,,0.0513011,21.0582,139,tI10,aflowlib.duke.edu:AFLOWDATA/LIB3_WEB/AgAlAs/T0011.CAB
Ag1Al2Au1,aflow:1dc35885ec88fbfc,,,-0.0764417,17.4765,47,oP4,aflowlib.duke.edu:AFLOWDATA/LIB3_WEB/AgAlAu/TBCC015.BCA
Ag1Al2Au1,aflow:214d41c271242cd0,,,-0.148178,17.1385,166,hR4,aflowlib.duke.edu:AFLOWDATA/LIB3_WEB/AgAlAu/TFCC009.BCA
Ag1Al2Au1,aflow:25f93816ceb40100,,,-0.139264,16.7615,123,tP4,aflowlib.duke.edu:AFLOWDATA/LIB3_WEB/AgAlAu/TFCC016.BCA
Ag1Al2Au1,aflow:30327cb1af100650,,,-0.159131,17.075,10,mP4,aflowlib.duke.edu:AFLOWDATA/LIB3_WEB/AgAlAu/TFCC014.BCA
Ag1Al2Au1,aflow:3293276f5e6626fe,,,-0.13405,16.9074,119,tI8,aflowlib.duke.edu:AFLOWDATA/LIB3_WEB/AgAlAu/TFCC008.BCA
Ag1Al2Au1,aflow:4087dd29176cddfa,,,-0.113211,16.985,123,tP4,aflowlib.duke.edu:AFLOWDATA/LIB3_WEB/AgAlAu/TFCC012.BCA
Ag1Al2Au1,aflow:4daafd6e005d5605,,,-0.126777,16.8476,139,tI8,aflowlib.duke.edu:AFLOWDATA/LIB3_WEB/AgAlAu/TFCC013.BCA
Ag1Al2Au1,aflow:50dd2458ec8beb37,,,-0.102329,16.9805,35,oS8,aflowlib.duke.edu:AFLOWDATA/LIB3_WEB/AgAlAu/TBCC004.BCA
Ag1Al2Au1,aflow:6402ceb3d9a9b8c3,,,-0.13319,16.9342,44,oI8,aflowlib.duke.edu:AFLOWDATA/LIB3_WEB/AgAlAu/TBCC007.BCA
Ag1Al2Au1,aflow:64d25f7b63780681,,,-0.0767626,17.5475,71,oI8,aflowlib.duke.edu:AFLOWDATA/LIB3_WEB/AgAlAu/TBCC012.BCA
Ag1Al2Au1,aflow:69356b3718639741,,,-0.078527,17.6739,12,mS8,aflowlib.duke.edu:AFLOWDATA/LIB3_WEB/AgAlAu/TBCC014.BCA
Ag1Al2Au1,aflow:6c40c7c1a37c06ee,,,-0.11243,16.7111,225,cF16,aflowlib.duke.edu:AFLOWDATA/LIB3_WEB/AgAlAu/TBCC013.BCA
Ag1Al2Au1,aflow:89ed45a6e8d77b5c,,,-0.093864,17.8341,10,mP4,aflowlib.duke.edu:AFLOWDATA/LIB3_WEB/AgAlAu/TBCC010.BCA
Ag1Al2Au1,aflow:8e0f5aaccf9eee77,,,-0.120287,17.2185,160,hR4,aflowlib.duke.edu:AFLOWDATA/LIB3_WEB/AgAlAu/TFCC004.BCA
Ag1Al2Au1,aflow:962cfc8106453144,,,-0.112534,16.7,225,cF16,aflowlib.duke.edu:AFLOWDATA/LIB3_WEB/AgAlAu/T0001.AB2C
Ag1Al2Au1,aflow:995c6a28118d8c75,,,0.013976,17.5411,216,cF16,aflowlib.duke.edu:AFLOWDATA/LIB3_WEB/AgAlAu/T0002.AB2C
Ag1Al2Au1,aflow:9efe0965349c5a80,,,-0.189642,16.9959,6,mP4,aflowlib.duke.edu:AFLOWDATA/LIB3_WEB/AgAlAu/TBCC005.BCA
Ag1Al2Au1,aflow:b134059124ed99d2,,,-0.140853,16.8949,65,oS8,aflowlib.duke.edu:AFLOWDATA/LIB3_WEB/AgAlAu/TFCC015.BCA
Ag1Al2Au1,aflow:b34e7aff17f21179,,,-0.164654,17.0091,12,mS8,aflowlib.duke.edu:AFLOWDATA/LIB3_WEB/AgAlAu/TFCC011.BCA
Ag1Al2Au1,aflow:b922ad073ae43e69,,,-0.136969,16.9051,47,oP4,aflowlib.duke.edu:AFLOWDATA/LIB3_WEB/AgAlAu/TFCC010.BCA
Ag1Al2Au1,aflow:ba67e0f4297c17e8,,,-0.138236,16.7856,123,tP4,aflowlib.duke.edu:AFLOWDATA/LIB3_WEB/AgAlAu/TBCC016.BCA
Ag1Al2Au1,aflow:bca40cb48f55c28a,,,-0.0634852,17.8379,65,oS8,aflowlib.duke.edu:AFLOWDATA/LIB3_WEB/AgAlAu/TBCC009.BCA
Ag1Al2Au1,aflow:c4a744140c6ad24d,,,-0.212626,17.1639,99,tP4,aflowlib.duke.edu:AFLOWDATA/LIB3_WEB/AgAlAu/TBCC006.BCA
Ag1Al2Au1,aflow:cb4a059c317eb895,,,-0.211691,17.0748,25,oP4,aflowlib.duke.edu:AFLOWDATA/LIB3_WEB/AgAlAu/TFCC005.BCA
Ag1Al2Au1,aflow:d8c1c291002b3c11,,,-0.105177,17.0457,99,tP4,aflowlib.duke.edu:AFLOWDATA/LIB3_WEB/AgAlAu/TFCC007.BCA
Ag1Al2Au1,aflow:e04b735ec7e28a23,,,-0.178749,17.0505,8,mS8,aflowlib.duke.edu:AFLOWDATA/LIB3_WEB/AgAlAu/TFCC006.BCA
Ag1Al2Au1,aflow:e498f8bda32c5042,,,0.013989,17.5512,216,cF16,aflowlib.duke.edu:AFLOWDATA/LIB3_WEB/AgAlAu/TBCC008.BCA
Ag1Al2Au1,aflow:f723f8f317e7daf1,,,-0.101522,16.8822,123,tP4,aflowlib.duke.edu:AFLOWDATA/LIB3_WEB/AgAlAu/TBCC011.BCA
Ag1Al2Au2,aflow:5c85f277405a110c,,,-0.0369038,19.7305,139,tI10,aflowlib.duke.edu:AFLOWDATA/LIB3_WEB/AgAlAu/T0011.BAC
Ag1Al2B1,aflow:052ec5a5e877bbcb,,,0.203632,15.3076,12,mS8,aflowlib.duke.edu:AFLOWDATA/LIB3_WEB/AgAlB_h/TFCC011.BCA
Ag1Al2B1,aflow:115681a1edf540fa,,,0.285489,15.4817,8,mS8,aflowlib.duke.edu:AFLOWDATA/LIB3_WEB/AgAlB_h/TFCC006.BCA
Ag1Al2B1,aflow:17d86e2d16095939,,,0.25045,16.3888,6,mP4,aflowlib.duke.edu:AFLOWDATA/LIB3_WEB/AgAlB_h/TBCC005.BCA
Ag1Al2B1,aflow:3b7324e8c1e7edba,,,0.640932,13.9305,123,tP4,aflowlib.duke.edu:AFLOWDATA/LIB3_WEB/AgAlB_h/TBCC016.BCA
Ag1Al2B1,aflow:3d1fbab32eb5397b,,,0.290676,14.5479,44,oI8,aflowlib.duke.edu:AFLOWDATA/LIB3_WEB/AgAlB_h/TBCC007.BCA
Ag1Al2B1,aflow:3e7b9eaf7518575b,,,0.791237,15.1279,216,cF16,aflowlib.duke.edu:AFLOWDATA/LIB3_WEB/AgAlB_h/T0002.AB2C
Ag1Al2B1,aflow:4c1879ef45e415cb,,,0.598285,14.2609,65,oS8,aflowlib.duke.edu:AFLOWDATA/LIB3_WEB/AgAlB_h/TBCC014.BCA
Ag1Al2B1,aflow:625e53af6aaf4989,,,0.262838,14.1702,166,hR4,aflowlib.duke.edu:AFLOWDATA/LIB3_WEB/AgAlB_h/TFCC009.BCA
Ag1Al2B1,aflow:64ef4d34774c69a3,,,0.598019,14.2716,65,oS8,aflowlib.duke.edu:AFLOWDATA/LIB3_WEB/AgAlB_h/TFCC015.BCA
Ag1Al2B1,aflow:7096bafb90047728,,,0.407434,14.089,47,oP4,aflowlib.duke.edu:AFLOWDATA/LIB3_WEB/AgAlB_h/TFCC010.BCA
Ag1Al2B1,aflow:73443494c6be0223,,,0.496492,14.2696,99,tP4,aflowlib.duke.edu:AFLOWDATA/LIB3_WEB/AgAlB_h/TFCC007.BCA
Ag1Al2B1,aflow:78d9d7c9b7d447c1,,,0.351111,14.404,65,oS8,aflowlib.duke.edu:AFLOWDATA/LIB3_WEB/AgAlB_h/TBCC009.BCA
Ag1Al2B1,aflow:8b7a46f71e12202e,,,0.640795,14.359,119,tI8,aflowlib.duke.edu:AFLOWDATA/LIB3_WEB/AgAlB_h/TFCC008.BCA
Ag1Al2B1,aflow:9cce6a4c19ddf4a4,,,0.496308,14.3168,35,oS8,aflowlib.duke.edu:AFLOWDATA/LIB3_WEB/AgAlB_h/TBCC004.BCA
Ag1Al2B1,aflow:a099848abb943c3f,,,0.735814,15.2946,47,oP4,aflowlib.duke.edu:AFLOWDATA/LIB3_WEB/AgAlB_h/TBCC015.BCA
Ag1Al2B1,aflow:adb653f9210bcad0,,,0.672783,14.5998,225,cF16,aflowlib.duke.edu:AFLOWDATA/LIB3_WEB/AgAlB_h/T0001.AB2C
Ag1Al2B1,aflow:b3ba2e0ddc5d0ac1,,,0.407097,14.0522,123,tP4,aflowlib.duke.edu:AFLOWDATA/LIB3_WEB/AgAlB_h/TBCC011.BCA
Ag1Al2B1,aflow:d456784bb4d4f19b,,,0.441114,14.6512,160,hR4,aflowlib.duke.edu:AFLOWDATA/LIB3_WEB/AgAlB_h/TFCC004.BCA
Ag1Al2B1,aflow:d9961309be9add22,,,0.628383,14.2809,123,tP4,aflowlib.duke.edu:AFLOWDATA/LIB3_WEB/AgAlB_h/TFCC016.BCA
Ag1Al2B1,aflow:e14c692bc5f5b3d3,,,0.614551,14.2305,139,tI8,aflowlib.duke.edu:AFLOWDATA/LIB3_WEB/AgAlB_h/TFCC013.BCA
Ag1Al2B1,aflow:e1d7167b2dc3a086,,,0.560917,14.5962,10,mP4,aflowlib.duke.edu:AFLOWDATA/LIB3_WEB/AgAlB_h/TFCC014.BCA
Ag1Al2B1,aflow:e4fbe14ba2834d91,,,0.407611,15.9784,25,oP4,aflowlib.duke.edu:AFLOWDATA/LIB3_WEB/AgAlB_h/TFCC005.BCA
Ag1Al2B1,aflow:e9bac3c0352ad71c,,,0.49608,14.2349,99,tP4,aflowlib.duke.edu:AFLOWDATA/LIB3_WEB/AgAlB_h/TBCC006.BCA
Ag1Al2B1,aflow:ea8eabe6bab35b9e,,,0.371755,15.4841,10,mP4,aflowlib.duke.edu:AFLOWDATA/LIB3_WEB/AgAlB_h/TBCC010.BCA
Ag1Al2B1,aflow:fa6c016dd2b01076,,,0.471368,14.9798,71,oI8,aflowlib.duke.edu:AFLOWDATA/LIB3_WEB/AgAlB_h/TBCC012.BCA
Ag1Al2B1,aflow:fe19aa1c56bb4aa9,,,0.406957,14.1083,123,tP4,aflowlib.duke.edu:AFLOWDATA/LIB3_WEB/AgAlB_h/TFCC012.BCA
Ag1Al2B2,aflow:75f40a8e2584f78d,,,0.346994,12.6542,139,tI10,aflowlib.duke.edu:AFLOWDATA/LIB3_WEB/AgAlB_h/T0011.CAB
Ag1Al2B2,aflow:f104bc7179b134c7,,,0.321708,12.4396,139,tI10,aflowlib.duke.edu:AFLOWDATA/LIB3_WEB/AgAlB_h/T0011.BAC
Ag1Al2Ba1,aflow:0670b77c2ce374cb,,,0.305752,25.812,65,oS8,aflowlib.duke.edu:AFLOWDATA/LIB3_WEB/AgAlBa_sv/TFCC015.BCA
Ag1Al2Ba1,aflow:0a96e4f948f31284,,,-0.014678,24.3001,47,oP4,aflowlib.duke.edu:AFLOWDATA/LIB3_WEB/AgAlBa_sv/TFCC010.BCA
Ag1Al2Ba1,aflow:225c8fd200dc0bf4,,,0.044073,24.7828,119,tI8,aflowlib.duke.edu:AFLOWDATA/LIB3_WEB/AgAlBa_sv/TFCC008.BCA
Ag1Al2Ba1,aflow:28811505eb2d9ac4,,,-0.206445,27.2353,160,hR4,aflowlib.duke.edu:AFLOWDATA/LIB3_WEB/AgAlBa_sv/TFCC006.BCA
Ag1Al2Ba1,aflow:4a9a7c23bf0596ff,,,-0.0156328,24.3056,123,tP4,aflowlib.duke.edu:AFLOWDATA/LIB3_WEB/AgAlBa_sv/TFCC012.BCA
Ag1Al2Ba1,aflow:50947a9f808b7303,,,0.043529,24.8819,216,cF16,aflowlib.duke.edu:AFLOWDATA/LIB3_WEB/AgAlBa_sv/T0002.AB2C
Ag1Al2Ba1,aflow:510328ab85d2f4a9,,,-0.016041,24.4077,123,tP4,aflowlib.duke.edu:AFLOWDATA/LIB3_WEB/AgAlBa_sv/TBCC011.BCA
Ag1Al2Ba1,aflow:53bb478d21760384,,,0.0278928,26.262,44,oI8,aflowlib.duke.edu:AFLOWDATA/LIB3_WEB/AgAlBa_sv/TBCC007.BCA
Ag1Al2Ba1,aflow:649166ab8500910c,,,0.168283,26.2386,123,tP4,aflowlib.duke.edu:AFLOWDATA/LIB3_WEB/AgAlBa_sv/TFCC014.BCA
Ag1Al2Ba1,aflow:68ac9b6d41533cc2,,,-0.0107727,24.4411,25,oP4,aflowlib.duke.edu:AFLOWDATA/LIB3_WEB/AgAlBa_sv/TFCC005.BCA
Ag1Al2Ba1,aflow:6ed9a2c3a059c940,,,0.117664,24.4875,225,cF16,aflowlib.duke.edu:AFLOWDATA/LIB3_WEB/AgAlBa_sv/T0001.AB2C
Ag1Al2Ba1,aflow:75cf968fdfd8572d,,,-0.0087415,24.4731,99,tP4,aflowlib.duke.edu:AFLOWDATA/LIB3_WEB/AgAlBa_sv/TFCC007.BCA
Ag1Al2Ba1,aflow:7fb9b9fb3c446f46,,,-0.206207,27.2841,12,mS8,aflowlib.duke.edu:AFLOWDATA/LIB3_WEB/AgAlBa_sv/TFCC011.BCA
Ag1Al2Ba1,aflow:83ef88efef1c05be,,,-0.0225847,26.4872,6,mP4,aflowlib.duke.edu:AFLOWDATA/LIB3_WEB/AgAlBa_sv/TBCC005.BCA
Ag1Al2Ba1,aflow:93d479def29584e5,,,0.298526,25.5158,12,mS8,aflowlib.duke.edu:AFLOWDATA/LIB3_WEB/AgAlBa_sv/TBCC014.BCA
Ag1Al2Ba1,aflow:9e6ec17111243ea2,,,-0.0126947,24.4386,99,tP4,aflowlib.duke.edu:AFLOWDATA/LIB3_WEB/AgAlBa_sv/TBCC006.BCA
Ag1Al2Ba1,aflow:a0a89b15945c87af,,,-0.0163494,24.2658,65,oS8,aflowlib.duke.edu:AFLOWDATA/LIB3_WEB/AgAlBa_sv/TBCC009.BCA
Ag1Al2Ba1,aflow:a6d78bb83d4818b4,,,0.168576,26.2812,123,tP4,aflowlib.duke.edu:AFLOWDATA/LIB3_WEB/AgAlBa_sv/TFCC016.BCA
Ag1Al2Ba1,aflow:a70050dc38eb7e21,,,0.168118,26.2359,123,tP4,aflowlib.duke.edu:AFLOWDATA/LIB3_WEB/AgAlBa_sv/TBCC015.BCA
Ag1Al2Ba1,aflow:abae26cbef117f7d,,,0.0671103,27.2029,71,oI8,aflowlib.duke.edu:AFLOWDATA/LIB3_WEB/AgAlBa_sv/TBCC012.BCA
Ag1Al2Ba1,aflow:b1ab629974df7a99,,,-0.0103841,24.3174,35,oS8,aflowlib.duke.edu:AFLOWDATA/LIB3_WEB/AgAlBa_sv/TBCC004.BCA
Ag1Al2Ba1,aflow:c87892112862619b,,,-0.0881455,29.1091,10,mP4,aflowlib.duke.edu:AFLOWDATA/LIB3_WEB/AgAlBa_sv/TBCC010.BCA
Ag1Al2Ba1,aflow:cd86c2423cff51c1,,,-0.206637,27.1848,166,hR4,aflowlib.duke.edu:AFLOWDATA/LIB3_WEB/AgAlBa_sv/TFCC009.BCA
Ag1Al2Ba1,aflow:de580772d8c90ec8,,,-0.206717,27.0697,160,hR4,aflowlib.duke.edu:AFLOWDATA/LIB3_WEB/AgAlBa_sv/TFCC004.BCA
Ag1Al2Ba1,aflow:f3770311e18a7e05,,,0.117907,24.5231,225,cF16,aflowlib.duke.edu:AFLOWDATA/LIB3_WEB/AgAlBa_sv/TFCC013.BCA
Ag1Al2Ba1,aflow:f6b4700b519e373a,,,0.166658,26.3452,123,tP4,aflowlib.duke.edu:AFLOWDATA/LIB3_WEB/AgAlBa_sv/TBCC016.BCA
Ag1Al2Ba2,aflow:04f8df95f00d2acd,,,0.0536306,34.9255,139,tI10,aflowlib.duke.edu:AFLOWDATA/LIB3_WEB/AgAlBa_sv/T0011.BAC
Ag1Al2Ba2,aflow:b6452356c0a6fdca,,,-0.0068214,32.4499,139,tI10,aflowlib.duke.edu:AFLOWDATA/LIB3_WEB/AgAlBa_sv/T0011.CAB
Ag1Al2Be1,aflow:16cbc02377dd4e1c,,,0.224273,15.2343,71,oI8,aflowlib.duke.edu:AFLOWDATA/LIB3_WEB/AgAlBe_sv/TBCC012.BCA
Ag1Al2Be1,aflow:1adb4493ca9d6e82,,,0.124224,15.1131,166,hR4,aflowlib.duke.edu:AFLOWDATA/LIB3_WEB/AgAlBe_sv/TFCC009.BCA
Ag1Al2Be1,aflow:1acae4b4a3f5b695,,,0.257177,15.4289,47,oP4,aflowlib.duke.edu:AFLOWDATA/LIB3_WEB/AgAlBe_sv/TBCC015.BCA
Ag1Al2Be1,aflow:208708c764a470b1,,,0.308968,15.2609,225,cF16,aflowlib.duke.edu:AFLOWDATA/LIB3_WEB/AgAlBe_sv/T0001.AB2C
Ag1Al2Be1,aflow:25800ac5f7fd6820,,,0.186048,15.0327,139,tI8,aflowlib.duke.edu:AFLOWDATA/LIB3_WEB/AgAlBe_sv/TFCC013.BCA
Ag1Al2Be1,aflow:26a1d22b41f15096,,,0.136747,15.5607,44,oI8,aflowlib.duke.edu:AFLOWDATA/LIB3_WEB/AgAlBe_sv/TBCC007.BCA
Ag1Al2Be1,aflow:26b30db4d838b3c4,,,0.286728,15.212,123,tP4,aflowlib.duke.edu:AFLOWDATA/LIB3_WEB/AgAlBe_sv/TBCC016.BCA
Ag1Al2Be1,aflow:2ee3bf94bb43a477,,,0.179422,15.172,65,oS8,aflowlib.duke.edu:AFLOWDATA/LIB3_WEB/AgAlBe_sv/TFCC015.BCA
Ag1Al2Be1,aflow:3fa582355fa1a635,,,0.146457,14.9488,25,oP4,aflowlib.duke.edu:AFLOWDATA/LIB3_WEB/AgAlBe_sv/TFCC005.BCA
Ag1Al2Be1,aflow:3f6a7291d2201a3b,,,0.147601,15.0767,12,mS8,aflowlib.duke.edu:AFLOWDATA/LIB3_WEB/AgAlBe_sv/TFCC011.BCA
Ag1Al2Be1,aflow:425643de4a0d0e1d,,,0.160379,15.1,8,mS8,aflowlib.duke.edu:AFLOWDATA/LIB3_WEB/AgAlBe_sv/TFCC006.BCA
Ag1Al2Be1,aflow:45e3c95217ef11da,,,0.235745,15.6361,10,mP4,aflowlib.duke.edu:AFLOWDATA/LIB3_WEB/AgAlBe_sv/TBCC010.BCA
Ag1Al2Be1,aflow:47bce7c110143e7d,,,0.13524,14.9446,123,tP4,aflowlib.duke.edu:AFLOWDATA/LIB3_WEB/AgAlBe_sv/TBCC009.BCA
Ag1Al2Be1,aflow:625be4ab1f46fa0c,,,0.188441,15.0614,119,tI8,aflowlib.duke.edu:AFLOWDATA/LIB3_WEB/AgAlBe_sv/TFCC008.BCA
Ag1Al2Be1,aflow:75a3bec3013bba35,,,0.120051,15.129,6,mP4,aflowlib.duke.edu:AFLOWDATA/LIB3_WEB/AgAlBe_sv/TBCC005.BCA
Ag1Al2Be1,aflow:7dfc581b8de90711,,,0.127957,14.8785,99,tP4,aflowlib.duke.edu:AFLOWDATA/LIB3_WEB/AgAlBe_sv/TBCC006.BCA
Ag1Al2Be1,aflow:87cf012e4db12c8e,,,0.238981,15.4962,12,mS8,aflowlib.duke.edu:AFLOWDATA/LIB3_WEB/AgAlBe_sv/TBCC014.BCA
Ag1Al2Be1,aflow:a9b317f842173ca3,,,0.155465,14.9692,47,oP4,aflowlib.duke.edu:AFLOWDATA/LIB3_WEB/AgAlBe_sv/TFCC010.BCA
Ag1Al2Be1,aflow:aed7d7eebb486952,,,0.13222,14.9776,123,tP4,aflowlib.duke.edu:AFLOWDATA/LIB3_WEB/AgAlBe_sv/TBCC011.BCA
Ag1Al2Be1,aflow:b2ef28de294804e4,,,0.114242,14.9907,160,hR4,aflowlib.duke.edu:AFLOWDATA/LIB3_WEB/AgAlBe_sv/TFCC004.BCA
Ag1Al2Be1,aflow:b6be5e06e897614a,,,0.329483,15.3987,216,cF16,aflowlib.duke.edu:AFLOWDATA/LIB3_WEB/AgAlBe_sv/T0002.AB2C
Ag1Al2Be1,aflow:d7d944c853cff33e,,,0.133853,14.9741,123,tP4,aflowlib.duke.edu:AFLOWDATA/LIB3_WEB/AgAlBe_sv/TFCC012.BCA
Ag1Al2Be1,aflow:d91e8f085a6a6b18,,,0.19314,15.0436,123,tP4,aflowlib.duke.edu:AFLOWDATA/LIB3_WEB/AgAlBe_sv/TFCC016.BCA
Ag1Al2Be1,aflow:eb866c5993ca60e6,,,0.160684,15.1393,10,mP4,aflowlib.duke.edu:AFLOWDATA/LIB3_WEB/AgAlBe_sv/TFCC014.BCA
Ag1Al2Be1,aflow:f220960551af7ae7,,,0.124465,14.8848,99,tP4,aflowlib.duke.edu:AFLOWDATA/LIB3_WEB/AgAlBe_sv/TFCC007.BCA
Ag1Al2Be1,aflow:f42c0d89b28f8790,,,0.125687,14.8976,99,tP4,aflowlib.duke.edu:AFLOWDATA/LIB3_WEB/AgAlBe_sv/TBCC004.BCA
Ag1Al2Be2,aflow:105dc2a50ac28567,,,0.235801,13.9809,139,tI10,aflowlib.duke.edu:AFLOWDATA/LIB3_WEB/AgAlBe_sv/T0011.BAC
Ag1Al2Be2,aflow:6cb7561d346f7181,,,0.358129,14.7697,139,tI10,aflowlib.duke.edu:AFLOWDATA/LIB3_WEB/AgAlBe_sv/T0011.CAB
Ag1Al2Bi1,aflow:0381a6d5481b7411,,,0.261896,21.6479,65,oS8,aflowlib.duke.edu:AFLOWDATA/LIB3_WEB/AgAlBi_d/TFCC015.BCA
Ag1Al2Bi1,aflow:05c0f0e21e273fe6,,,0.241144,21.6389,123,tP4,aflowlib.duke.edu:AFLOWDATA/LIB3_WEB/AgAlBi_d/TFCC016.BCA
Ag1Al2Bi1,aflow:082cf66867a83935,,,0.254876,22.132,12,mS8,aflowlib.duke.edu:AFLOWDATA/LIB3_WEB/AgAlBi_d/TBCC014.BCA
Ag1Al2Bi1,aflow:09737276e33f8a3a,,,0.160231,21.4335,25,oP4,aflowlib.duke.edu:AFLOWDATA/LIB3_WEB/AgAlBi_d/TFCC005.BCA
Ag1Al2Bi1,aflow:1193c98b7028d9af,,,0.240379,21.6377,139,tI8,aflowlib.duke.edu:AFLOWDATA/LIB3_WEB/AgAlBi_d/TFCC013.BCA
Ag1Al2Bi1,aflow:158cbe63b42492d4,,,0.243844,21.6895,47,oP4,aflowlib.duke.edu:AFLOWDATA/LIB3_WEB/AgAlBi_d/TBCC015.BCA
Ag1Al2Bi1,aflow:21024b78a1a56957,,,0.22119,23.1272,10,mP4,aflowlib.duke.edu:AFLOWDATA/LIB3_WEB/AgAlBi_d/TBCC010.BCA
Ag1Al2Bi1,aflow:31e001b3c5878919,,,0.144577,21.2916,99,tP4,aflowlib.duke.edu:AFLOWDATA/LIB3_WEB/AgAlBi_d/TFCC007.BCA
Ag1Al2Bi1,aflow:32f190744db3d981,,,0.131345,21.9441,12,mS8,aflowlib.duke.edu:AFLOWDATA/LIB3_WEB/AgAlBi_d/TFCC011.BCA
Ag1Al2Bi1,aflow:3284c639fb7f449b,,,0.234855,21.5585,119,tI8,aflowlib.duke.edu:AFLOWDATA/LIB3_WEB/AgAlBi_d/TFCC008.BCA
Ag1Al2Bi1,aflow:5ed5cb0ed38033d0,,,0.139851,21.2872,99,tP4,aflowlib.duke.edu:AFLOWDATA/LIB3_WEB/AgAlBi_d/TBCC006.BCA
Ag1Al2Bi1,aflow:6df375250809dadc,,,0.183217,21.3248,47,oP4,aflowlib.duke.edu:AFLOWDATA/LIB3_WEB/AgAlBi_d/TFCC010.BCA
Ag1Al2Bi1,aflow:7b3cd5f877a4a3c2,,,0.173932,21.0748,123,tP4,aflowlib.duke.edu:AFLOWDATA/LIB3_WEB/AgAlBi_d/TBCC011.BCA
Ag1Al2Bi1,aflow:8ce2c3d0bb7319c4,,,0.191365,22.0785,166,hR4,aflowlib.duke.edu:AFLOWDATA/LIB3_WEB/AgAlBi_d/TFCC009.BCA
Ag1Al2Bi1,aflow:8ee1c27add736f0b,,,0.234041,21.6203,10,mP4,aflowlib.duke.edu:AFLOWDATA/LIB3_WEB/AgAlBi_d/TFCC014.BCA
Ag1Al2Bi1,aflow:8fc76ef3b2e3131a,,,0.284391,22.1104,225,cF16,aflowlib.duke.edu:AFLOWDATA/LIB3_WEB/AgAlBi_d/T0001.AB2C
Ag1Al2Bi1,aflow:9fee93b0869b9ee1,,,0.242505,21.7051,123,tP4,aflowlib.duke.edu:AFLOWDATA/LIB3_WEB/AgAlBi_d/TBCC016.BCA
Ag1Al2Bi1,aflow:aaa900a1b80ae286,,,0.256887,22.0844,216,cF16,aflowlib.duke.edu:AFLOWDATA/LIB3_WEB/AgAlBi_d/T0002.AB2C
Ag1Al2Bi1,aflow:b3ca45ec0175108b,,,0.252613,21.6323,71,oI8,aflowlib.duke.edu:AFLOWDATA/LIB3_WEB/AgAlBi_d/TBCC012.BCA
Ag1Al2Bi1,aflow:bbb6a646e60da930,,,0.139295,22.0548,8,mS8,aflowlib.duke.edu:AFLOWDATA/LIB3_WEB/AgAlBi_d/TFCC006.BCA
Ag1Al2Bi1,aflow:d3934133dce642cd,,,0.178983,21.9978,6,mP4,aflowlib.duke.edu:AFLOWDATA/LIB3_WEB/AgAlBi_d/TBCC005.BCA
Ag1Al2Bi1,aflow:db880aaf9d26fb65,,,0.228413,21.8723,44,oI8,aflowlib.duke.edu:AFLOWDATA/LIB3_WEB/AgAlBi_d/TBCC007.BCA
Ag1Al2Bi1,aflow:e773729675ccd64b,,,0.172042,21.1196,123,tP4,aflowlib.duke.edu:AFLOWDATA/LIB3_WEB/AgAlBi_d/TFCC012.BCA
Ag1Al2Bi1,aflow:ec5a33878f6be820,,,0.176006,21.7293,160,hR4,aflowlib.duke.edu:AFLOWDATA/LIB3_WEB/AgAlBi_d/TFCC004.BCA
Ag1Al2Bi1,aflow:f2522f600fbb1c52,,,0.173889,21.2592,123,tP4,aflowlib.duke.edu:AFLOWDATA/LIB3_WEB/AgAlBi_d/TBCC009.BCA
Ag1Al2Bi1,aflow:fd9c093fa5d054a9,,,0.140217,21.117,99,tP4,aflowlib.duke.edu:AFLOWDATA/LIB3_WEB/AgAlBi_d/TBCC004.BCA
Ag1Al2Bi2,aflow:0ad0a37bc7c7f8c5,,,0.246373,24.9594,139,tI10,aflowlib.duke.edu:AFLOWDATA/LIB3_WEB/AgAlBi_d/T0011.CAB
Ag1Al2Bi2,aflow:497cb1699ebb2429,,,0.369947,27.4978,139,tI10,aflowlib.duke.edu:AFLOWDATA/LIB3_WEB/AgAlBi_d/T0011.BAC
Ag1Al2Br1,aflow:10009b90e273463a,,,0.110555,21.0868,12,mS8,aflowlib.duke.edu:AFLOWDATA/LIB3_WEB/AgAlBr/TBCC014.BCA
Ag1Al2Br1,aflow:14e0515487b9d78c,,,0.0689418,20.3433,123,tP4,aflowlib.duke.edu:AFLOWDATA/LIB3_WEB/AgAlBr/TBCC011.BCA
Ag1Al2Br1,aflow:1c11f5306b3ef0f2,,,0.015392,20.4351,99,tP4,aflowlib.duke.edu:AFLOWDATA/LIB3_WEB/AgAlBr/TBCC006.BCA
Ag1Al2Br1,aflow:1d0a758f8bd58c26,,,0.0658995,20.4921,123,tP4,aflowlib.duke.edu:AFLOWDATA/LIB3_WEB/AgAlBr/TFCC012.BCA
Ag1Al2Br1,aflow:24d9bd04751be7b1,,,0.0411326,20.9165,6,mP4,aflowlib.duke.edu:AFLOWDATA/LIB3_WEB/AgAlBr/TBCC005.BCA
Ag1Al2Br1,aflow:4e13e559ca4d1de1,,,0.104541,20.6791,8,mS8,aflowlib.duke.edu:AFLOWDATA/LIB3_WEB/AgAlBr/TFCC006.BCA
Ag1Al2Br1,aflow:5669068301d652ab,,,0.161945,20.5165,12,mS8,aflowlib.duke.edu:AFLOWDATA/LIB3_WEB/AgAlBr/TFCC011.BCA
Ag1Al2Br1,aflow:571e8cc427118809,,,0.284996,22.2575,225,cF16,aflowlib.duke.edu:AFLOWDATA/LIB3_WEB/AgAlBr/T0001.AB2C
Ag1Al2Br1,aflow:5d8440e8e99113de,,,0.20281,21.193,10,mP4,aflowlib.duke.edu:AFLOWDATA/LIB3_WEB/AgAlBr/TBCC010.BCA
Ag1Al2Br1,aflow:6f2325e36685e16e,,,0.128321,20.7402,123,tP4,aflowlib.duke.edu:AFLOWDATA/LIB3_WEB/AgAlBr/TFCC016.BCA
Ag1Al2Br1,aflow:86e25a9835d41e87,,,0.0659655,20.3624,47,oP4,aflowlib.duke.edu:AFLOWDATA/LIB3_WEB/AgAlBr/TFCC010.BCA
Ag1Al2Br1,aflow:9314668c8003db62,,,0.129074,20.6397,123,tP4,aflowlib.duke.edu:AFLOWDATA/LIB3_WEB/AgAlBr/TBCC016.BCA
Ag1Al2Br1,aflow:940e6eff161f0418,,,0.223913,21.5736,139,tI8,aflowlib.duke.edu:AFLOWDATA/LIB3_WEB/AgAlBr/TFCC013.BCA
Ag1Al2Br1,aflow:942692bc5cadb770,,,0.130331,20.6455,65,oS8,aflowlib.duke.edu:AFLOWDATA/LIB3_WEB/AgAlBr/TFCC015.BCA
Ag1Al2Br1,aflow:979f7e98d0d0b236,,,-0.003481,21.052,166,hR4,aflowlib.duke.edu:AFLOWDATA/LIB3_WEB/AgAlBr/TFCC009.BCA
Ag1Al2Br1,aflow:a2c8e0be05e9745a,,,0.242413,22.5477,119,tI8,aflowlib.duke.edu:AFLOWDATA/LIB3_WEB/AgAlBr/TFCC008.BCA
Ag1Al2Br1,aflow:b0a1847dab25820a,,,0.0181108,20.4846,35,oS8,aflowlib.duke.edu:AFLOWDATA/LIB3_WEB/AgAlBr/TBCC004.BCA
Ag1Al2Br1,aflow:c4b6192ba5db8105,,,0.0190298,20.4983,99,tP4,aflowlib.duke.edu:AFLOWDATA/LIB3_WEB/AgAlBr/TFCC007.BCA
Ag1Al2Br1,aflow:cfa34d5d134e8586,,,0.017814,20.4116,25,oP4,aflowlib.duke.edu:AFLOWDATA/LIB3_WEB/AgAlBr/TFCC005.BCA
Ag1Al2Br1,aflow:d5c7c138a47870e4,,,0.386867,21.9819,216,cF16,aflowlib.duke.edu:AFLOWDATA/LIB3_WEB/AgAlBr/T0002.AB2C
Ag1Al2Br1,aflow:d7a6ed5a96a3dc98,,,0.0409805,20.9154,10,mP4,aflowlib.duke.edu:AFLOWDATA/LIB3_WEB/AgAlBr/TFCC014.BCA
Ag1Al2Br1,aflow:ebf756ba9f8bfbe3,,,0.127268,20.9435,65,oS8,aflowlib.duke.edu:AFLOWDATA/LIB3_WEB/AgAlBr/TBCC009.BCA
Ag1Al2Br1,aflow:f21388dc3b4c392b,,,0.104397,20.9337,44,oI8,aflowlib.duke.edu:AFLOWDATA/LIB3_WEB/AgAlBr/TBCC007.BCA
Ag1Al2Br1,aflow:fb4d5a0e5a2d7f63,,,0.204266,20.8223,47,oP4,aflowlib.duke.edu:AFLOWDATA/LIB3_WEB/AgAlBr/TBCC015.BCA
Ag1Al2Br1,aflow:fd4b4f216f514567,,,0.160959,20.5159,71,oI8,aflowlib.duke.edu:AFLOWDATA/LIB3_WEB/AgAlBr/TBCC012.BCA
Ag1Al2Br2,aflow:a892ac8cb87f67f1,,,0.282167,27.3558,139,tI10,aflowlib.duke.edu:AFLOWDATA/LIB3_WEB/AgAlBr/T0011.CAB
Ag1Al2Br2,aflow:a862be90f555ce22,,,0.190632,24.9925,139,tI10,aflowlib.duke.edu:AFLOWDATA/LIB3_WEB/AgAlBr/T0011.BAC
Ag1Al2Ca1,aflow:0461cbd7e035618b,,,-0.0760185,21.5914,8,mS8,aflowlib.duke.edu:AFLOWDATA/LIB3_WEB/AgAlCa_sv/TFCC006.BCA
Ag1Al2Ca1,aflow:094d7c9db5be5c2f,,,-0.111374,20.7774,123,tP4,aflowlib.duke.edu:AFLOWDATA/LIB3_WEB/AgAlCa_sv/TBCC015.BCA
Ag1Al2Ca1,aflow:1e393f2c215152d1,,,0.00765675,21.1261,65,oS8,aflowlib.duke.edu:AFLOWDATA/LIB3_WEB/AgAlCa_sv/TFCC015.BCA
Ag1Al2Ca1,aflow:31d20c8733df1fa4,,,-0.145564,20.5131,123,tP4,aflowlib.duke.edu:AFLOWDATA/LIB3_WEB/AgAlCa_sv/TBCC011.BCA
Ag1Al2Ca1,aflow:378e1f73845f8c70,,,-0.125826,21.8605,10,mP4,aflowlib.duke.edu:AFLOWDATA/LIB3_WEB/AgAlCa_sv/TBCC010.BCA
Ag1Al2Ca1,aflow:3d0d4163265a52bc,,,-0.141701,20.0646,44,oI8,aflowlib.duke.edu:AFLOWDATA/LIB3_WEB/AgAlCa_sv/TBCC007.BCA
Ag1Al2Ca1,aflow:49bcea922bec3baa,,,-0.075231,20.0149,139,tI8,aflowlib.duke.edu:AFLOWDATA/LIB3_WEB/AgAlCa_sv/TFCC013.BCA
Ag1Al2Ca1,aflow:4d88a7455da9c350,,,-0.144852,20.473,47,oP4,aflowlib.duke.edu:AFLOWDATA/LIB3_WEB/AgAlCa_sv/TFCC010.BCA
Ag1Al2Ca1,aflow:57fd86fee6fec884,,,-0.12432,20.8223,99,tP4,aflowlib.duke.edu:AFLOWDATA/LIB3_WEB/AgAlCa_sv/TBCC006.BCA
Ag1Al2Ca1,aflow:5b9c0e19b43fc332,,,-0.0670455,21.2783,12,mS8,aflowlib.duke.edu:AFLOWDATA/LIB3_WEB/AgAlCa_sv/TFCC011.BCA
Ag1Al2Ca1,aflow:5b485065db9fa226,,,0.0902853,22.2262,166,hR4,aflowlib.duke.edu:AFLOWDATA/LIB3_WEB/AgAlCa_sv/TFCC009.BCA
Ag1Al2Ca1,aflow:69560ce623fe5fe7,,,-0.111171,20.7088,47,oP4,aflowlib.duke.edu:AFLOWDATA/LIB3_WEB/AgAlCa_sv/TFCC014.BCA
Ag1Al2Ca1,aflow:73d8bb99d38dd572,,,-0.0616402,21.1792,71,oI8,aflowlib.duke.edu:AFLOWDATA/LIB3_WEB/AgAlCa_sv/TBCC012.BCA
Ag1Al2Ca1,aflow:7459f5558749da93,,,-0.112233,20.7132,123,tP4,aflowlib.duke.edu:AFLOWDATA/LIB3_WEB/AgAlCa_sv/TFCC016.BCA
Ag1Al2Ca1,aflow:7421b861b9848fa0,,,-0.12206,20.9303,99,tP4,aflowlib.duke.edu:AFLOWDATA/LIB3_WEB/AgAlCa_sv/TFCC007.BCA
Ag1Al2Ca1,aflow:7ddc08c5b6d94bbe,,,-0.113031,20.7057,123,tP4,aflowlib.duke.edu:AFLOWDATA/LIB3_WEB/AgAlCa_sv/TBCC016.BCA
Ag1Al2Ca1,aflow:8f059828932f063f,,,-0.076171,19.9923,225,cF16,aflowlib.duke.edu:AFLOWDATA/LIB3_WEB/AgAlCa_sv/T0001.AB2C
Ag1Al2Ca1,aflow:cafefa11cb8b6c24,,,-0.144752,20.3976,123,tP4,aflowlib.duke.edu:AFLOWDATA/LIB3_WEB/AgAlCa_sv/TFCC012.BCA
Ag1Al2Ca1,aflow:d4d802e55fe54e1b,,,-0.141826,20.1026,216,cF16,aflowlib.duke.edu:AFLOWDATA/LIB3_WEB/AgAlCa_sv/T0002.AB2C
Ag1Al2Ca1,aflow:d7d697ef90962544,,,-0.0922194,21.0375,6,mP4,aflowlib.duke.edu:AFLOWDATA/LIB3_WEB/AgAlCa_sv/TBCC005.BCA
Ag1Al2Ca1,aflow:e398847939a5db37,,,0.109413,21.7069,160,hR4,aflowlib.duke.edu:AFLOWDATA/LIB3_WEB/AgAlCa_sv/TFCC004.BCA
Ag1Al2Ca1,aflow:ea78558f8869853a,,,-0.122024,20.8985,99,tP4,aflowlib.duke.edu:AFLOWDATA/LIB3_WEB/AgAlCa_sv/TBCC004.BCA
Ag1Al2Ca1,aflow:ede2ed5f822899f6,,,0.00814858,21.2028,12,mP4,aflowlib.duke.edu:AFLOWDATA/LIB3_WEB/AgAlCa_sv/TBCC014.BCA
Ag1Al2Ca1,aflow:f8978457fa713cd5,,,-0.143084,20.5051,123,tP4,aflowlib.duke.edu:AFLOWDATA/LIB3_WEB/AgAlCa_sv/TBCC009.BCA
Ag1Al2Ca1,aflow:fff0b0a2a08c4eed,,,-0.142101,20.0375,119,tI8,aflowlib.duke.edu:AFLOWDATA/LIB3_WEB/AgAlCa_sv/TFCC008.BCA
Ag1Al2Ca2,aflow:2fd1d34cc8e171b7,,,0.357129,30.6267,139,tI10,aflowlib.duke.edu:AFLOWDATA/LIB3_WEB/AgAlCa_sv/T0011.BAC
Ag1Al2Ca2,aflow:b25e695d51b0b360,,,-0.0655337,26.3789,139,tI10,aflowlib.duke.edu:AFLOWDATA/LIB3_WEB/AgAlCa_sv/T0011.CAB
Ag1Al2Cd1,aflow:00e83de57c3f0b66,,,0.0484023,18.3921,12,mS8,aflowlib.duke.edu:AFLOWDATA/LIB3_WEB/AgAlCd/TFCC011.BCA
Ag1Al2Cd1,aflow:05ba57e7212d40ac,,,0.0986633,18.8131,47,oP4,aflowlib.duke.edu:AFLOWDATA/LIB3_WEB/AgAlCd/TBCC015.BCA
Ag1Al2Cd1,aflow:0f79ba74bcd418ed,,,0.179793,19.0957,216,cF16,aflowlib.duke.edu:AFLOWDATA/LIB3_WEB/AgAlCd/TBCC008.BCA
Ag1Al2Cd1,aflow:178bb1f692fce68f,,,0.026166,18.3272,99,tP4,aflowlib.duke.edu:AFLOWDATA/LIB3_WEB/AgAlCd/TFCC007.BCA
Ag1Al2Cd1,aflow:1c04dd33b202b809,,,0.0914912,18.8367,10,mP4,aflowlib.duke.edu:AFLOWDATA/LIB3_WEB/AgAlCd/TBCC010.BCA
Ag1Al2Cd1,aflow:2f9e901a98a1be01,,,0.187508,18.8892,123,tP4,aflowlib.duke.edu:AFLOWDATA/LIB3_WEB/AgAlCd/TBCC016.BCA
Ag1Al2Cd1,aflow:308e1c1186ea0339,,,0.0942035,18.5621,65,oS8,aflowlib.duke.edu:AFLOWDATA/LIB3_WEB/AgAlCd/TFCC015.BCA
Ag1Al2Cd1,aflow:31937c23dcbc2a3a,,,0.083118,18.4545,119,tI8,aflowlib.duke.edu:AFLOWDATA/LIB3_WEB/AgAlCd/TFCC008.BCA
Ag1Al2Cd1,aflow:3d2647bd42b05881,,,0.0554675,18.2904,10,mP4,aflowlib.duke.edu:AFLOWDATA/LIB3_WEB/AgAlCd/TFCC014.BCA
Ag1Al2Cd1,aflow:3eca811ad998b2c8,,,0.100033,18.9116,65,oS8,aflowlib.duke.edu:AFLOWDATA/LIB3_WEB/AgAlCd/TBCC009.BCA
Ag1Al2Cd1,aflow:55452184ec480f11,,,0.0873802,18.4675,47,oP4,aflowlib.duke.edu:AFLOWDATA/LIB3_WEB/AgAlCd/TFCC010.BCA
Ag1Al2Cd1,aflow:573fabb98d7353b4,,,0.104926,18.8673,44,oI8,aflowlib.duke.edu:AFLOWDATA/LIB3_WEB/AgAlCd/TBCC007.BCA
Ag1Al2Cd1,aflow:5da2d80e96922bdc,,,0.0443845,18.3616,166,hR4,aflowlib.duke.edu:AFLOWDATA/LIB3_WEB/AgAlCd/TFCC009.BCA
Ag1Al2Cd1,aflow:69da76769c3fed7d,,,0.191167,19.0514,225,cF16,aflowlib.duke.edu:AFLOWDATA/LIB3_WEB/AgAlCd/T0001.AB2C
Ag1Al2Cd1,aflow:6c4d0ea2b3f29e3b,,,0.037532,18.3304,25,oP4,aflowlib.duke.edu:AFLOWDATA/LIB3_WEB/AgAlCd/TBCC005.BCA
Ag1Al2Cd1,aflow:6f483bca2792902d,,,0.0738978,18.4995,123,tP4,aflowlib.duke.edu:AFLOWDATA/LIB3_WEB/AgAlCd/TFCC012.BCA
Ag1Al2Cd1,aflow:731c21bad440b913,,,0.0725283,18.5183,123,tP4,aflowlib.duke.edu:AFLOWDATA/LIB3_WEB/AgAlCd/TBCC011.BCA
Ag1Al2Cd1,aflow:7ec56242b8221561,,,0.0385743,18.3599,25,oP4,aflowlib.duke.edu:AFLOWDATA/LIB3_WEB/AgAlCd/TFCC005.BCA
Ag1Al2Cd1,aflow:8627c01ba4ad5cf5,,,0.0952748,18.4691,35,oS8,aflowlib.duke.edu:AFLOWDATA/LIB3_WEB/AgAlCd/TBCC004.BCA
Ag1Al2Cd1,aflow:8e73faa9040a8d54,,,0.00687425,18.1739,160,hR4,aflowlib.duke.edu:AFLOWDATA/LIB3_WEB/AgAlCd/TFCC004.BCA
Ag1Al2Cd1,aflow:8f87eb25085a468f,,,0.0933495,18.921,12,mS8,aflowlib.duke.edu:AFLOWDATA/LIB3_WEB/AgAlCd/TBCC014.BCA
Ag1Al2Cd1,aflow:ac3cbb1f94363fef,,,0.026181,18.2687,99,tP4,aflowlib.duke.edu:AFLOWDATA/LIB3_WEB/AgAlCd/TBCC006.BCA
Ag1Al2Cd1,aflow:b4b24965ca479b15,,,0.179825,19.1327,216,cF16,aflowlib.duke.edu:AFLOWDATA/LIB3_WEB/AgAlCd/T0002.AB2C
Ag1Al2Cd1,aflow:c8a4f89097519f70,,,0.068817,18.3941,8,mS8,aflowlib.duke.edu:AFLOWDATA/LIB3_WEB/AgAlCd/TFCC006.BCA
Ag1Al2Cd1,aflow:c88749f84f2d482a,,,0.090204,18.4636,123,tP4,aflowlib.duke.edu:AFLOWDATA/LIB3_WEB/AgAlCd/TFCC016.BCA
Ag1Al2Cd1,aflow:d6af2b6c756fe4d8,,,0.0896788,18.4968,139,tI8,aflowlib.duke.edu:AFLOWDATA/LIB3_WEB/AgAlCd/TFCC013.BCA
Ag1Al2Cd1,aflow:ef6498d34afc0beb,,,0.077758,18.9565,71,oI8,aflowlib.duke.edu:AFLOWDATA/LIB3_WEB/AgAlCd/TBCC012.BCA
Ag1Al2Cd1,aflow:f626c48a18a2974f,,,0.191171,19.0437,225,cF16,aflowlib.duke.edu:AFLOWDATA/LIB3_WEB/AgAlCd/TBCC013.BCA
Ag1Al2Cd2,aflow:0bd9fb83e09c112d,,,0.290295,21.706,139,tI10,aflowlib.duke.edu:AFLOWDATA/LIB3_WEB/AgAlCd/T0011.BAC
Ag1Al2Cd2,aflow:d4651f1364802503,,,0.207925,21.02,139,tI10,aflowlib.duke.edu:AFLOWDATA/LIB3_WEB/AgAlCd/T0011.CAB
Ag1Al2Cl1,aflow:0eb8bf6f53de8789,,,-0.108327,20.1184,35,oS8,aflowlib.duke.edu:AFLOWDATA/LIB3_WEB/AgAlCl/TBCC004.BCA
Ag1Al2Cl1,aflow:233965c5d7947ed4,,,-0.0780524,19.5139,12,mS8,aflowlib.duke.edu:AFLOWDATA/LIB3_WEB/AgAlCl/TBCC014.BCA
Ag1Al2Cl1,aflow:265a5b9af9cd02f7,,,-0.244862,18.1544,123,tP4,aflowlib.duke.edu:AFLOWDATA/LIB3_WEB/AgAlCl/TBCC005.BCA
Ag1Al2Cl1,aflow:28f4a5da901961ad,,,-0.044557,18.9264,123,tP4,aflowlib.duke.edu:AFLOWDATA/LIB3_WEB/AgAlCl/TBCC016.BCA
Ag1Al2Cl1,aflow:2c7482135bbee6ce,,,0.131566,21.4089,119,tI8,aflowlib.duke.edu:AFLOWDATA/LIB3_WEB/AgAlCl/TFCC008.BCA
Ag1Al2Cl1,aflow:419cdeae58866418,,,-0.123504,19.0347,99,tP4,aflowlib.duke.edu:AFLOWDATA/LIB3_WEB/AgAlCl/TBCC006.BCA
Ag1Al2Cl1,aflow:43f07874716d1fb3,,,-0.119742,19.1259,99,tP4,aflowlib.duke.edu:AFLOWDATA/LIB3_WEB/AgAlCl/TFCC007.BCA
Ag1Al2Cl1,aflow:4aa647511dfc4008,,,-0.205093,20.592,160,hR4,aflowlib.duke.edu:AFLOWDATA/LIB3_WEB/AgAlCl/TFCC004.BCA
Ag1Al2Cl1,aflow:51391d9ab1054e39,,,-0.0296357,18.8079,47,oP4,aflowlib.duke.edu:AFLOWDATA/LIB3_WEB/AgAlCl/TFCC010.BCA
Ag1Al2Cl1,aflow:5da601aae771e945,,,0.0248465,19.6626,47,oP4,aflowlib.duke.edu:AFLOWDATA/LIB3_WEB/AgAlCl/TBCC015.BCA
Ag1Al2Cl1,aflow:6b5f2c902bb3dbf4,,,0.269599,20.6434,216,cF16,aflowlib.duke.edu:AFLOWDATA/LIB3_WEB/AgAlCl/T0002.AB2C
Ag1Al2Cl1,aflow:6d779a0a3bc05a50,,,-0.11712,25.0469,12,mS8,aflowlib.duke.edu:AFLOWDATA/LIB3_WEB/AgAlCl/TFCC011.BCA
Ag1Al2Cl1,aflow:8153826ffcc9adf2,,,-0.0301265,18.7616,123,tP4,aflowlib.duke.edu:AFLOWDATA/LIB3_WEB/AgAlCl/TBCC011.BCA
Ag1Al2Cl1,aflow:81f77eea6826d10f,,,0.115723,19.8813,139,tI8,aflowlib.duke.edu:AFLOWDATA/LIB3_WEB/AgAlCl/TFCC013.BCA
Ag1Al2Cl1,aflow:8717d9ebd473d168,,,-0.122867,19.2742,99,tP4,aflowlib.duke.edu:AFLOWDATA/LIB3_WEB/AgAlCl/TFCC005.BCA
Ag1Al2Cl1,aflow:88ff81b64f05463f,,,0.145179,20.5001,225,cF16,aflowlib.duke.edu:AFLOWDATA/LIB3_WEB/AgAlCl/T0001.AB2C
Ag1Al2Cl1,aflow:9056e92163ae2fb8,,,-0.0494591,19.3186,44,oI8,aflowlib.duke.edu:AFLOWDATA/LIB3_WEB/AgAlCl/TBCC007.BCA
Ag1Al2Cl1,aflow:9864e57d15d5d90b,,,0.0184342,19.0654,71,oI8,aflowlib.duke.edu:AFLOWDATA/LIB3_WEB/AgAlCl/TBCC012.BCA
Ag1Al2Cl1,aflow:af990fdd684264c2,,,-0.0434205,18.8455,65,oS8,aflowlib.duke.edu:AFLOWDATA/LIB3_WEB/AgAlCl/TFCC015.BCA
Ag1Al2Cl1,aflow:b3e5353cb1b59a87,,,-0.163728,18.7989,47,oP4,aflowlib.duke.edu:AFLOWDATA/LIB3_WEB/AgAlCl/TBCC010.BCA
Ag1Al2Cl1,aflow:c3d5be6fa7c14664,,,-0.0250975,18.6607,65,oS8,aflowlib.duke.edu:AFLOWDATA/LIB3_WEB/AgAlCl/TBCC009.BCA
Ag1Al2Cl1,aflow:c62a02775709ee3c,,,-0.030215,18.8623,123,tP4,aflowlib.duke.edu:AFLOWDATA/LIB3_WEB/AgAlCl/TFCC012.BCA
Ag1Al2Cl1,aflow:e042b44f0bba9397,,,-0.0828277,19.5971,166,hR4,aflowlib.duke.edu:AFLOWDATA/LIB3_WEB/AgAlCl/TFCC009.BCA
Ag1Al2Cl1,aflow:e46cf7ac46aaa025,,,-0.0443555,18.9969,123,tP4,aflowlib.duke.edu:AFLOWDATA/LIB3_WEB/AgAlCl/TFCC016.BCA
Ag1Al2Cl1,aflow:fa8c9f05ac927210,,,-0.0909635,19.8267,8,mS8,aflowlib.duke.edu:AFLOWDATA/LIB3_WEB/AgAlCl/TFCC006.BCA
Ag1Al2Cl1,aflow:fde94363e2d852e6,,,-0.132612,19.1834,10,mP4,aflowlib.duke.edu:AFLOWDATA/LIB3_WEB/AgAlCl/TFCC014.BCA
Ag1Al2Co1,aflow:0ce0e0539b2e7d29,,,-0.174137,14.0045,139,tI8,aflowlib.duke.edu:AFLOWDATA/LIB3_WEB/AgAlCo/TFCC013.BCA
Ag1Al2Co1,aflow:1a928fe6c9d17f2d,,,-0.151287,14.0952,119,tI8,aflowlib.duke.edu:AFLOWDATA/LIB3_WEB/AgAlCo/TFCC008.BCA
Ag1Al2Co1,aflow:22e9e5ce50fc0b7a,,,-0.163347,14.2562,44,oI8,aflowlib.duke.edu:AFLOWDATA/LIB3_WEB/AgAlCo/TBCC007.BCA
Ag1Al2Co1,aflow:225487da2a401081,,,-0.172944,14.0757,123,tP4,aflowlib.duke.edu:AFLOWDATA/LIB3_WEB/AgAlCo/TBCC015.BCA
Ag1Al2Co1,aflow:34f05ae228ae859c,,,0.0460195,14.9918,160,hR4,aflowlib.duke.edu:AFLOWDATA/LIB3_WEB/AgAlCo/TFCC004.BCA
Ag1Al2Co1,aflow:3e95943232f03042,,,-0.169765,13.9418,65,oS8,aflowlib.duke.edu:AFLOWDATA/LIB3_WEB/AgAlCo/TFCC015.BCA
Ag1Al2Co1,aflow:5cf100d80ad04b2f,,,-0.172619,13.9914,225,cF16,aflowlib.duke.edu:AFLOWDATA/LIB3_WEB/AgAlCo/TBCC012.BCA
Ag1Al2Co1,aflow:5ed1d47ccc5ece61,,,-0.173056,13.9994,123,tP4,aflowlib.duke.edu:AFLOWDATA/LIB3_WEB/AgAlCo/TFCC016.BCA
Ag1Al2Co1,aflow:633d6edafa9d858b,,,0.0584218,14.441,216,cF16,aflowlib.duke.edu:AFLOWDATA/LIB3_WEB/AgAlCo/TBCC008.BCA
Ag1Al2Co1,aflow:6d10587886cf57d2,,,-0.319063,14.1338,123,tP4,aflowlib.duke.edu:AFLOWDATA/LIB3_WEB/AgAlCo/TBCC009.BCA
Ag1Al2Co1,aflow:725fd1e58fa1ce9e,,,-0.113269,14.6394,99,tP4,aflowlib.duke.edu:AFLOWDATA/LIB3_WEB/AgAlCo/TFCC007.BCA
Ag1Al2Co1,aflow:776cc660998ba522,,,-0.0466092,14.4029,10,mP4,aflowlib.duke.edu:AFLOWDATA/LIB3_WEB/AgAlCo/TFCC014.BCA
Ag1Al2Co1,aflow:7a4affdda0964fd4,,,-0.174289,13.9911,225,cF16,aflowlib.duke.edu:AFLOWDATA/LIB3_WEB/AgAlCo/T0001.AB2C
Ag1Al2Co1,aflow:82b223a278c184bc,,,-0.172941,14.0494,123,tP4,aflowlib.duke.edu:AFLOWDATA/LIB3_WEB/AgAlCo/TBCC016.BCA
Ag1Al2Co1,aflow:9d999dedfc4cb76b,,,0.058424,14.4244,216,cF16,aflowlib.duke.edu:AFLOWDATA/LIB3_WEB/AgAlCo/T0002.AB2C
Ag1Al2Co1,aflow:a26122e8ed6452ec,,,-0.325383,14.1593,123,tP4,aflowlib.duke.edu:AFLOWDATA/LIB3_WEB/AgAlCo/TFCC012.BCA
Ag1Al2Co1,aflow:af8d0a0217fb9da5,,,-0.112362,14.6435,99,tP4,aflowlib.duke.edu:AFLOWDATA/LIB3_WEB/AgAlCo/TBCC006.BCA
Ag1Al2Co1,aflow:b02e600660b015f5,,,-0.158319,14.0665,12,mP4,aflowlib.duke.edu:AFLOWDATA/LIB3_WEB/AgAlCo/TBCC014.BCA
Ag1Al2Co1,aflow:b8dca9b2524482bd,,,-0.113453,14.5167,25,oP4,aflowlib.duke.edu:AFLOWDATA/LIB3_WEB/AgAlCo/TFCC005.BCA
Ag1Al2Co1,aflow:c5139944ced0b4a7,,,-0.326369,14.1084,123,tP4,aflowlib.duke.edu:AFLOWDATA/LIB3_WEB/AgAlCo/TBCC011.BCA
Ag1Al2Co1,aflow:c6cb3f1f5051b042,,,-0.104892,14.4835,12,mS8,aflowlib.duke.edu:AFLOWDATA/LIB3_WEB/AgAlCo/TFCC011.BCA
Ag1Al2Co1,aflow:d6d1c4ea77e7c6c3,,,-0.174422,13.9979,225,cF16,aflowlib.duke.edu:AFLOWDATA/LIB3_WEB/AgAlCo/TBCC013.BCA
Ag1Al2Co1,aflow:d8aac66cee6372b0,,,-0.169172,14.0267,25,oP4,aflowlib.duke.edu:AFLOWDATA/LIB3_WEB/AgAlCo/TBCC005.BCA
Ag1Al2Co1,aflow:d86949dcc2877cf3,,,-0.156134,14.5713,166,hR4,aflowlib.duke.edu:AFLOWDATA/LIB3_WEB/AgAlCo/TFCC009.BCA
Ag1Al2Co1,aflow:dbf84e6a03432fc4,,,-0.112617,14.6129,99,tP4,aflowlib.duke.edu:AFLOWDATA/LIB3_WEB/AgAlCo/TBCC004.BCA
Ag1Al2Co1,aflow:dd0080380832e09a,,,-0.320372,14.4138,10,mP4,aflowlib.duke.edu:AFLOWDATA/LIB3_WEB/AgAlCo/TBCC010.BCA
Ag1Al2Co1,aflow:ded36ebe57fe97be,,,-0.184637,14.2039,8,mS8,aflowlib.duke.edu:AFLOWDATA/LIB3_WEB/AgAlCo/TFCC006.BCA
Ag1Al2Co1,aflow:e5aba400928dbe3a,,,-0.319147,14.1172,123,tP4,aflowlib.duke.edu:AFLOWDATA/LIB3_WEB/AgAlCo/TFCC010.BCA
Ag1Al2Co2,aflow:335a9b2260576854,,,0.13023,14.7541,139,tI10,aflowlib.duke.edu:AFLOWDATA/LIB3_WEB/AgAlCo/T0011.CAB
Ag1Al2Co2,aflow:5632c2128ae46b9e,,,0.095509,15.0131,139,tI10,aflowlib.duke.edu:AFLOWDATA/LIB3_WEB/AgAlCo/T0011.BAC
Ag1Al2Cr1,aflow:06e7e92e08859a3a,,,0.112172,15.8534,99,tP4,aflowlib.duke.edu:AFLOWDATA/LIB3_WEB/AgAlCr_pv/TBCC006.BCA
Ag1Al2Cr1,aflow:086e6e75b872dfe0,,,0.0512264,15.3216,44,oI8,aflowlib.duke.edu:AFLOWDATA/LIB3_WEB/AgAlCr_pv/TBCC007.BCA
Ag1Al2Cr1,aflow:15fb5fd6e53c60f3,,,-0.0624287,15.185,123,tP4,aflowlib.duke.edu:AFLOWDATA/LIB3_WEB/AgAlCr_pv/TBCC011.BCA
Ag1Al2Cr1,aflow:1cfecb741f51bb14,,,0.154349,15.7824,71,oI8,aflowlib.duke.edu:AFLOWDATA/LIB3_WEB/AgAlCr_pv/TBCC012.BCA
Ag1Al2Cr1,aflow:1d540286b95eb22b,,,0.017756,14.7028,47,oP4,aflowlib.duke.edu:AFLOWDATA/LIB3_WEB/AgAlCr_pv/TFCC010.BCA
Ag1Al2Cr1,aflow:2e74eef65a31b962,,,-0.00576575,15.0256,123,tP4,aflowlib.duke.edu:AFLOWDATA/LIB3_WEB/AgAlCr_pv/TBCC016.BCA
Ag1Al2Cr1,aflow:432fe3a9b2a958bb,,,0.0394268,14.8573,65,oS8,aflowlib.duke.edu:AFLOWDATA/LIB3_WEB/AgAlCr_pv/TBCC009.BCA
Ag1Al2Cr1,aflow:4507a064fa58223f,,,-0.0068494,15.1556,123,tP4,aflowlib.duke.edu:AFLOWDATA/LIB3_WEB/AgAlCr_pv/TBCC005.BCA
Ag1Al2Cr1,aflow:535de5e0496bc5b4,,,0.140573,15.0577,12,mS8,aflowlib.duke.edu:AFLOWDATA/LIB3_WEB/AgAlCr_pv/TFCC011.BCA
Ag1Al2Cr1,aflow:5f196b41d8819e69,,,0.051079,15.6364,225,cF16,aflowlib.duke.edu:AFLOWDATA/LIB3_WEB/AgAlCr_pv/T0001.AB2C
Ag1Al2Cr1,aflow:6f005883937f1416,,,-0.00615065,15.1389,123,tP4,aflowlib.duke.edu:AFLOWDATA/LIB3_WEB/AgAlCr_pv/TBCC015.BCA
Ag1Al2Cr1,aflow:7709d9d174be1d28,,,0.20637,15.3093,160,hR4,aflowlib.duke.edu:AFLOWDATA/LIB3_WEB/AgAlCr_pv/TFCC004.BCA
Ag1Al2Cr1,aflow:809cb260255c7d81,,,0.0342288,14.6706,65,oS8,aflowlib.duke.edu:AFLOWDATA/LIB3_WEB/AgAlCr_pv/TFCC015.BCA
Ag1Al2Cr1,aflow:8553e08c20869459,,,0.0946953,16.0554,25,oP4,aflowlib.duke.edu:AFLOWDATA/LIB3_WEB/AgAlCr_pv/TFCC005.BCA
Ag1Al2Cr1,aflow:88f95119daad9053,,,0.05257,15.0331,166,hR4,aflowlib.duke.edu:AFLOWDATA/LIB3_WEB/AgAlCr_pv/TFCC009.BCA
Ag1Al2Cr1,aflow:8f3d56c6e96efcb1,,,0.210431,15.1665,99,tP4,aflowlib.duke.edu:AFLOWDATA/LIB3_WEB/AgAlCr_pv/TFCC007.BCA
Ag1Al2Cr1,aflow:a07c941c46d34437,,,-0.0606889,15.2978,123,tP4,aflowlib.duke.edu:AFLOWDATA/LIB3_WEB/AgAlCr_pv/TBCC010.BCA
Ag1Al2Cr1,aflow:aafa8914caeb5fe7,,,0.21183,15.1439,35,oS8,aflowlib.duke.edu:AFLOWDATA/LIB3_WEB/AgAlCr_pv/TBCC004.BCA
Ag1Al2Cr1,aflow:b10dbba60fcd0a71,,,-0.006441,15.1866,123,tP4,aflowlib.duke.edu:AFLOWDATA/LIB3_WEB/AgAlCr_pv/TFCC016.BCA
Ag1Al2Cr1,aflow:baff629c0121db5b,,,-0.0629147,15.2163,123,tP4,aflowlib.duke.edu:AFLOWDATA/LIB3_WEB/AgAlCr_pv/TFCC012.BCA
Ag1Al2Cr1,aflow:bf3d80fe2cc164d6,,,0.153323,16.0613,216,cF16,aflowlib.duke.edu:AFLOWDATA/LIB3_WEB/AgAlCr_pv/T0002.AB2C
Ag1Al2Cr1,aflow:d24a266a67b38ad1,,,0.187516,14.7837,139,tI8,aflowlib.duke.edu:AFLOWDATA/LIB3_WEB/AgAlCr_pv/TFCC013.BCA
Ag1Al2Cr1,aflow:e7b2dab0532a0a7b,,,0.134135,14.9592,10,mP4,aflowlib.duke.edu:AFLOWDATA/LIB3_WEB/AgAlCr_pv/TFCC014.BCA
Ag1Al2Cr1,aflow:eed8496a27a4f277,,,0.114549,14.7831,119,tI8,aflowlib.duke.edu:AFLOWDATA/LIB3_WEB/AgAlCr_pv/TFCC008.BCA
Ag1Al2Cr1,aflow:f2abc32fb3894c9c,,,0.0627065,14.8838,8,mS8,aflowlib.duke.edu:AFLOWDATA/LIB3_WEB/AgAlCr_pv/TFCC006.BCA
Ag1Al2Cr1,aflow:fe4902b766f56c9b,,,0.141082,14.9761,12,mS8,aflowlib.duke.edu:AFLOWDATA/LIB3_WEB/AgAlCr_pv/TBCC014.BCA
Ag1Al2Cu1,aflow:02b7f0a3061f7b1e,,,-0.0573743,15.4551,12,mS8,aflowlib.duke.edu:AFLOWDATA/LIB3_WEB/AgAlCu_pv/TFCC011.BCA
Ag1Al2Cu1,aflow:03e4970b58185905,,,-0.0775138,15.4726,123,tP4,aflowlib.duke.edu:AFLOWDATA/LIB3_WEB/AgAlCu_pv/TFCC012.BCA
Ag1Al2Cu1,aflow:09a2656d57386887,,,0.019811,15.746,12,mS8,aflowlib.duke.edu:AFLOWDATA/LIB3_WEB/AgAlCu_pv/TBCC014.BCA
Ag1Al2Cu1,aflow:140a02376914063e,,,-0.0460415,15.3673,47,oP4,aflowlib.duke.edu:AFLOWDATA/LIB3_WEB/AgAlCu_pv/TFCC010.BCA
Ag1Al2Cu1,aflow:2029d57ad4854e58,,,-0.0262422,15.6427,160,hR4,aflowlib.duke.edu:AFLOWDATA/LIB3_WEB/AgAlCu_pv/TFCC004.BCA
Ag1Al2Cu1,aflow:2974dcfc5a78b8a8,,,-0.03437,15.1672,139,tI8,aflowlib.duke.edu:AFLOWDATA/LIB3_WEB/AgAlCu_pv/TFCC013.BCA
Ag1Al2Cu1,aflow:2af432451722a36d,,,-0.0363038,15.2156,119,tI8,aflowlib.duke.edu:AFLOWDATA/LIB3_WEB/AgAlCu_pv/TFCC008.BCA
Ag1Al2Cu1,aflow:308f6836157b7ade,,,-0.07969,15.3827,123,tP4,aflowlib.duke.edu:AFLOWDATA/LIB3_WEB/AgAlCu_pv/TBCC011.BCA
Ag1Al2Cu1,aflow:37434a0876bc9bd4,,,-0.0696765,15.4241,166,hR4,aflowlib.duke.edu:AFLOWDATA/LIB3_WEB/AgAlCu_pv/TFCC009.BCA
Ag1Al2Cu1,aflow:6dc0f98bd64d3859,,,-0.074704,15.3957,99,tP4,aflowlib.duke.edu:AFLOWDATA/LIB3_WEB/AgAlCu_pv/TBCC006.BCA
Ag1Al2Cu1,aflow:6d993457e6d8ad70,,,-0.0246808,15.4923,35,oS8,aflowlib.duke.edu:AFLOWDATA/LIB3_WEB/AgAlCu_pv/TBCC004.BCA
Ag1Al2Cu1,aflow:7298109ee320d8e9,,,0.012329,15.8116,10,mP4,aflowlib.duke.edu:AFLOWDATA/LIB3_WEB/AgAlCu_pv/TBCC010.BCA
Ag1Al2Cu1,aflow:7ea974b41ce18527,,,0.0928685,15.7107,216,cF16,aflowlib.duke.edu:AFLOWDATA/LIB3_WEB/AgAlCu_pv/T0002.AB2C
Ag1Al2Cu1,aflow:83ce8c26610f72bd,,,-0.0011175,15.1893,225,cF16,aflowlib.duke.edu:AFLOWDATA/LIB3_WEB/AgAlCu_pv/T0001.AB2C
Ag1Al2Cu1,aflow:840a275f810c697a,,,-0.0340505,15.3487,123,tP4,aflowlib.duke.edu:AFLOWDATA/LIB3_WEB/AgAlCu_pv/TFCC016.BCA
Ag1Al2Cu1,aflow:87223681d37c6224,,,0.00815833,15.5611,65,oS8,aflowlib.duke.edu:AFLOWDATA/LIB3_WEB/AgAlCu_pv/TBCC009.BCA
Ag1Al2Cu1,aflow:89b98cb51cc2ce0c,,,-0.0491697,15.3364,8,mS8,aflowlib.duke.edu:AFLOWDATA/LIB3_WEB/AgAlCu_pv/TFCC006.BCA
Ag1Al2Cu1,aflow:947a9a031cba50fb,,,-0.0740365,15.0993,6,mP4,aflowlib.duke.edu:AFLOWDATA/LIB3_WEB/AgAlCu_pv/TBCC005.BCA
Ag1Al2Cu1,aflow:ad9c591ce329cd4c,,,0.0210722,15.5399,47,oP4,aflowlib.duke.edu:AFLOWDATA/LIB3_WEB/AgAlCu_pv/TBCC015.BCA
Ag1Al2Cu1,aflow:c3d5872edfcfea9b,,,-0.0816937,15.3479,25,oP4,aflowlib.duke.edu:AFLOWDATA/LIB3_WEB/AgAlCu_pv/TFCC005.BCA
Ag1Al2Cu1,aflow:d96fdb34be79e404,,,-0.044836,15.3911,10,mP4,aflowlib.duke.edu:AFLOWDATA/LIB3_WEB/AgAlCu_pv/TFCC014.BCA
Ag1Al2Cu1,aflow:dc4f844572ffa351,,,-0.00211783,15.6198,71,oI8,aflowlib.duke.edu:AFLOWDATA/LIB3_WEB/AgAlCu_pv/TBCC012.BCA
Ag1Al2Cu1,aflow:ddc5815ae4ca2847,,,-0.0241513,15.5496,99,tP4,aflowlib.duke.edu:AFLOWDATA/LIB3_WEB/AgAlCu_pv/TFCC007.BCA
Ag1Al2Cu1,aflow:e75fec7c245701ae,,,-0.0339269,15.5072,44,oI8,aflowlib.duke.edu:AFLOWDATA/LIB3_WEB/AgAlCu_pv/TBCC007.BCA
Ag1Al2Cu1,aflow:f76b71a98c310356,,,-0.0194377,15.3558,123,tP4,aflowlib.duke.edu:AFLOWDATA/LIB3_WEB/AgAlCu_pv/TBCC016.BCA
Ag1Al2Cu1,aflow:f99939eb71da64b8,,,-0.029433,15.368,65,oS8,aflowlib.duke.edu:AFLOWDATA/LIB3_WEB/AgAlCu_pv/TFCC015.BCA
Ag1Al2Cu2,aflow:28074ea48941d5bd,,,0.0863878,15.9401,139,tI10,aflowlib.duke.edu:AFLOWDATA/LIB3_WEB/AgAlCu_pv/T0011.CAB
Ag1Al2Cu2,aflow:f8b57e5ca88fc1a5,,,0.0546973,15.7009,139,tI10,aflowlib.duke.edu:AFLOWDATA/LIB3_WEB/AgAlCu_pv/T0011.BAC
Ag1Al2Fe1,aflow:0346fe4488d5c556,,,0.030107,14.5629,99,tP4,aflowlib.duke.edu:AFLOWDATA/LIB3_WEB/AgAlFe_pv/TBCC006.BCA
Ag1Al2Fe1,aflow:0e20ef7cf7a51702,,,-0.085686,14.5435,65,oS8,aflowlib.duke.edu:AFLOWDATA/LIB3_WEB/AgAlFe_pv/TFCC015.BCA
Ag1Al2Fe1,aflow:114bf90cf56d2c83,,,0.04076,15.144,99,tP4,aflowlib.duke.edu:AFLOWDATA/LIB3_WEB/AgAlFe_pv/TFCC007.BCA
Ag1Al2Fe1,aflow:16f3ba1c01308eae,,,0.0111322,14.5194,71,oI8,aflowlib.duke.edu:AFLOWDATA/LIB3_WEB/AgAlFe_pv/TBCC012.BCA
Ag1Al2Fe1,aflow:17dbc71bcfd13202,,,-0.0376752,14.0042,225,cF16,aflowlib.duke.edu:AFLOWDATA/LIB3_WEB/AgAlFe_pv/T0001.AB2C
Ag1Al2Fe1,aflow:3847a0c9da0a88e6,,,-0.209093,13.8528,10,mP4,aflowlib.duke.edu:AFLOWDATA/LIB3_WEB/AgAlFe_pv/TBCC010.BCA
Ag1Al2Fe1,aflow:45076244f68e67bc,,,-0.0829415,14.6718,8,mS8,aflowlib.duke.edu:AFLOWDATA/LIB3_WEB/AgAlFe_pv/TFCC006.BCA
Ag1Al2Fe1,aflow:5bd5cf0cc0520555,,,0.156544,14.9337,216,cF16,aflowlib.duke.edu:AFLOWDATA/LIB3_WEB/AgAlFe_pv/T0002.AB2C
Ag1Al2Fe1,aflow:60968aa748d3e098,,,-0.0857763,14.446,65,oS8,aflowlib.duke.edu:AFLOWDATA/LIB3_WEB/AgAlFe_pv/TBCC014.BCA
Ag1Al2Fe1,aflow:641547dc491920c1,,,-0.0945147,14.2417,123,tP4,aflowlib.duke.edu:AFLOWDATA/LIB3_WEB/AgAlFe_pv/TBCC015.BCA
Ag1Al2Fe1,aflow:72fd2f1c90b5826e,,,-0.0561913,14.2674,44,oI8,aflowlib.duke.edu:AFLOWDATA/LIB3_WEB/AgAlFe_pv/TBCC007.BCA
Ag1Al2Fe1,aflow:78b886b6198369fb,,,-0.022984,15.0118,25,oP4,aflowlib.duke.edu:AFLOWDATA/LIB3_WEB/AgAlFe_pv/TFCC005.BCA
Ag1Al2Fe1,aflow:8c9279f55de12706,,,-0.0812785,14.8597,166,hR4,aflowlib.duke.edu:AFLOWDATA/LIB3_WEB/AgAlFe_pv/TFCC009.BCA
Ag1Al2Fe1,aflow:8c6cf05a0d260d56,,,-0.0941132,14.3109,123,tP4,aflowlib.duke.edu:AFLOWDATA/LIB3_WEB/AgAlFe_pv/TFCC016.BCA
Ag1Al2Fe1,aflow:9bcf6a001e214c23,,,-0.245412,14.1328,123,tP4,aflowlib.duke.edu:AFLOWDATA/LIB3_WEB/AgAlFe_pv/TFCC010.BCA
Ag1Al2Fe1,aflow:9c80a6bc5da7c191,,,-0.245281,14.112,123,tP4,aflowlib.duke.edu:AFLOWDATA/LIB3_WEB/AgAlFe_pv/TFCC012.BCA
Ag1Al2Fe1,aflow:a73c58bf9b161d1d,,,-0.245231,14.1247,123,tP4,aflowlib.duke.edu:AFLOWDATA/LIB3_WEB/AgAlFe_pv/TBCC011.BCA
Ag1Al2Fe1,aflow:b5700f1e958240a0,,,-0.245421,14.2067,123,tP4,aflowlib.duke.edu:AFLOWDATA/LIB3_WEB/AgAlFe_pv/TBCC009.BCA
Ag1Al2Fe1,aflow:b95007836f53dd65,,,-0.0144355,14.9426,10,mP4,aflowlib.duke.edu:AFLOWDATA/LIB3_WEB/AgAlFe_pv/TFCC014.BCA
Ag1Al2Fe1,aflow:bd17960eb67790d8,,,-0.0304197,14.7952,12,mS8,aflowlib.duke.edu:AFLOWDATA/LIB3_WEB/AgAlFe_pv/TFCC011.BCA
Ag1Al2Fe1,aflow:c308c0ea2f5241cc,,,-0.0669932,14.3992,119,tI8,aflowlib.duke.edu:AFLOWDATA/LIB3_WEB/AgAlFe_pv/TFCC008.BCA
Ag1Al2Fe1,aflow:c634486a5fa198ce,,,0.0553935,15.2925,160,hR4,aflowlib.duke.edu:AFLOWDATA/LIB3_WEB/AgAlFe_pv/TFCC004.BCA
Ag1Al2Fe1,aflow:d4d40eecf7d5a3ff,,,-0.0358837,14.4634,139,tI8,aflowlib.duke.edu:AFLOWDATA/LIB3_WEB/AgAlFe_pv/TFCC013.BCA
Ag1Al2Fe1,aflow:db8e1f4a30bd7a46,,,-0.0766672,13.9717,123,tP4,aflowlib.duke.edu:AFLOWDATA/LIB3_WEB/AgAlFe_pv/TBCC016.BCA
Ag1Al2Fe1,aflow:f7ed35180093992f,,,0.0407002,15.1495,99,tP4,aflowlib.duke.edu:AFLOWDATA/LIB3_WEB/AgAlFe_pv/TBCC004.BCA
Ag1Al2Fe1,aflow:f9abdae8c40b693b,,,-0.0738269,14.4196,25,oP4,aflowlib.duke.edu:AFLOWDATA/LIB3_WEB/AgAlFe_pv/TBCC005.BCA
Ag1Al2Fe2,aflow:17a28491c852aa7e,,,0.275626,15.402,139,tI10,aflowlib.duke.edu:AFLOWDATA/LIB3_WEB/AgAlFe_pv/T0011.CAB
Ag1Al2Fe2,aflow:5458eac551292b6f,,,0.157145,15.3115,139,tI10,aflowlib.duke.edu:AFLOWDATA/LIB3_WEB/AgAlFe_pv/T0011.BAC
Ag1Al2Ga1,aflow:0030de09262d5241,,,0.0621514,17.8147,71,oI8,aflowlib.duke.edu:AFLOWDATA/LIB3_WEB/AgAlGa_h/TBCC012.BCA
Ag1Al2Ga1,aflow:04cb392b36201124,,,0.0644898,17.8308,47,oP4,aflowlib.duke.edu:AFLOWDATA/LIB3_WEB/AgAlGa_h/TBCC015.BCA
Ag1Al2Ga1,aflow:0a9326a718b96c0e,,,0.0647742,17.5021,35,oS8,aflowlib.duke.edu:AFLOWDATA/LIB3_WEB/AgAlGa_h/TBCC004.BCA
Ag1Al2Ga1,aflow:0d2c71486efec51e,,,0.00285975,17.2038,8,mS8,aflowlib.duke.edu:AFLOWDATA/LIB3_WEB/AgAlGa_h/TFCC006.BCA
Ag1Al2Ga1,aflow:107c0462aac1fa72,,,0.0187015,17.218,47,oP4,aflowlib.duke.edu:AFLOWDATA/LIB3_WEB/AgAlGa_h/TFCC010.BCA
Ag1Al2Ga1,aflow:205b07bab551cf24,,,0.0684764,17.5839,65,oS8,aflowlib.duke.edu:AFLOWDATA/LIB3_WEB/AgAlGa_h/TBCC009.BCA
Ag1Al2Ga1,aflow:2894c181f373830f,,,0.0555374,17.7682,44,oI8,aflowlib.duke.edu:AFLOWDATA/LIB3_WEB/AgAlGa_h/TBCC007.BCA
Ag1Al2Ga1,aflow:580734b3d06de8cc,,,0.00722175,17.1314,65,oS8,aflowlib.duke.edu:AFLOWDATA/LIB3_WEB/AgAlGa_h/TFCC015.BCA
Ag1Al2Ga1,aflow:618927c4c6478e0c,,,0.001499,17.0715,12,mS8,aflowlib.duke.edu:AFLOWDATA/LIB3_WEB/AgAlGa_h/TFCC011.BCA
Ag1Al2Ga1,aflow:6fe381680ebbff85,,,-0.0204938,17.094,166,hR4,aflowlib.duke.edu:AFLOWDATA/LIB3_WEB/AgAlGa_h/TFCC009.BCA
Ag1Al2Ga1,aflow:895e8e862e37b154,,,-0.0092725,17.1399,99,tP4,aflowlib.duke.edu:AFLOWDATA/LIB3_WEB/AgAlGa_h/TBCC006.BCA
Ag1Al2Ga1,aflow:8a1b5611ca641123,,,0.0957635,17.734,225,cF16,aflowlib.duke.edu:AFLOWDATA/LIB3_WEB/AgAlGa_h/T0001.AB2C
Ag1Al2Ga1,aflow:972ea143e4fe214a,,,0.0617528,17.6627,123,tP4,aflowlib.duke.edu:AFLOWDATA/LIB3_WEB/AgAlGa_h/TBCC016.BCA
Ag1Al2Ga1,aflow:9c7ce67ae161a7b7,,,0.0167385,17.2596,25,oP4,aflowlib.duke.edu:AFLOWDATA/LIB3_WEB/AgAlGa_h/TFCC005.BCA
Ag1Al2Ga1,aflow:a0be45aa8ba8dcc9,,,0.0512913,17.319,123,tP4,aflowlib.duke.edu:AFLOWDATA/LIB3_WEB/AgAlGa_h/TFCC016.BCA
Ag1Al2Ga1,aflow:a4a98da184b136cd,,,0.00208675,17.255,123,tP4,aflowlib.duke.edu:AFLOWDATA/LIB3_WEB/AgAlGa_h/TBCC011.BCA
Ag1Al2Ga1,aflow:a51fa504adf9e061,,,0.0556982,17.7026,12,mS8,aflowlib.duke.edu:AFLOWDATA/LIB3_WEB/AgAlGa_h/TBCC014.BCA
Ag1Al2Ga1,aflow:abd9172f776a250d,,,-0.00580075,17.0812,99,tP4,aflowlib.duke.edu:AFLOWDATA/LIB3_WEB/AgAlGa_h/TFCC007.BCA
Ag1Al2Ga1,aflow:df6e9644d66fe917,,,0.00212661,17.2549,10,mP4,aflowlib.duke.edu:AFLOWDATA/LIB3_WEB/AgAlGa_h/TFCC014.BCA
Ag1Al2Ga1,aflow:e6d63ea683420591,,,0.00196325,17.2453,123,tP4,aflowlib.duke.edu:AFLOWDATA/LIB3_WEB/AgAlGa_h/TFCC012.BCA
Ag1Al2Ga1,aflow:ea1dc42b1cd93086,,,0.0224852,17.2223,10,mP4,aflowlib.duke.edu:AFLOWDATA/LIB3_WEB/AgAlGa_h/TBCC010.BCA
Ag1Al2Ga1,aflow:eba732de504ee68b,,,0.0184643,17.2346,6,mP4,aflowlib.duke.edu:AFLOWDATA/LIB3_WEB/AgAlGa_h/TBCC005.BCA
Ag1Al2Ga1,aflow:f4bc57d3d5be0bca,,,0.0351695,17.2982,139,tI8,aflowlib.duke.edu:AFLOWDATA/LIB3_WEB/AgAlGa_h/TFCC013.BCA
Ag1Al2Ga1,aflow:f91aae0450954f6b,,,0.114808,17.9886,216,cF16,aflowlib.duke.edu:AFLOWDATA/LIB3_WEB/AgAlGa_h/T0002.AB2C
Ag1Al2Ga1,aflow:fdbb41876a50e699,,,0.0428985,17.3759,119,tI8,aflowlib.duke.edu:AFLOWDATA/LIB3_WEB/AgAlGa_h/TFCC008.BCA
Ag1Al2Ga2,aflow:9d71e7f80ef9879c,,,0.151256,19.0595,139,tI10,aflowlib.duke.edu:AFLOWDATA/LIB3_WEB/AgAlGa_h/T0011.BAC
Ag1Al2Ge1,aflow:03c4b4df6e8b463c,,,0.094497,17.664,25,oP4,aflowlib.duke.edu:AFLOWDATA/LIB3_WEB/AgAlGe_h/TFCC005.BCA
Ag1Al2Ge1,aflow:0646e43bce20ec9c,,,0.12704,17.8587,123,tP4,aflowlib.duke.edu:AFLOWDATA/LIB3_WEB/AgAlGe_h/TFCC016.BCA
Ag1Al2Ge1,aflow:0765a1305ecd174d,,,0.0763888,17.3508,123,tP4,aflowlib.duke.edu:AFLOWDATA/LIB3_WEB/AgAlGe_h/TBCC011.BCA
Ag1Al2Ge1,aflow:22521ce8fe3030e5,,,0.134167,18.0975,44,oI8,aflowlib.duke.edu:AFLOWDATA/LIB3_WEB/AgAlGe_h/TBCC007.BCA
Ag1Al2Ge1,aflow:2567911a2c5780ff,,,0.169903,17.9835,225,cF16,aflowlib.duke.edu:AFLOWDATA/LIB3_WEB/AgAlGe_h/T0001.AB2C
Ag1Al2Ge1,aflow:36e84a48eb5c420b,,,0.079987,17.4799,99,tP4,aflowlib.duke.edu:AFLOWDATA/LIB3_WEB/AgAlGe_h/TFCC007.BCA
Ag1Al2Ge1,aflow:50aa52f909a28dd0,,,0.157268,17.4523,123,tP4,aflowlib.duke.edu:AFLOWDATA/LIB3_WEB/AgAlGe_h/TBCC016.BCA
Ag1Al2Ge1,aflow:5e2d36be8bd83131,,,0.0982963,17.565,12,mS8,aflowlib.duke.edu:AFLOWDATA/LIB3_WEB/AgAlGe_h/TFCC011.BCA
Ag1Al2Ge1,aflow:601457504f4e2b17,,,0.140467,18.0225,71,oI8,aflowlib.duke.edu:AFLOWDATA/LIB3_WEB/AgAlGe_h/TBCC012.BCA
Ag1Al2Ge1,aflow:70b43b69c25a3628,,,0.108275,17.6083,10,mP4,aflowlib.duke.edu:AFLOWDATA/LIB3_WEB/AgAlGe_h/TBCC010.BCA
Ag1Al2Ge1,aflow:81442a1b62e69370,,,0.180295,18.0335,12,mS8,aflowlib.duke.edu:AFLOWDATA/LIB3_WEB/AgAlGe_h/TBCC014.BCA
Ag1Al2Ge1,aflow:82bc7d24f9f4f505,,,0.0808078,17.3404,123,tP4,aflowlib.duke.edu:AFLOWDATA/LIB3_WEB/AgAlGe_h/TFCC012.BCA
Ag1Al2Ge1,aflow:89d8629b267cba17,,,0.131585,17.8204,35,oS8,aflowlib.duke.edu:AFLOWDATA/LIB3_WEB/AgAlGe_h/TBCC004.BCA
Ag1Al2Ge1,aflow:98530ddcc2ec109b,,,0.143673,18.0268,47,oP4,aflowlib.duke.edu:AFLOWDATA/LIB3_WEB/AgAlGe_h/TBCC015.BCA
Ag1Al2Ge1,aflow:a174b11364a97c83,,,0.0904159,17.4771,10,mP4,aflowlib.duke.edu:AFLOWDATA/LIB3_WEB/AgAlGe_h/TFCC014.BCA
Ag1Al2Ge1,aflow:aac32a9fce8c6e9f,,,0.0887603,17.4925,8,mS8,aflowlib.duke.edu:AFLOWDATA/LIB3_WEB/AgAlGe_h/TFCC006.BCA
Ag1Al2Ge1,aflow:ae30695a9d2a4e07,,,0.205239,18.2601,216,cF16,aflowlib.duke.edu:AFLOWDATA/LIB3_WEB/AgAlGe_h/T0002.AB2C
Ag1Al2Ge1,aflow:b1b5b6f5f7814264,,,0.0847903,17.4621,99,tP4,aflowlib.duke.edu:AFLOWDATA/LIB3_WEB/AgAlGe_h/TBCC006.BCA
Ag1Al2Ge1,aflow:bad1340aec52b598,,,0.10669,17.4693,47,oP4,aflowlib.duke.edu:AFLOWDATA/LIB3_WEB/AgAlGe_h/TFCC010.BCA
Ag1Al2Ge1,aflow:bddf88a77f09066f,,,0.0826345,17.3366,65,oS8,aflowlib.duke.edu:AFLOWDATA/LIB3_WEB/AgAlGe_h/TFCC015.BCA
Ag1Al2Ge1,aflow:c5bdb8f084ad77e6,,,0.0918704,17.652,6,mP4,aflowlib.duke.edu:AFLOWDATA/LIB3_WEB/AgAlGe_h/TBCC005.BCA
Ag1Al2Ge1,aflow:cc9a65dfdb0b5052,,,0.125655,17.6969,139,tI8,aflowlib.duke.edu:AFLOWDATA/LIB3_WEB/AgAlGe_h/TFCC013.BCA
Ag1Al2Ge1,aflow:cf65c5a344993cc3,,,0.0797123,17.424,166,hR4,aflowlib.duke.edu:AFLOWDATA/LIB3_WEB/AgAlGe_h/TFCC009.BCA
Ag1Al2Ge1,aflow:efbc39ad8fbfc23d,,,0.122237,17.8273,119,tI8,aflowlib.duke.edu:AFLOWDATA/LIB3_WEB/AgAlGe_h/TFCC008.BCA
Ag1Al2Ge1,aflow:f39fe8c74a95feb4,,,0.143611,17.7351,65,oS8,aflowlib.duke.edu:AFLOWDATA/LIB3_WEB/AgAlGe_h/TBCC009.BCA
Ag1Al2Ge2,aflow:18fa49840d8518f5,,,0.20325,19.739,139,tI10,aflowlib.duke.edu:AFLOWDATA/LIB3_WEB/AgAlGe_h/T0011.CAB
Ag1Al2Ge2,aflow:a0eb7133870a6019,,,0.256335,20.0392,139,tI10,aflowlib.duke.edu:AFLOWDATA/LIB3_WEB/AgAlGe_h/T0011.BAC
Ag1Al2Hf1,aflow:04d7a55d5df337c3,,,-0.105795,18.2875,65,oS8,aflowlib.duke.edu:AFLOWDATA/LIB3_WEB/AgAlHf_pv/TBCC009.BCA
Ag1Al2Hf1,aflow:088650a1c1fa586c,,,-0.175809,18.2139,65,oS8,aflowlib.duke.edu:AFLOWDATA/LIB3_WEB/AgAlHf_pv/TFCC015.BCA
Ag1Al2Hf1,aflow:1d34687846bd3a0a,,,-0.103948,18.2337,166,hR4,aflowlib.duke.edu:AFLOWDATA/LIB3_WEB/AgAlHf_pv/TFCC009.BCA
Ag1Al2Hf1,aflow:1fc47f2bffb58ed0,,,-0.0576068,18.2433,71,oI8,aflowlib.duke.edu:AFLOWDATA/LIB3_WEB/AgAlHf_pv/TBCC012.BCA
Ag1Al2Hf1,aflow:280fdd56ee53d56f,,,-0.112422,18.1719,8,mS8,aflowlib.duke.edu:AFLOWDATA/LIB3_WEB/AgAlHf_pv/TFCC006.BCA
Ag1Al2Hf1,aflow:29799fd372289fb4,,,-0.0259505,17.9179,139,tI8,aflowlib.duke.edu:AFLOWDATA/LIB3_WEB/AgAlHf_pv/TFCC013.BCA
Ag1Al2Hf1,aflow:32a150d519977df6,,,-0.291045,17.5782,123,tP4,aflowlib.duke.edu:AFLOWDATA/LIB3_WEB/AgAlHf_pv/TFCC016.BCA
Ag1Al2Hf1,aflow:3906eed96cea061f,,,-0.133559,18.2506,6,mP4,aflowlib.duke.edu:AFLOWDATA/LIB3_WEB/AgAlHf_pv/TBCC005.BCA
Ag1Al2Hf1,aflow:436f585ae9508fa8,,,-0.118641,18.0413,44,oI8,aflowlib.duke.edu:AFLOWDATA/LIB3_WEB/AgAlHf_pv/TBCC007.BCA
Ag1Al2Hf1,aflow:5aba575853ecd344,,,-0.288772,17.6131,123,tP4,aflowlib.duke.edu:AFLOWDATA/LIB3_WEB/AgAlHf_pv/TBCC016.BCA
Ag1Al2Hf1,aflow:5ed3f69162177661,,,-0.116336,17.9731,25,oP4,aflowlib.duke.edu:AFLOWDATA/LIB3_WEB/AgAlHf_pv/TFCC005.BCA
Ag1Al2Hf1,aflow:818d34ef91179e82,,,-0.150046,17.9097,119,tI8,aflowlib.duke.edu:AFLOWDATA/LIB3_WEB/AgAlHf_pv/TFCC008.BCA
Ag1Al2Hf1,aflow:83a935ab491a0e57,,,-0.207923,18.4986,10,mP4,aflowlib.duke.edu:AFLOWDATA/LIB3_WEB/AgAlHf_pv/TBCC010.BCA
Ag1Al2Hf1,aflow:8946efdb35f4d2d8,,,-0.0563427,18.2295,12,mS8,aflowlib.duke.edu:AFLOWDATA/LIB3_WEB/AgAlHf_pv/TFCC011.BCA
Ag1Al2Hf1,aflow:96e09678a5b2f366,,,-0.0271997,17.9032,225,cF16,aflowlib.duke.edu:AFLOWDATA/LIB3_WEB/AgAlHf_pv/T0001.AB2C
Ag1Al2Hf1,aflow:98017556663e65fa,,,-0.12872,17.8175,99,tP4,aflowlib.duke.edu:AFLOWDATA/LIB3_WEB/AgAlHf_pv/TBCC006.BCA
Ag1Al2Hf1,aflow:9cc2c08acb254e19,,,-0.12987,17.799,99,tP4,aflowlib.duke.edu:AFLOWDATA/LIB3_WEB/AgAlHf_pv/TBCC004.BCA
Ag1Al2Hf1,aflow:9f00209711751eff,,,-0.230309,17.6541,123,tP4,aflowlib.duke.edu:AFLOWDATA/LIB3_WEB/AgAlHf_pv/TBCC011.BCA
Ag1Al2Hf1,aflow:a5f75205c5ae70ca,,,-0.290454,17.5571,47,oP4,aflowlib.duke.edu:AFLOWDATA/LIB3_WEB/AgAlHf_pv/TBCC015.BCA
Ag1Al2Hf1,aflow:a766e7c00e1e6971,,,-0.231273,17.6349,123,tP4,aflowlib.duke.edu:AFLOWDATA/LIB3_WEB/AgAlHf_pv/TFCC012.BCA
Ag1Al2Hf1,aflow:bbcbbc8deda354db,,,0.0266663,18.1316,216,cF16,aflowlib.duke.edu:AFLOWDATA/LIB3_WEB/AgAlHf_pv/T0002.AB2C
Ag1Al2Hf1,aflow:d1a8c64d10eadf03,,,-0.230921,17.6649,123,tP4,aflowlib.duke.edu:AFLOWDATA/LIB3_WEB/AgAlHf_pv/TFCC010.BCA
Ag1Al2Hf1,aflow:d570d0f219c55673,,,-0.111423,18.3336,10,mP4,aflowlib.duke.edu:AFLOWDATA/LIB3_WEB/AgAlHf_pv/TFCC014.BCA
Ag1Al2Hf1,aflow:df690ab2e6c58bdc,,,-0.127043,17.7737,99,tP4,aflowlib.duke.edu:AFLOWDATA/LIB3_WEB/AgAlHf_pv/TFCC007.BCA
Ag1Al2Hf1,aflow:efb57c031c568ad2,,,-0.175877,18.2199,65,oS8,aflowlib.duke.edu:AFLOWDATA/LIB3_WEB/AgAlHf_pv/TBCC014.BCA
Ag1Al2Hf2,aflow:105a017da0b7757a,,,0.220319,20.3838,139,tI10,aflowlib.duke.edu:AFLOWDATA/LIB3_WEB/AgAlHf_pv/T0011.CAB
Ag1Al2Hf2,aflow:6c21ce36c08b294f,,,0.37998,21.8473,139,tI10,aflowlib.duke.edu:AFLOWDATA/LIB3_WEB/AgAlHf_pv/T0011.BAC
Ag1Al2Hg1,aflow:0a0816b0a259ae51,,,0.216535,19.5272,216,cF16,aflowlib.duke.edu:AFLOWDATA/LIB3_WEB/AgAlHg/T0002.AB2C
Ag1Al2Hg1,aflow:0b623e13c094ffde,,,0.128547,18.6941,123,tP4,aflowlib.duke.edu:AFLOWDATA/LIB3_WEB/AgAlHg/TFCC016.BCA
Ag1Al2Hg1,aflow:13549e2d28ea8390,,,0.0866887,18.4992,25,oP4,aflowlib.duke.edu:AFLOWDATA/LIB3_WEB/AgAlHg/TFCC005.BCA
Ag1Al2Hg1,aflow:1dc7e86fe093e19d,,,0.0652375,18.6963,166,hR4,aflowlib.duke.edu:AFLOWDATA/LIB3_WEB/AgAlHg/TFCC009.BCA
Ag1Al2Hg1,aflow:269e5f9d0af4608a,,,0.130245,19.2333,12,mS8,aflowlib.duke.edu:AFLOWDATA/LIB3_WEB/AgAlHg/TBCC014.BCA
Ag1Al2Hg1,aflow:43f1f46fcead530d,,,0.126619,18.694,139,tI8,aflowlib.duke.edu:AFLOWDATA/LIB3_WEB/AgAlHg/TFCC013.BCA
Ag1Al2Hg1,aflow:46d898a2f89b3db9,,,0.181691,19.2553,65,oS8,aflowlib.duke.edu:AFLOWDATA/LIB3_WEB/AgAlHg/TBCC009.BCA
Ag1Al2Hg1,aflow:558278b3655cb259,,,0.122754,19.4215,10,mP4,aflowlib.duke.edu:AFLOWDATA/LIB3_WEB/AgAlHg/TBCC010.BCA
Ag1Al2Hg1,aflow:6ad68d9d5ecce1ad,,,0.127455,18.7344,47,oP4,aflowlib.duke.edu:AFLOWDATA/LIB3_WEB/AgAlHg/TFCC010.BCA
Ag1Al2Hg1,aflow:767c4e432c75ecfc,,,0.195837,19.1697,225,cF16,aflowlib.duke.edu:AFLOWDATA/LIB3_WEB/AgAlHg/T0001.AB2C
Ag1Al2Hg1,aflow:79ddd37389c0fc6d,,,0.12516,18.658,119,tI8,aflowlib.duke.edu:AFLOWDATA/LIB3_WEB/AgAlHg/TFCC008.BCA
Ag1Al2Hg1,aflow:96d27c4c01e9d243,,,0.077033,18.6976,10,mP4,aflowlib.duke.edu:AFLOWDATA/LIB3_WEB/AgAlHg/TFCC014.BCA
Ag1Al2Hg1,aflow:9c1d553d60982ba3,,,0.0716142,18.6158,35,oS8,aflowlib.duke.edu:AFLOWDATA/LIB3_WEB/AgAlHg/TBCC004.BCA
Ag1Al2Hg1,aflow:a016f001fe395f5d,,,0.139254,19.2919,71,oI8,aflowlib.duke.edu:AFLOWDATA/LIB3_WEB/AgAlHg/TBCC012.BCA
Ag1Al2Hg1,aflow:a3688ba2d48ab0ec,,,0.0674115,18.662,12,mS8,aflowlib.duke.edu:AFLOWDATA/LIB3_WEB/AgAlHg/TFCC011.BCA
Ag1Al2Hg1,aflow:a885dbe9f0e0fa06,,,0.0688188,18.6148,99,tP4,aflowlib.duke.edu:AFLOWDATA/LIB3_WEB/AgAlHg/TBCC006.BCA
Ag1Al2Hg1,aflow:aac063ef57445a31,,,0.128311,19.1456,44,oI8,aflowlib.duke.edu:AFLOWDATA/LIB3_WEB/AgAlHg/TBCC007.BCA
Ag1Al2Hg1,aflow:b79b7390cd35ac07,,,0.185027,19.1132,123,tP4,aflowlib.duke.edu:AFLOWDATA/LIB3_WEB/AgAlHg/TBCC016.BCA
Ag1Al2Hg1,aflow:bdadaaed382cd6d4,,,0.091339,18.7307,8,mS8,aflowlib.duke.edu:AFLOWDATA/LIB3_WEB/AgAlHg/TFCC006.BCA
Ag1Al2Hg1,aflow:beaf81bede21cd41,,,0.101833,19.4142,6,mP4,aflowlib.duke.edu:AFLOWDATA/LIB3_WEB/AgAlHg/TBCC005.BCA
Ag1Al2Hg1,aflow:c629b1c64bc91194,,,0.132401,18.734,65,oS8,aflowlib.duke.edu:AFLOWDATA/LIB3_WEB/AgAlHg/TFCC015.BCA
Ag1Al2Hg1,aflow:ca145c6f1279d87f,,,0.152971,19.2837,47,oP4,aflowlib.duke.edu:AFLOWDATA/LIB3_WEB/AgAlHg/TBCC015.BCA
Ag1Al2Hg1,aflow:db14cae12fca1ac3,,,0.114974,18.9439,123,tP4,aflowlib.duke.edu:AFLOWDATA/LIB3_WEB/AgAlHg/TBCC011.BCA
Ag1Al2Hg1,aflow:df6191c1ce86d51b,,,0.0567484,18.7501,160,hR4,aflowlib.duke.edu:AFLOWDATA/LIB3_WEB/AgAlHg/TFCC004.BCA
Ag1Al2Hg1,aflow:fd86476d620a115f,,,0.0695295,18.7738,99,tP4,aflowlib.duke.edu:AFLOWDATA/LIB3_WEB/AgAlHg/TFCC007.BCA
Ag1Al2Hg1,aflow:fec0de445b4206e2,,,0.116757,18.8816,123,tP4,aflowlib.duke.edu:AFLOWDATA/LIB3_WEB/AgAlHg/TFCC012.BCA
Ag1Al2Hg2,aflow:13b77de6caac8ce2,,,0.304123,22.2147,139,tI10,aflowlib.duke.edu:AFLOWDATA/LIB3_WEB/AgAlHg/T0011.BAC
Ag1Al2Hg2,aflow:be939430d37ac538,,,0.229799,21.2782,139,tI10,aflowlib.duke.edu:AFLOWDATA/LIB3_WEB/AgAlHg/T0011.CAB
Ag1Al2In1,aflow:0a0cc85affcdf3ac,,,0.148454,19.908,47,oP4,aflowlib.duke.edu:AFLOWDATA/LIB3_WEB/AgAlIn_d/TBCC015.BCA
Ag1Al2In1,aflow:0be7d43987c1d2a6,,,0.0474362,19.0527,99,tP4,aflowlib.duke.edu:AFLOWDATA/LIB3_WEB/AgAlIn_d/TFCC007.BCA
Ag1Al2In1,aflow:0e42f272c7e64beb,,,0.121297,19.941,71,oI8,aflowlib.duke.edu:AFLOWDATA/LIB3_WEB/AgAlIn_d/TBCC012.BCA
Ag1Al2In1,aflow:1e059828f135e0e5,,,0.11681,19.3392,47,oP4,aflowlib.duke.edu:AFLOWDATA/LIB3_WEB/AgAlIn_d/TFCC010.BCA
Ag1Al2In1,aflow:3438e8e17f5a3d66,,,0.206265,19.931,123,tP4,aflowlib.duke.edu:AFLOWDATA/LIB3_WEB/AgAlIn_d/TBCC016.BCA
Ag1Al2In1,aflow:368671041705e275,,,0.078119,19.2506,25,oP4,aflowlib.duke.edu:AFLOWDATA/LIB3_WEB/AgAlIn_d/TFCC005.BCA
Ag1Al2In1,aflow:47a063a0fa7a3a7f,,,0.0772268,19.3881,6,mP4,aflowlib.duke.edu:AFLOWDATA/LIB3_WEB/AgAlIn_d/TBCC005.BCA
Ag1Al2In1,aflow:5588d2ee7975b291,,,0.0824795,19.2845,123,tP4,aflowlib.duke.edu:AFLOWDATA/LIB3_WEB/AgAlIn_d/TFCC012.BCA
Ag1Al2In1,aflow:5b9b9a605c958058,,,0.08006,19.5419,8,mS8,aflowlib.duke.edu:AFLOWDATA/LIB3_WEB/AgAlIn_d/TFCC006.BCA
Ag1Al2In1,aflow:5d2fdc03b67986cd,,,0.0977906,19.1545,10,mP4,aflowlib.duke.edu:AFLOWDATA/LIB3_WEB/AgAlIn_d/TFCC014.BCA
Ag1Al2In1,aflow:652e595f69e8a2c0,,,0.12979,19.1369,123,tP4,aflowlib.duke.edu:AFLOWDATA/LIB3_WEB/AgAlIn_d/TFCC016.BCA
Ag1Al2In1,aflow:86164114be9efdf1,,,0.141125,18.1733,65,oS8,aflowlib.duke.edu:AFLOWDATA/LIB3_WEB/AgAlIn_d/TBCC009.BCA
Ag1Al2In1,aflow:90b77bfe5e495998,,,0.0827283,19.3236,123,tP4,aflowlib.duke.edu:AFLOWDATA/LIB3_WEB/AgAlIn_d/TBCC011.BCA
Ag1Al2In1,aflow:a52b741c32f7b8ce,,,0.0923655,19.2973,166,hR4,aflowlib.duke.edu:AFLOWDATA/LIB3_WEB/AgAlIn_d/TFCC009.BCA
Ag1Al2In1,aflow:ae8db39ea68b6c4d,,,0.120347,19.173,119,tI8,aflowlib.duke.edu:AFLOWDATA/LIB3_WEB/AgAlIn_d/TFCC008.BCA
Ag1Al2In1,aflow:af3f300dc97dd247,,,0.202737,19.9869,225,cF16,aflowlib.duke.edu:AFLOWDATA/LIB3_WEB/AgAlIn_d/T0001.AB2C
Ag1Al2In1,aflow:b95f4a6af354f6b7,,,0.0449825,19.0966,99,tP4,aflowlib.duke.edu:AFLOWDATA/LIB3_WEB/AgAlIn_d/TBCC006.BCA
Ag1Al2In1,aflow:bc1484aad95b60f8,,,0.154604,20.2201,10,mP4,aflowlib.duke.edu:AFLOWDATA/LIB3_WEB/AgAlIn_d/TBCC010.BCA
Ag1Al2In1,aflow:ce0e0c40c9c545bb,,,0.122189,19.1807,139,tI8,aflowlib.duke.edu:AFLOWDATA/LIB3_WEB/AgAlIn_d/TFCC013.BCA
Ag1Al2In1,aflow:d5a42971739283dc,,,0.046423,19.0362,99,tP4,aflowlib.duke.edu:AFLOWDATA/LIB3_WEB/AgAlIn_d/TBCC004.BCA
Ag1Al2In1,aflow:d95987d724e6e1f9,,,0.0858605,19.1521,12,mS8,aflowlib.duke.edu:AFLOWDATA/LIB3_WEB/AgAlIn_d/TFCC011.BCA
Ag1Al2In1,aflow:dc4f2ed65b5b89dc,,,0.13509,19.7927,44,oI8,aflowlib.duke.edu:AFLOWDATA/LIB3_WEB/AgAlIn_d/TBCC007.BCA
Ag1Al2In1,aflow:e2e09e0728d2092e,,,0.12958,19.8544,12,mS8,aflowlib.duke.edu:AFLOWDATA/LIB3_WEB/AgAlIn_d/TBCC014.BCA
Ag1Al2In1,aflow:e96c5a0ac3a9e484,,,0.181985,19.9623,216,cF16,aflowlib.duke.edu:AFLOWDATA/LIB3_WEB/AgAlIn_d/T0002.AB2C
Ag1Al2In1,aflow:f1b38b1d05c8abfe,,,0.125067,19.2954,65,oS8,aflowlib.duke.edu:AFLOWDATA/LIB3_WEB/AgAlIn_d/TFCC015.BCA
Ag1Al2In2,aflow:2ea025bebfc2087f,,,0.304923,23.4944,139,tI10,aflowlib.duke.edu:AFLOWDATA/LIB3_WEB/AgAlIn_d/T0011.BAC
Ag1Al2In2,aflow:d9142edf4923bd1e,,,0.209756,22.9243,139,tI10,aflowlib.duke.edu:AFLOWDATA/LIB3_WEB/AgAlIn_d/T0011.CAB
Ag1Al2Ir1,aflow:0065834d4b702261,,,-0.469701,15.2713,123,tP4,aflowlib.duke.edu:AFLOWDATA/LIB3_WEB/AgAlIr/TFCC012.BCA
Ag1Al2Ir1,aflow:041c21157e8a0629,,,-0.412692,14.9086,123,tP4,aflowlib.duke.edu:AFLOWDATA/LIB3_WEB/AgAlIr/TFCC016.BCA
Ag1Al2Ir1,aflow:0a4066c515142548,,,-0.314067,15.6217,99,tP4,aflowlib.duke.edu:AFLOWDATA/LIB3_WEB/AgAlIr/TFCC007.BCA
Ag1Al2Ir1,aflow:3029a8879f2fd2da,,,-0.413077,14.8987,65,oS8,aflowlib.duke.edu:AFLOWDATA/LIB3_WEB/AgAlIr/TFCC015.BCA
Ag1Al2Ir1,aflow:31c309b91eca1fa9,,,-0.439983,15.0011,225,cF16,aflowlib.duke.edu:AFLOWDATA/LIB3_WEB/AgAlIr/TBCC012.BCA
Ag1Al2Ir1,aflow:43fc16c80e7a50f5,,,-0.440144,14.9811,225,cF16,aflowlib.duke.edu:AFLOWDATA/LIB3_WEB/AgAlIr/T0001.AB2C
Ag1Al2Ir1,aflow:434d6a6b8ae8a02a,,,-0.470619,15.1808,123,tP4,aflowlib.duke.edu:AFLOWDATA/LIB3_WEB/AgAlIr/TBCC011.BCA
Ag1Al2Ir1,aflow:5e27b0b1ace58898,,,-0.41282,14.8902,25,oP4,aflowlib.duke.edu:AFLOWDATA/LIB3_WEB/AgAlIr/TBCC005.BCA
Ag1Al2Ir1,aflow:5f9c7f0f0e33aab8,,,-0.412016,14.9304,123,tP4,aflowlib.duke.edu:AFLOWDATA/LIB3_WEB/AgAlIr/TBCC015.BCA
Ag1Al2Ir1,aflow:62c714a946baf149,,,-0.386637,15.1294,44,oI8,aflowlib.duke.edu:AFLOWDATA/LIB3_WEB/AgAlIr/TBCC007.BCA
Ag1Al2Ir1,aflow:69c5cf79b7f829b1,,,-0.386977,15.1077,119,tI8,aflowlib.duke.edu:AFLOWDATA/LIB3_WEB/AgAlIr/TFCC008.BCA
Ag1Al2Ir1,aflow:6fe8215189c9a183,,,-0.331575,15.6088,166,hR4,aflowlib.duke.edu:AFLOWDATA/LIB3_WEB/AgAlIr/TFCC009.BCA
Ag1Al2Ir1,aflow:7c6d138fd3fdd11e,,,-0.0745292,15.5241,216,cF16,aflowlib.duke.edu:AFLOWDATA/LIB3_WEB/AgAlIr/T0002.AB2C
Ag1Al2Ir1,aflow:7e27931c74f6ba87,,,-0.354723,15.5298,25,oP4,aflowlib.duke.edu:AFLOWDATA/LIB3_WEB/AgAlIr/TFCC005.BCA
Ag1Al2Ir1,aflow:8ed4b01875c1eeb1,,,-0.277002,15.3942,10,mP4,aflowlib.duke.edu:AFLOWDATA/LIB3_WEB/AgAlIr/TFCC014.BCA
Ag1Al2Ir1,aflow:9abdfde84bc48ce0,,,-0.316522,15.6227,99,tP4,aflowlib.duke.edu:AFLOWDATA/LIB3_WEB/AgAlIr/TBCC006.BCA
Ag1Al2Ir1,aflow:9b8d0e523e934b68,,,-0.327449,15.7043,12,mS8,aflowlib.duke.edu:AFLOWDATA/LIB3_WEB/AgAlIr/TFCC011.BCA
Ag1Al2Ir1,aflow:a4c194779acfc084,,,-0.432648,15.102,8,mS8,aflowlib.duke.edu:AFLOWDATA/LIB3_WEB/AgAlIr/TFCC006.BCA
Ag1Al2Ir1,aflow:b48df19fc5875761,,,-0.459118,15.1791,47,oP4,aflowlib.duke.edu:AFLOWDATA/LIB3_WEB/AgAlIr/TFCC010.BCA
Ag1Al2Ir1,aflow:bf3a0a0bee386e2f,,,-0.021411,16.0554,35,oS8,aflowlib.duke.edu:AFLOWDATA/LIB3_WEB/AgAlIr/TBCC004.BCA
Ag1Al2Ir1,aflow:c30baac468943c9b,,,-0.41187,14.9444,123,tP4,aflowlib.duke.edu:AFLOWDATA/LIB3_WEB/AgAlIr/TBCC016.BCA
Ag1Al2Ir1,aflow:d9e9b3b91cdb9992,,,-0.134974,15.851,160,hR4,aflowlib.duke.edu:AFLOWDATA/LIB3_WEB/AgAlIr/TFCC004.BCA
Ag1Al2Ir1,aflow:e75ca30a0061fdc5,,,-0.469538,15.2489,123,tP4,aflowlib.duke.edu:AFLOWDATA/LIB3_WEB/AgAlIr/TBCC009.BCA
Ag1Al2Ir1,aflow:f23f4fc0b7db16d8,,,-0.440987,15.0051,139,tI8,aflowlib.duke.edu:AFLOWDATA/LIB3_WEB/AgAlIr/TFCC013.BCA
Ag1Al2Ir1,aflow:f5b3cc19726ffff2,,,-0.458146,15.2353,47,oP4,aflowlib.duke.edu:AFLOWDATA/LIB3_WEB/AgAlIr/TBCC010.BCA
Ag1Al2Ir1,aflow:f69c3fe3082d73ad,,,-0.412575,14.9204,65,oS8,aflowlib.duke.edu:AFLOWDATA/LIB3_WEB/AgAlIr/TBCC014.BCA
Ag1Al2Ir2,aflow:7462df8b633cfe12,,,-0.230915,17.0901,139,tI10,aflowlib.duke.edu:AFLOWDATA/LIB3_WEB/AgAlIr/T0011.CAB
Ag1Al2Ir2,aflow:bfb45ba256e04060,,,-0.138087,17.3445,139,tI10,aflowlib.duke.edu:AFLOWDATA/LIB3_WEB/AgAlIr/T0011.BAC
Ag1Al2K1,aflow:18402f9c563c8c9e,,,0.379218,22.8344,12,mS8,aflowlib.duke.edu:AFLOWDATA/LIB3_WEB/AgAlK_sv/TBCC014.BCA
Ag1Al2K1,aflow:209c5d59fc44dba9,,,0.143428,23.7468,99,tP4,aflowlib.duke.edu:AFLOWDATA/LIB3_WEB/AgAlK_sv/TFCC007.BCA
Ag1Al2K1,aflow:25523e9bfdddaa40,,,0.143797,23.7053,10,mP4,aflowlib.duke.edu:AFLOWDATA/LIB3_WEB/AgAlK_sv/TBCC010.BCA
Ag1Al2K1,aflow:31a085ad6d8aef0c,,,0.33726,22.3439,216,cF16,aflowlib.duke.edu:AFLOWDATA/LIB3_WEB/AgAlK_sv/T0002.AB2C
Ag1Al2K1,aflow:326ce7d0a61f8016,,,0.167192,24.9429,12,mS8,aflowlib.duke.edu:AFLOWDATA/LIB3_WEB/AgAlK_sv/TFCC011.BCA
Ag1Al2K1,aflow:4674df568355bc99,,,0.38813,22.959,10,mP4,aflowlib.duke.edu:AFLOWDATA/LIB3_WEB/AgAlK_sv/TFCC014.BCA
Ag1Al2K1,aflow:46596a166cf09c70,,,0.4147,23.7276,47,oP4,aflowlib.duke.edu:AFLOWDATA/LIB3_WEB/AgAlK_sv/TBCC015.BCA
Ag1Al2K1,aflow:4cb83fa99f8e3281,,,0.209795,22.7854,71,oI8,aflowlib.duke.edu:AFLOWDATA/LIB3_WEB/AgAlK_sv/TBCC012.BCA
Ag1Al2K1,aflow:5e4de1621a7a4ab4,,,0.393355,21.7519,139,tI8,aflowlib.duke.edu:AFLOWDATA/LIB3_WEB/AgAlK_sv/TFCC013.BCA
Ag1Al2K1,aflow:6810e942d7a821c7,,,0.144817,23.861,99,tP4,aflowlib.duke.edu:AFLOWDATA/LIB3_WEB/AgAlK_sv/TBCC006.BCA
Ag1Al2K1,aflow:746beb34e69ca5dd,,,0.323004,24.3991,44,oI8,aflowlib.duke.edu:AFLOWDATA/LIB3_WEB/AgAlK_sv/TBCC007.BCA
Ag1Al2K1,aflow:77f458fe3f246b34,,,0.393906,21.7636,225,cF16,aflowlib.duke.edu:AFLOWDATA/LIB3_WEB/AgAlK_sv/T0001.AB2C
Ag1Al2K1,aflow:794eab3a9ce55dfb,,,0.300199,22.0413,166,hR4,aflowlib.duke.edu:AFLOWDATA/LIB3_WEB/AgAlK_sv/TFCC009.BCA
Ag1Al2K1,aflow:89df3cc53c2c79d1,,,0.140341,23.7214,6,mP4,aflowlib.duke.edu:AFLOWDATA/LIB3_WEB/AgAlK_sv/TBCC005.BCA
Ag1Al2K1,aflow:8ef882732f303535,,,0.145171,23.7244,99,tP4,aflowlib.duke.edu:AFLOWDATA/LIB3_WEB/AgAlK_sv/TBCC004.BCA
Ag1Al2K1,aflow:9deebaa57928bfe6,,,0.156676,23.5772,123,tP4,aflowlib.duke.edu:AFLOWDATA/LIB3_WEB/AgAlK_sv/TFCC012.BCA
Ag1Al2K1,aflow:a59c86a339551bd5,,,0.156277,23.3752,123,tP4,aflowlib.duke.edu:AFLOWDATA/LIB3_WEB/AgAlK_sv/TBCC009.BCA
Ag1Al2K1,aflow:ad0df810e32846fe,,,0.413316,23.724,123,tP4,aflowlib.duke.edu:AFLOWDATA/LIB3_WEB/AgAlK_sv/TFCC016.BCA
Ag1Al2K1,aflow:b7ff3c2bb5d347a2,,,0.266981,22.2394,160,hR4,aflowlib.duke.edu:AFLOWDATA/LIB3_WEB/AgAlK_sv/TFCC004.BCA
Ag1Al2K1,aflow:b73ff84ef4d99828,,,0.397653,23.0243,65,oS8,aflowlib.duke.edu:AFLOWDATA/LIB3_WEB/AgAlK_sv/TFCC015.BCA
Ag1Al2K1,aflow:bf23b230527e7320,,,0.33817,22.3325,119,tI8,aflowlib.duke.edu:AFLOWDATA/LIB3_WEB/AgAlK_sv/TFCC008.BCA
Ag1Al2K1,aflow:cb09166a077bce15,,,0.144195,23.6908,47,oP4,aflowlib.duke.edu:AFLOWDATA/LIB3_WEB/AgAlK_sv/TFCC010.BCA
Ag1Al2K1,aflow:cd8fafc98f5a8ebb,,,0.147961,25.2419,8,mS8,aflowlib.duke.edu:AFLOWDATA/LIB3_WEB/AgAlK_sv/TFCC006.BCA
Ag1Al2K1,aflow:e9d1e73ef88e329c,,,0.414626,23.6887,123,tP4,aflowlib.duke.edu:AFLOWDATA/LIB3_WEB/AgAlK_sv/TBCC016.BCA
Ag1Al2K1,aflow:f1794415c33e633d,,,0.157087,23.6733,123,tP4,aflowlib.duke.edu:AFLOWDATA/LIB3_WEB/AgAlK_sv/TBCC011.BCA
Ag1Al2K2,aflow:aa5ffcbf21dba027,,,0.22165,32.0037,139,tI10,aflowlib.duke.edu:AFLOWDATA/LIB3_WEB/AgAlK_sv/T0011.CAB
Ag1Al2K2,aflow:d165c9e1fd268408,,,0.624984,31.8929,139,tI10,aflowlib.duke.edu:AFLOWDATA/LIB3_WEB/AgAlK_sv/T0011.BAC
Ag1Al2La1,aflow:0ed534d2f1e3c4d1,,,-0.210881,21.4148,123,tP4,aflowlib.duke.edu:AFLOWDATA/LIB3_WEB/AgAlLa/TBCC011.BCA
Ag1Al2La1,aflow:114d3bde25dde7cf,,,-0.183798,21.7268,225,cF16,aflowlib.duke.edu:AFLOWDATA/LIB3_WEB/AgAlLa/TFCC013.BCA
Ag1Al2La1,aflow:12b915818a30bc72,,,-0.183126,22.7652,123,tP4,aflowlib.duke.edu:AFLOWDATA/LIB3_WEB/AgAlLa/TBCC016.BCA
Ag1Al2La1,aflow:13d4707a16c6ae8f,,,-0.31848,23.1913,8,mS8,aflowlib.duke.edu:AFLOWDATA/LIB3_WEB/AgAlLa/TFCC006.BCA
Ag1Al2La1,aflow:262ffc9c6552e557,,,-0.190197,21.7241,35,oS8,aflowlib.duke.edu:AFLOWDATA/LIB3_WEB/AgAlLa/TBCC004.BCA
Ag1Al2La1,aflow:30e4584a162cb510,,,-0.209958,21.4189,123,tP4,aflowlib.duke.edu:AFLOWDATA/LIB3_WEB/AgAlLa/TBCC009.BCA
Ag1Al2La1,aflow:375155c6fb8e30ef,,,-0.19174,21.6516,99,tP4,aflowlib.duke.edu:AFLOWDATA/LIB3_WEB/AgAlLa/TBCC006.BCA
Ag1Al2La1,aflow:528049f93184b889,,,-0.236649,22.1096,44,oI8,aflowlib.duke.edu:AFLOWDATA/LIB3_WEB/AgAlLa/TBCC007.BCA
Ag1Al2La1,aflow:54323e1d82b67083,,,-0.349177,23.811,12,mS8,aflowlib.duke.edu:AFLOWDATA/LIB3_WEB/AgAlLa/TFCC011.BCA
Ag1Al2La1,aflow:72115497abe8f102,,,0.0522563,21.3909,166,hR4,aflowlib.duke.edu:AFLOWDATA/LIB3_WEB/AgAlLa/TFCC009.BCA
Ag1Al2La1,aflow:72de1f8372b90687,,,-0.0676175,22.4487,71,oI8,aflowlib.duke.edu:AFLOWDATA/LIB3_WEB/AgAlLa/TBCC012.BCA
Ag1Al2La1,aflow:7dcda235d3d2f551,,,0.0188296,22.4955,12,mS8,aflowlib.duke.edu:AFLOWDATA/LIB3_WEB/AgAlLa/TBCC014.BCA
Ag1Al2La1,aflow:968fe0eaf044fd4c,,,-0.190854,21.6077,99,tP4,aflowlib.duke.edu:AFLOWDATA/LIB3_WEB/AgAlLa/TFCC007.BCA
Ag1Al2La1,aflow:a15f1ef02ae2ac4a,,,0.0516161,21.4329,160,hR4,aflowlib.duke.edu:AFLOWDATA/LIB3_WEB/AgAlLa/TFCC004.BCA
Ag1Al2La1,aflow:a5d7e66a75b966a3,,,-0.210743,21.4844,123,tP4,aflowlib.duke.edu:AFLOWDATA/LIB3_WEB/AgAlLa/TFCC012.BCA
Ag1Al2La1,aflow:a8b9dbb82f2e00ad,,,-0.238202,22.0072,216,cF16,aflowlib.duke.edu:AFLOWDATA/LIB3_WEB/AgAlLa/TFCC008.BCA
Ag1Al2La1,aflow:ac23e8ea233b7b6f,,,-0.184444,22.705,123,tP4,aflowlib.duke.edu:AFLOWDATA/LIB3_WEB/AgAlLa/TBCC015.BCA
Ag1Al2La1,aflow:b269acb4ab167635,,,-0.185564,22.4622,6,mP4,aflowlib.duke.edu:AFLOWDATA/LIB3_WEB/AgAlLa/TBCC005.BCA
Ag1Al2La1,aflow:c0ddaa7720ac0e89,,,-0.21732,21.4535,47,oP4,aflowlib.duke.edu:AFLOWDATA/LIB3_WEB/AgAlLa/TFCC010.BCA
Ag1Al2La1,aflow:c61f3a9290471551,,,0.0173167,22.6328,65,oS8,aflowlib.duke.edu:AFLOWDATA/LIB3_WEB/AgAlLa/TFCC015.BCA
Ag1Al2La1,aflow:c62a787e70fcfcd4,,,-0.184732,22.742,123,tP4,aflowlib.duke.edu:AFLOWDATA/LIB3_WEB/AgAlLa/TFCC016.BCA
Ag1Al2La1,aflow:ca215ca21f9db230,,,-0.191654,21.6479,25,oP4,aflowlib.duke.edu:AFLOWDATA/LIB3_WEB/AgAlLa/TFCC005.BCA
Ag1Al2La1,aflow:cbe69ad3da590cc3,,,-0.176195,22.4568,10,mP4,aflowlib.duke.edu:AFLOWDATA/LIB3_WEB/AgAlLa/TBCC010.BCA
Ag1Al2La1,aflow:dcf2f02e40b4109b,,,-0.185319,22.7148,123,tP4,aflowlib.duke.edu:AFLOWDATA/LIB3_WEB/AgAlLa/TFCC014.BCA
Ag1Al2La1,aflow:dd04eb52dfc7b7f8,,,-0.238137,21.9285,216,cF16,aflowlib.duke.edu:AFLOWDATA/LIB3_WEB/AgAlLa/T0002.AB2C
Ag1Al2La1,aflow:ee1d4aa0fcb50352,,,-0.184136,21.7846,225,cF16,aflowlib.duke.edu:AFLOWDATA/LIB3_WEB/AgAlLa/T0001.AB2C
Ag1Al2La2,aflow:108add7fb06fa9ca,,,-0.0850162,27.1039,139,tI10,aflowlib.duke.edu:AFLOWDATA/LIB3_WEB/AgAlLa/T0011.CAB
Ag1Al2La2,aflow:54d172fcedaff41c,,,0.349202,31.4012,139,tI10,aflowlib.duke.edu:AFLOWDATA/LIB3_WEB/AgAlLa/T0011.BAC
Ag1Al2Li1,aflow:019c9366d67e6cca,,,-0.0902892,16.4187,12,mS8,aflowlib.duke.edu:AFLOWDATA/LIB3_WEB/AgAlLi_sv/TBCC014.BCA
Ag1Al2Li1,aflow:028d25aecd58d27b,,,-0.0673207,16.0766,123,tP4,aflowlib.duke.edu:AFLOWDATA/LIB3_WEB/AgAlLi_sv/TBCC011.BCA
Ag1Al2Li1,aflow:100ddb4f4ed40afc,,,-0.106473,16.4162,8,mS8,aflowlib.duke.edu:AFLOWDATA/LIB3_WEB/AgAlLi_sv/TFCC006.BCA
Ag1Al2Li1,aflow:104f6627a4534d45,,,-0.129657,16.1315,99,tP4,aflowlib.duke.edu:AFLOWDATA/LIB3_WEB/AgAlLi_sv/TBCC006.BCA
Ag1Al2Li1,aflow:2eef197a700ac88d,,,-0.138844,16.2167,25,oP4,aflowlib.duke.edu:AFLOWDATA/LIB3_WEB/AgAlLi_sv/TFCC005.BCA
Ag1Al2Li1,aflow:3ac96c3beafef4b6,,,-0.10435,16.2224,47,oP4,aflowlib.duke.edu:AFLOWDATA/LIB3_WEB/AgAlLi_sv/TBCC015.BCA
Ag1Al2Li1,aflow:3d6c3b9842bec014,,,-0.0909565,16.7413,99,tP4,aflowlib.duke.edu:AFLOWDATA/LIB3_WEB/AgAlLi_sv/TFCC007.BCA
Ag1Al2Li1,aflow:54e35d451e053dc0,,,-0.124297,16.2658,216,cF16,aflowlib.duke.edu:AFLOWDATA/LIB3_WEB/AgAlLi_sv/T0002.AB2C
Ag1Al2Li1,aflow:5c257681e6cc2402,,,-0.0913624,16.718,10,mP4,aflowlib.duke.edu:AFLOWDATA/LIB3_WEB/AgAlLi_sv/TBCC010.BCA
Ag1Al2Li1,aflow:623cb4f7c150b63a,,,-0.0867055,16.9141,123,tP4,aflowlib.duke.edu:AFLOWDATA/LIB3_WEB/AgAlLi_sv/TBCC009.BCA
Ag1Al2Li1,aflow:694cd449764675cf,,,-0.147385,16.1925,123,tP4,aflowlib.duke.edu:AFLOWDATA/LIB3_WEB/AgAlLi_sv/TBCC016.BCA
Ag1Al2Li1,aflow:6c8ab7fdb2175dc9,,,-0.095148,16.5233,65,oS8,aflowlib.duke.edu:AFLOWDATA/LIB3_WEB/AgAlLi_sv/TFCC015.BCA
Ag1Al2Li1,aflow:7eea8f8a99afbe10,,,-0.0863135,16.8979,123,tP4,aflowlib.duke.edu:AFLOWDATA/LIB3_WEB/AgAlLi_sv/TFCC012.BCA
Ag1Al2Li1,aflow:8123e106b0e66738,,,-0.0601303,16.8738,166,hR4,aflowlib.duke.edu:AFLOWDATA/LIB3_WEB/AgAlLi_sv/TFCC009.BCA
Ag1Al2Li1,aflow:9b6baba6475cf4d6,,,-0.0813084,16.7597,160,hR4,aflowlib.duke.edu:AFLOWDATA/LIB3_WEB/AgAlLi_sv/TFCC004.BCA
Ag1Al2Li1,aflow:a5a3c70aaa749e0a,,,-0.0850932,16.4842,6,mP4,aflowlib.duke.edu:AFLOWDATA/LIB3_WEB/AgAlLi_sv/TBCC005.BCA
Ag1Al2Li1,aflow:b30c3f407cc6226b,,,-0.103571,16.573,71,oI8,aflowlib.duke.edu:AFLOWDATA/LIB3_WEB/AgAlLi_sv/TBCC012.BCA
Ag1Al2Li1,aflow:bd5a40c335949dca,,,-0.120631,15.9373,225,cF16,aflowlib.duke.edu:AFLOWDATA/LIB3_WEB/AgAlLi_sv/T0001.AB2C
Ag1Al2Li1,aflow:bf25064be636ed3f,,,-0.126259,16.2268,139,tI8,aflowlib.duke.edu:AFLOWDATA/LIB3_WEB/AgAlLi_sv/TFCC013.BCA
Ag1Al2Li1,aflow:cc03284ea63bab03,,,-0.115253,16.2721,10,mP4,aflowlib.duke.edu:AFLOWDATA/LIB3_WEB/AgAlLi_sv/TFCC014.BCA
Ag1Al2Li1,aflow:da191ef72bd58918,,,-0.113917,16.2967,47,oP4,aflowlib.duke.edu:AFLOWDATA/LIB3_WEB/AgAlLi_sv/TFCC010.BCA
Ag1Al2Li1,aflow:dd3fa1d435f74033,,,-0.0880426,16.7501,35,oS8,aflowlib.duke.edu:AFLOWDATA/LIB3_WEB/AgAlLi_sv/TBCC004.BCA
Ag1Al2Li1,aflow:e3d0f18bd14539a0,,,-0.122102,16.2979,12,mS8,aflowlib.duke.edu:AFLOWDATA/LIB3_WEB/AgAlLi_sv/TFCC011.BCA
Ag1Al2Li1,aflow:e38d2defb1f46940,,,-0.137638,16.0967,119,tI8,aflowlib.duke.edu:AFLOWDATA/LIB3_WEB/AgAlLi_sv/TBCC007.BCA
Ag1Al2Li1,aflow:e7449197ef665681,,,-0.146149,16.1995,123,tP4,aflowlib.duke.edu:AFLOWDATA/LIB3_WEB/AgAlLi_sv/TFCC016.BCA
Ag1Al2Li1,aflow:f7589dc1a946a901,,,-0.13787,16.1709,119,tI8,aflowlib.duke.edu:AFLOWDATA/LIB3_WEB/AgAlLi_sv/TFCC008.BCA
Ag1Al2Li2,aflow:3c450c2bef14cb47,,,0.106708,18.8357,139,tI10,aflowlib.duke.edu:AFLOWDATA/LIB3_WEB/AgAlLi_sv/T0011.CAB
Ag1Al2Li2,aflow:e6d6c56f1e966955,,,0.0494884,17.4096,139,tI10,aflowlib.duke.edu:AFLOWDATA/LIB3_WEB/AgAlLi_sv/T0011.BAC
Ag1Al2Mg1,aflow:147cb95622065c68,,,-0.0455477,17.8068,123,tP4,aflowlib.duke.edu:AFLOWDATA/LIB3_WEB/AgAlMg_pv/TBCC016.BCA
Ag1Al2Mg1,aflow:1697671a2b018b56,,,-0.0173613,18.1592,71,oI8,aflowlib.duke.edu:AFLOWDATA/LIB3_WEB/AgAlMg_pv/TBCC012.BCA
Ag1Al2Mg1,aflow:16671b4868f87288,,,-0.0355485,17.9698,160,hR4,aflowlib.duke.edu:AFLOWDATA/LIB3_WEB/AgAlMg_pv/TFCC004.BCA
Ag1Al2Mg1,aflow:1f2c85932f0c6f06,,,-0.0365807,17.8564,99,tP4,aflowlib.duke.edu:AFLOWDATA/LIB3_WEB/AgAlMg_pv/TFCC007.BCA
Ag1Al2Mg1,aflow:26a06adee76d93e0,,,-0.0445332,17.8004,123,tP4,aflowlib.duke.edu:AFLOWDATA/LIB3_WEB/AgAlMg_pv/TBCC015.BCA
Ag1Al2Mg1,aflow:28b5ff2ce5aa1859,,,-0.0043255,18.0249,47,oP4,aflowlib.duke.edu:AFLOWDATA/LIB3_WEB/AgAlMg_pv/TFCC010.BCA
Ag1Al2Mg1,aflow:48e204f32f6b89fb,,,-0.0234578,17.9324,123,tP4,aflowlib.duke.edu:AFLOWDATA/LIB3_WEB/AgAlMg_pv/TFCC012.BCA
Ag1Al2Mg1,aflow:69a472c96e38bb21,,,0.0404963,18.1002,216,cF16,aflowlib.duke.edu:AFLOWDATA/LIB3_WEB/AgAlMg_pv/T0002.AB2C
Ag1Al2Mg1,aflow:7966b04f7a6c1f35,,,-0.0330209,17.8787,35,oS8,aflowlib.duke.edu:AFLOWDATA/LIB3_WEB/AgAlMg_pv/TBCC004.BCA
Ag1Al2Mg1,aflow:7f98f1a895a94878,,,-0.0025215,18.0624,99,tP4,aflowlib.duke.edu:AFLOWDATA/LIB3_WEB/AgAlMg_pv/TBCC006.BCA
Ag1Al2Mg1,aflow:83b602642d748d4c,,,-0.0344168,17.8838,10,mP4,aflowlib.duke.edu:AFLOWDATA/LIB3_WEB/AgAlMg_pv/TFCC014.BCA
Ag1Al2Mg1,aflow:883d1b3ec3aefade,,,-0.00902425,18.0769,166,hR4,aflowlib.duke.edu:AFLOWDATA/LIB3_WEB/AgAlMg_pv/TFCC009.BCA
Ag1Al2Mg1,aflow:946a7050bd73b7f4,,,-0.0434997,17.8161,123,tP4,aflowlib.duke.edu:AFLOWDATA/LIB3_WEB/AgAlMg_pv/TFCC016.BCA
Ag1Al2Mg1,aflow:9751efbbfcfbf555,,,-0.0239735,17.9193,8,mS8,aflowlib.duke.edu:AFLOWDATA/LIB3_WEB/AgAlMg_pv/TFCC006.BCA
Ag1Al2Mg1,aflow:9ebeb62ae6135d69,,,-0.00334421,18.4534,10,mP4,aflowlib.duke.edu:AFLOWDATA/LIB3_WEB/AgAlMg_pv/TBCC010.BCA
Ag1Al2Mg1,aflow:a2aeff6734810546,,,-0.0490528,17.847,25,oP4,aflowlib.duke.edu:AFLOWDATA/LIB3_WEB/AgAlMg_pv/TFCC005.BCA
Ag1Al2Mg1,aflow:aee1eddc8f4b03c8,,,-0.0321422,17.8921,44,oI8,aflowlib.duke.edu:AFLOWDATA/LIB3_WEB/AgAlMg_pv/TBCC007.BCA
Ag1Al2Mg1,aflow:b147b074d2c8f849,,,-0.0212868,17.9933,65,oS8,aflowlib.duke.edu:AFLOWDATA/LIB3_WEB/AgAlMg_pv/TBCC009.BCA
Ag1Al2Mg1,aflow:ba44bc865325a2b6,,,-0.0315257,17.9387,12,mS8,aflowlib.duke.edu:AFLOWDATA/LIB3_WEB/AgAlMg_pv/TFCC011.BCA
Ag1Al2Mg1,aflow:c00271067ffd3037,,,-0.0312592,17.9059,119,tI8,aflowlib.duke.edu:AFLOWDATA/LIB3_WEB/AgAlMg_pv/TFCC008.BCA
Ag1Al2Mg1,aflow:d2ace99679a7d8ef,,,-0.0251582,17.891,123,tP4,aflowlib.duke.edu:AFLOWDATA/LIB3_WEB/AgAlMg_pv/TBCC011.BCA
Ag1Al2Mg1,aflow:dcc9da96ec44418e,,,-0.0343969,18.2848,6,mP4,aflowlib.duke.edu:AFLOWDATA/LIB3_WEB/AgAlMg_pv/TBCC005.BCA
Ag1Al2Mg1,aflow:f1856220a1b0b67c,,,0.0943355,18.3348,225,cF16,aflowlib.duke.edu:AFLOWDATA/LIB3_WEB/AgAlMg_pv/T0001.AB2C
Ag1Al2Mg1,aflow:f52fea26028535f1,,,-0.0202472,17.9226,65,oS8,aflowlib.duke.edu:AFLOWDATA/LIB3_WEB/AgAlMg_pv/TFCC015.BCA
Ag1Al2Mg1,aflow:f9e69d73444e3cc8,,,0.0154342,18.1907,12,mS8,aflowlib.duke.edu:AFLOWDATA/LIB3_WEB/AgAlMg_pv/TBCC014.BCA
Ag1Al2Mg1,aflow:fe7f1c57aad225c0,,,-0.0242358,18.014,139,tI8,aflowlib.duke.edu:AFLOWDATA/LIB3_WEB/AgAlMg_pv/TFCC013.BCA
Ag1Al2Mg2,aflow:e6906720529e20b9,,,0.120497,20.9551,139,tI10,aflowlib.duke.edu:AFLOWDATA/LIB3_WEB/AgAlMg_pv/T0011.CAB
Ag1Al2Mg2,aflow:f510155df6e2c28e,,,0.277897,21.2929,139,tI10,aflowlib.duke.edu:AFLOWDATA/LIB3_WEB/AgAlMg_pv/T0011.BAC
Ag1Al2Mn1,aflow:07cc3d6d76fb4a5d,,,-0.103704,15.0435,123,tP4,aflowlib.duke.edu:AFLOWDATA/LIB3_WEB/AgAlMn_pv/TFCC016.BCA
Ag1Al2Mn1,aflow:130a48f2b86c26d4,,,-0.090137,14.9941,123,tP4,aflowlib.duke.edu:AFLOWDATA/LIB3_WEB/AgAlMn_pv/TBCC016.BCA
Ag1Al2Mn1,aflow:172bf3790a91bf20,,,-0.059946,15.1065,119,tI8,aflowlib.duke.edu:AFLOWDATA/LIB3_WEB/AgAlMn_pv/TFCC008.BCA
Ag1Al2Mn1,aflow:1ff3aa371cb21d38,,,-0.105319,15.0355,123,tP4,aflowlib.duke.edu:AFLOWDATA/LIB3_WEB/AgAlMn_pv/TBCC015.BCA
Ag1Al2Mn1,aflow:25f293f3e827e766,,,-0.0207945,15.0684,139,tI8,aflowlib.duke.edu:AFLOWDATA/LIB3_WEB/AgAlMn_pv/TFCC013.BCA
Ag1Al2Mn1,aflow:43161257bfd12e48,,,0.061496,15.8015,160,hR4,aflowlib.duke.edu:AFLOWDATA/LIB3_WEB/AgAlMn_pv/TFCC004.BCA
Ag1Al2Mn1,aflow:4699012762226028,,,-0.0913821,14.9857,25,oP4,aflowlib.duke.edu:AFLOWDATA/LIB3_WEB/AgAlMn_pv/TBCC005.BCA
Ag1Al2Mn1,aflow:50cc4b11f7277cb5,,,-0.113934,14.2283,123,tP4,aflowlib.duke.edu:AFLOWDATA/LIB3_WEB/AgAlMn_pv/TBCC010.BCA
Ag1Al2Mn1,aflow:50dcf5d618959838,,,0.109471,15.8283,216,cF16,aflowlib.duke.edu:AFLOWDATA/LIB3_WEB/AgAlMn_pv/T0002.AB2C
Ag1Al2Mn1,aflow:67c8f674b322f3d7,,,-0.068672,15.1105,166,hR4,aflowlib.duke.edu:AFLOWDATA/LIB3_WEB/AgAlMn_pv/TFCC009.BCA
Ag1Al2Mn1,aflow:685f97b80314e362,,,-0.089095,14.9234,65,oS8,aflowlib.duke.edu:AFLOWDATA/LIB3_WEB/AgAlMn_pv/TBCC014.BCA
Ag1Al2Mn1,aflow:7bea6895d58d8380,,,-0.088807,14.8984,65,oS8,aflowlib.duke.edu:AFLOWDATA/LIB3_WEB/AgAlMn_pv/TFCC015.BCA
Ag1Al2Mn1,aflow:910f1f573381aab8,,,0.0190975,15.6796,99,tP4,aflowlib.duke.edu:AFLOWDATA/LIB3_WEB/AgAlMn_pv/TBCC004.BCA
Ag1Al2Mn1,aflow:97c4f9290c84ed2d,,,-0.0250335,15.0567,225,cF16,aflowlib.duke.edu:AFLOWDATA/LIB3_WEB/AgAlMn_pv/T0001.AB2C
Ag1Al2Mn1,aflow:974973065771eda7,,,-0.0412634,15.2455,44,oI8,aflowlib.duke.edu:AFLOWDATA/LIB3_WEB/AgAlMn_pv/TBCC007.BCA
Ag1Al2Mn1,aflow:a215155b343bc64b,,,-0.0330047,15.3612,25,oP4,aflowlib.duke.edu:AFLOWDATA/LIB3_WEB/AgAlMn_pv/TFCC005.BCA
Ag1Al2Mn1,aflow:a4cbe4071a0c4fde,,,-0.16856,14.8253,123,tP4,aflowlib.duke.edu:AFLOWDATA/LIB3_WEB/AgAlMn_pv/TFCC012.BCA
Ag1Al2Mn1,aflow:b971b1fb9797e825,,,0.128382,14.7656,99,tP4,aflowlib.duke.edu:AFLOWDATA/LIB3_WEB/AgAlMn_pv/TBCC006.BCA
Ag1Al2Mn1,aflow:c297de5c9474c6c0,,,0.0188775,15.6541,99,tP4,aflowlib.duke.edu:AFLOWDATA/LIB3_WEB/AgAlMn_pv/TFCC007.BCA
Ag1Al2Mn1,aflow:c774697f4bf194bb,,,0.097003,14.6889,12,mS8,aflowlib.duke.edu:AFLOWDATA/LIB3_WEB/AgAlMn_pv/TFCC011.BCA
Ag1Al2Mn1,aflow:c9d05324cd8a0336,,,-0.0249547,15.4479,10,mP4,aflowlib.duke.edu:AFLOWDATA/LIB3_WEB/AgAlMn_pv/TFCC014.BCA
Ag1Al2Mn1,aflow:ca344e88704842fb,,,0.110318,14.5272,71,oI8,aflowlib.duke.edu:AFLOWDATA/LIB3_WEB/AgAlMn_pv/TBCC012.BCA
Ag1Al2Mn1,aflow:ece9424bb50fb334,,,-0.167409,14.8523,123,tP4,aflowlib.duke.edu:AFLOWDATA/LIB3_WEB/AgAlMn_pv/TFCC010.BCA
Ag1Al2Mn1,aflow:edf998ce60a14879,,,-0.167993,14.8172,123,tP4,aflowlib.duke.edu:AFLOWDATA/LIB3_WEB/AgAlMn_pv/TBCC009.BCA
Ag1Al2Mn1,aflow:f251d27ae6b6bef4,,,-0.166737,14.8007,123,tP4,aflowlib.duke.edu:AFLOWDATA/LIB3_WEB/AgAlMn_pv/TBCC011.BCA
Ag1Al2Mn1,aflow:f668dbaa9055a75b,,,-0.0703835,14.9208,8,mS8,aflowlib.duke.edu:AFLOWDATA/LIB3_WEB/AgAlMn_pv/TFCC006.BCA
Ag1Al2Mn2,aflow:0025461a6a79325a,,,0.264272,14.7105,139,tI10,aflowlib.duke.edu:AFLOWDATA/LIB3_WEB/AgAlMn_pv/T0011.BAC
Ag1Al2Mn2,aflow:a1fb9d1153613307,,,0.350063,16.473,139,tI10,aflowlib.duke.edu:AFLOWDATA/LIB3_WEB/AgAlMn_pv/T0011.CAB
Ag1Al2Mo1,aflow:01d18956d6f2ee05,,,-0.0411477,16.0431,123,tP4,aflowlib.duke.edu:AFLOWDATA/LIB3_WEB/AgAlMo_pv/TFCC012.BCA
Ag1Al2Mo1,aflow:1ae6edb0c40434f3,,,0.0203045,16.1638,12,mS8,aflowlib.duke.edu:AFLOWDATA/LIB3_WEB/AgAlMo_pv/TFCC011.BCA
Ag1Al2Mo1,aflow:1f147210d84b0ca7,,,-0.0366732,15.7809,119,tI8,aflowlib.duke.edu:AFLOWDATA/LIB3_WEB/AgAlMo_pv/TFCC008.BCA
Ag1Al2Mo1,aflow:30c363d752661225,,,-0.0455862,16.1955,166,hR4,aflowlib.duke.edu:AFLOWDATA/LIB3_WEB/AgAlMo_pv/TFCC009.BCA
Ag1Al2Mo1,aflow:3f9b6683cd63fb69,,,0.0939385,16.2359,160,hR4,aflowlib.duke.edu:AFLOWDATA/LIB3_WEB/AgAlMo_pv/TFCC004.BCA
Ag1Al2Mo1,aflow:40f3e77b425d12d2,,,-0.0774595,15.8931,8,mS8,aflowlib.duke.edu:AFLOWDATA/LIB3_WEB/AgAlMo_pv/TFCC006.BCA
Ag1Al2Mo1,aflow:550089733d5346f9,,,-0.00510854,16.0695,12,mS8,aflowlib.duke.edu:AFLOWDATA/LIB3_WEB/AgAlMo_pv/TBCC014.BCA
Ag1Al2Mo1,aflow:5a4d3bbdc1b8fe24,,,-0.0217879,16.2518,10,mP4,aflowlib.duke.edu:AFLOWDATA/LIB3_WEB/AgAlMo_pv/TBCC010.BCA
Ag1Al2Mo1,aflow:69d77806a98c15dc,,,0.316858,16.1032,216,cF16,aflowlib.duke.edu:AFLOWDATA/LIB3_WEB/AgAlMo_pv/T0002.AB2C
Ag1Al2Mo1,aflow:82db5be6ad36bc97,,,-0.0175851,15.9619,6,mP4,aflowlib.duke.edu:AFLOWDATA/LIB3_WEB/AgAlMo_pv/TBCC005.BCA
Ag1Al2Mo1,aflow:84dd8cbd08ffcffb,,,-0.0640432,15.9058,47,oP4,aflowlib.duke.edu:AFLOWDATA/LIB3_WEB/AgAlMo_pv/TFCC010.BCA
Ag1Al2Mo1,aflow:8c559091acc0fa8a,,,-0.0852892,15.5824,123,tP4,aflowlib.duke.edu:AFLOWDATA/LIB3_WEB/AgAlMo_pv/TBCC016.BCA
Ag1Al2Mo1,aflow:935415b2e49ce0d9,,,0.00436792,15.9481,44,oI8,aflowlib.duke.edu:AFLOWDATA/LIB3_WEB/AgAlMo_pv/TBCC007.BCA
Ag1Al2Mo1,aflow:93a045b261f948a5,,,0.131884,16.162,99,tP4,aflowlib.duke.edu:AFLOWDATA/LIB3_WEB/AgAlMo_pv/TBCC006.BCA
Ag1Al2Mo1,aflow:a63e8917d2f2f036,,,-0.109186,15.6255,123,tP4,aflowlib.duke.edu:AFLOWDATA/LIB3_WEB/AgAlMo_pv/TFCC016.BCA
Ag1Al2Mo1,aflow:a9867232f353deac,,,0.058896,16.0488,25,oP4,aflowlib.duke.edu:AFLOWDATA/LIB3_WEB/AgAlMo_pv/TFCC005.BCA
Ag1Al2Mo1,aflow:c57be6a5f99a84c6,,,0.0391868,15.5038,225,cF16,aflowlib.duke.edu:AFLOWDATA/LIB3_WEB/AgAlMo_pv/T0001.AB2C
Ag1Al2Mo1,aflow:c8c27723230d2a85,,,-0.059865,16.1128,65,oS8,aflowlib.duke.edu:AFLOWDATA/LIB3_WEB/AgAlMo_pv/TBCC009.BCA
Ag1Al2Mo1,aflow:c8189a02a271e244,,,-0.00993011,16.0544,10,mP4,aflowlib.duke.edu:AFLOWDATA/LIB3_WEB/AgAlMo_pv/TFCC014.BCA
Ag1Al2Mo1,aflow:d25407e0b0eccb0f,,,-0.109907,15.5544,123,tP4,aflowlib.duke.edu:AFLOWDATA/LIB3_WEB/AgAlMo_pv/TBCC015.BCA
Ag1Al2Mo1,aflow:d433959a47cd3153,,,0.0567027,15.8242,139,tI8,aflowlib.duke.edu:AFLOWDATA/LIB3_WEB/AgAlMo_pv/TFCC013.BCA
Ag1Al2Mo1,aflow:d6abbf48d60ce46e,,,-0.105247,15.7787,65,oS8,aflowlib.duke.edu:AFLOWDATA/LIB3_WEB/AgAlMo_pv/TFCC015.BCA
Ag1Al2Mo1,aflow:e66c722bd3e71c29,,,0.100788,16.2607,35,oS8,aflowlib.duke.edu:AFLOWDATA/LIB3_WEB/AgAlMo_pv/TBCC004.BCA
Ag1Al2Mo1,aflow:e7068d95275b8554,,,-0.0432602,15.9649,123,tP4,aflowlib.duke.edu:AFLOWDATA/LIB3_WEB/AgAlMo_pv/TBCC011.BCA
Ag1Al2Mo1,aflow:e80b03ebffd75d89,,,0.0877495,16.0768,71,oI8,aflowlib.duke.edu:AFLOWDATA/LIB3_WEB/AgAlMo_pv/TBCC012.BCA
Ag1Al2Mo1,aflow:f3460104eb2b6801,,,0.101103,16.1894,99,tP4,aflowlib.duke.edu:AFLOWDATA/LIB3_WEB/AgAlMo_pv/TFCC007.BCA
Ag1Al2Mo2,aflow:05578e181e9d8567,,,0.394141,17.9345,139,tI10,aflowlib.duke.edu:AFLOWDATA/LIB3_WEB/AgAlMo_pv/T0011.BAC
Ag1Al2Mo2,aflow:9352ddd04fe98c31,,,0.525145,17.4338,139,tI10,aflowlib.duke.edu:AFLOWDATA/LIB3_WEB/AgAlMo_pv/T0011.CAB
Ag1Al2Na1,aflow:0a820a68c109be6b,,,0.089793,19.7019,8,mS8,aflowlib.duke.edu:AFLOWDATA/LIB3_WEB/AgAlNa_sv/TFCC006.BCA
Ag1Al2Na1,aflow:25327012a46932db,,,0.0457328,19.6001,123,tP4,aflowlib.duke.edu:AFLOWDATA/LIB3_WEB/AgAlNa_sv/TBCC011.BCA
Ag1Al2Na1,aflow:2e6ad42e88b22cf5,,,0.033314,19.3983,99,tP4,aflowlib.duke.edu:AFLOWDATA/LIB3_WEB/AgAlNa_sv/TBCC006.BCA
Ag1Al2Na1,aflow:325f59902dc8c05f,,,0.134061,18.9659,139,tI8,aflowlib.duke.edu:AFLOWDATA/LIB3_WEB/AgAlNa_sv/TFCC013.BCA
Ag1Al2Na1,aflow:38e05004bb8193fe,,,0.0578622,19.8773,6,mP4,aflowlib.duke.edu:AFLOWDATA/LIB3_WEB/AgAlNa_sv/TBCC005.BCA
Ag1Al2Na1,aflow:388e3b4b2dff6b20,,,0.0466783,19.3879,71,oI8,aflowlib.duke.edu:AFLOWDATA/LIB3_WEB/AgAlNa_sv/TBCC012.BCA
Ag1Al2Na1,aflow:40fe7c44f48728d0,,,0.0479108,19.4155,12,mS8,aflowlib.duke.edu:AFLOWDATA/LIB3_WEB/AgAlNa_sv/TFCC011.BCA
Ag1Al2Na1,aflow:474aa316e32c57d3,,,0.111252,18.8566,123,tP4,aflowlib.duke.edu:AFLOWDATA/LIB3_WEB/AgAlNa_sv/TBCC015.BCA
Ag1Al2Na1,aflow:505366458009f271,,,0.106854,19.3324,166,hR4,aflowlib.duke.edu:AFLOWDATA/LIB3_WEB/AgAlNa_sv/TFCC009.BCA
Ag1Al2Na1,aflow:61c5bcd9691e3750,,,0.110078,18.8015,123,tP4,aflowlib.duke.edu:AFLOWDATA/LIB3_WEB/AgAlNa_sv/TBCC016.BCA
Ag1Al2Na1,aflow:6d4db3f30b21e00a,,,0.0950175,18.6583,119,tI8,aflowlib.duke.edu:AFLOWDATA/LIB3_WEB/AgAlNa_sv/TFCC008.BCA
Ag1Al2Na1,aflow:73f21cd37db5ec0a,,,0.085372,19.3612,10,mP4,aflowlib.duke.edu:AFLOWDATA/LIB3_WEB/AgAlNa_sv/TBCC010.BCA
Ag1Al2Na1,aflow:77269cf88e69f8e7,,,0.125156,18.8846,10,mP4,aflowlib.duke.edu:AFLOWDATA/LIB3_WEB/AgAlNa_sv/TFCC014.BCA
Ag1Al2Na1,aflow:85edd2c1c0d5abb3,,,0.044157,19.5486,123,tP4,aflowlib.duke.edu:AFLOWDATA/LIB3_WEB/AgAlNa_sv/TFCC012.BCA
Ag1Al2Na1,aflow:8a5a1ce96eec2e37,,,0.14608,19.2143,65,oS8,aflowlib.duke.edu:AFLOWDATA/LIB3_WEB/AgAlNa_sv/TFCC015.BCA
Ag1Al2Na1,aflow:a88a1aa3e72a25b2,,,0.0985045,19.0749,47,oP4,aflowlib.duke.edu:AFLOWDATA/LIB3_WEB/AgAlNa_sv/TFCC010.BCA
Ag1Al2Na1,aflow:b1ddd1188a567a8c,,,0.0560555,20.0451,25,oP4,aflowlib.duke.edu:AFLOWDATA/LIB3_WEB/AgAlNa_sv/TFCC005.BCA
Ag1Al2Na1,aflow:b4d0d58522a766c1,,,0.1114,18.8601,123,tP4,aflowlib.duke.edu:AFLOWDATA/LIB3_WEB/AgAlNa_sv/TFCC016.BCA
Ag1Al2Na1,aflow:b6f03f95b4a3c928,,,0.0950271,18.6308,119,tI8,aflowlib.duke.edu:AFLOWDATA/LIB3_WEB/AgAlNa_sv/TBCC007.BCA
Ag1Al2Na1,aflow:b7e16a539b44cc12,,,0.133933,18.9334,12,mS8,aflowlib.duke.edu:AFLOWDATA/LIB3_WEB/AgAlNa_sv/TBCC014.BCA
Ag1Al2Na1,aflow:d77dd564262968cd,,,0.0460585,19.5165,123,tP4,aflowlib.duke.edu:AFLOWDATA/LIB3_WEB/AgAlNa_sv/TBCC009.BCA
Ag1Al2Na1,aflow:ed2bd9dbc4826b62,,,0.134548,18.4236,225,cF16,aflowlib.duke.edu:AFLOWDATA/LIB3_WEB/AgAlNa_sv/T0001.AB2C
Ag1Al2Na1,aflow:f22f7e6de161e0b3,,,0.0329318,19.343,99,tP4,aflowlib.duke.edu:AFLOWDATA/LIB3_WEB/AgAlNa_sv/TFCC007.BCA
Ag1Al2Na1,aflow:f65541768ec3345d,,,0.0338538,19.3667,35,oS8,aflowlib.duke.edu:AFLOWDATA/LIB3_WEB/AgAlNa_sv/TBCC004.BCA
Ag1Al2Na1,aflow:fb5f162506bbd809,,,0.094675,18.7204,216,cF16,aflowlib.duke.edu:AFLOWDATA/LIB3_WEB/AgAlNa_sv/T0002.AB2C
Ag1Al2Na1,aflow:fdaa4d9d9328cad2,,,0.0620683,19.2156,160,hR4,aflowlib.duke.edu:AFLOWDATA/LIB3_WEB/AgAlNa_sv/TFCC004.BCA
Ag1Al2Na2,aflow:2dfbf6fc197cd73e,,,0.346792,22.5778,139,tI10,aflowlib.duke.edu:AFLOWDATA/LIB3_WEB/AgAlNa_sv/T0011.BAC
Ag1Al2Na2,aflow:cd21af948b6bc2d9,,,0.209406,25.5263,139,tI10,aflowlib.duke.edu:AFLOWDATA/LIB3_WEB/AgAlNa_sv/T0011.CAB
Ag1Al2Nb1,aflow:10c7763114e2eb86,,,-0.173777,16.8619,65,oS8,aflowlib.duke.edu:AFLOWDATA/LIB3_WEB/AgAlNb_sv/TFCC015.BCA
Ag1Al2Nb1,aflow:27ec69ac2c9edfb0,,,-0.232597,16.4855,123,tP4,aflowlib.duke.edu:AFLOWDATA/LIB3_WEB/AgAlNb_sv/TBCC016.BCA
Ag1Al2Nb1,aflow:27a0dc12d056e9d3,,,0.00863989,17.0348,71,oI8,aflowlib.duke.edu:AFLOWDATA/LIB3_WEB/AgAlNb_sv/TBCC012.BCA
Ag1Al2Nb1,aflow:326fc76b7bd6b615,,,-0.232318,16.3844,123,tP4,aflowlib.duke.edu:AFLOWDATA/LIB3_WEB/AgAlNb_sv/TBCC015.BCA
Ag1Al2Nb1,aflow:3bb44c6ef1de5ccb,,,-0.088256,16.7193,119,tI8,aflowlib.duke.edu:AFLOWDATA/LIB3_WEB/AgAlNb_sv/TFCC008.BCA
Ag1Al2Nb1,aflow:48762b8a35fc6d15,,,-0.024319,16.9483,99,tP4,aflowlib.duke.edu:AFLOWDATA/LIB3_WEB/AgAlNb_sv/TFCC007.BCA
Ag1Al2Nb1,aflow:49a1569283853725,,,0.202714,17.1285,216,cF16,aflowlib.duke.edu:AFLOWDATA/LIB3_WEB/AgAlNb_sv/T0002.AB2C
Ag1Al2Nb1,aflow:526bd9d319fbfa08,,,-0.003313,16.734,99,tP4,aflowlib.duke.edu:AFLOWDATA/LIB3_WEB/AgAlNb_sv/TBCC006.BCA
Ag1Al2Nb1,aflow:5c859275366807ef,,,0.0308795,16.7076,139,tI8,aflowlib.duke.edu:AFLOWDATA/LIB3_WEB/AgAlNb_sv/TFCC013.BCA
Ag1Al2Nb1,aflow:71d48452d2edd027,,,-0.0241672,16.9565,35,oS8,aflowlib.duke.edu:AFLOWDATA/LIB3_WEB/AgAlNb_sv/TBCC004.BCA
Ag1Al2Nb1,aflow:72acd36c5641f217,,,-0.0978935,16.88,6,mP4,aflowlib.duke.edu:AFLOWDATA/LIB3_WEB/AgAlNb_sv/TBCC005.BCA
Ag1Al2Nb1,aflow:735ddc7f3ebb1153,,,-0.12602,17.1871,10,mP4,aflowlib.duke.edu:AFLOWDATA/LIB3_WEB/AgAlNb_sv/TBCC010.BCA
Ag1Al2Nb1,aflow:7798338f307e5c9b,,,-0.107438,17.1039,166,hR4,aflowlib.duke.edu:AFLOWDATA/LIB3_WEB/AgAlNb_sv/TFCC009.BCA
Ag1Al2Nb1,aflow:8645b280e71dbb87,,,-0.00367151,17.166,160,hR4,aflowlib.duke.edu:AFLOWDATA/LIB3_WEB/AgAlNb_sv/TFCC004.BCA
Ag1Al2Nb1,aflow:944919249e734bd7,,,-0.0845055,16.9904,12,mS8,aflowlib.duke.edu:AFLOWDATA/LIB3_WEB/AgAlNb_sv/TBCC014.BCA
Ag1Al2Nb1,aflow:a4b8baef3df4258e,,,0.0434118,16.5741,225,cF16,aflowlib.duke.edu:AFLOWDATA/LIB3_WEB/AgAlNb_sv/T0001.AB2C
Ag1Al2Nb1,aflow:a68fb858f73c9ae2,,,-0.233385,16.4235,123,tP4,aflowlib.duke.edu:AFLOWDATA/LIB3_WEB/AgAlNb_sv/TFCC016.BCA
Ag1Al2Nb1,aflow:b413852159398066,,,-0.0697634,16.8515,44,oI8,aflowlib.duke.edu:AFLOWDATA/LIB3_WEB/AgAlNb_sv/TBCC007.BCA
Ag1Al2Nb1,aflow:bbb691b3d07d02ff,,,-0.0973517,16.7147,47,oP4,aflowlib.duke.edu:AFLOWDATA/LIB3_WEB/AgAlNb_sv/TFCC010.BCA
Ag1Al2Nb1,aflow:beaba61f30e4a8c2,,,-0.178122,16.667,65,oS8,aflowlib.duke.edu:AFLOWDATA/LIB3_WEB/AgAlNb_sv/TBCC009.BCA
Ag1Al2Nb1,aflow:c4f7b97cd999924a,,,-0.179199,16.6974,123,tP4,aflowlib.duke.edu:AFLOWDATA/LIB3_WEB/AgAlNb_sv/TBCC011.BCA
Ag1Al2Nb1,aflow:c6846df72eb7c12c,,,-0.0940653,17.069,10,mP4,aflowlib.duke.edu:AFLOWDATA/LIB3_WEB/AgAlNb_sv/TFCC014.BCA
Ag1Al2Nb1,aflow:d0254bdd7b9f3740,,,-0.134707,16.8676,8,mS8,aflowlib.duke.edu:AFLOWDATA/LIB3_WEB/AgAlNb_sv/TFCC006.BCA
Ag1Al2Nb1,aflow:db69ece936e4cfde,,,-0.017325,17.0517,12,mS8,aflowlib.duke.edu:AFLOWDATA/LIB3_WEB/AgAlNb_sv/TFCC011.BCA
Ag1Al2Nb1,aflow:dc5a525f9a1d3a5c,,,-0.177122,16.7041,123,tP4,aflowlib.duke.edu:AFLOWDATA/LIB3_WEB/AgAlNb_sv/TFCC012.BCA
Ag1Al2Nb2,aflow:54d5f5e5e1df19c8,,,0.388885,19.3239,139,tI10,aflowlib.duke.edu:AFLOWDATA/LIB3_WEB/AgAlNb_sv/T0011.BAC
Ag1Al2Nb2,aflow:75e6a591966a2d6d,,,0.381105,18.806,139,tI10,aflowlib.duke.edu:AFLOWDATA/LIB3_WEB/AgAlNb_sv/T0011.CAB
Ag1Al2Ni1,aflow:1b1ce3a76e2f4c95,,,-0.242217,14.2014,123,tP4,aflowlib.duke.edu:AFLOWDATA/LIB3_WEB/AgAlNi_pv/TBCC016.BCA
Ag1Al2Ni1,aflow:26dd18831ba26cba,,,-0.348268,14.2854,123,tP4,aflowlib.duke.edu:AFLOWDATA/LIB3_WEB/AgAlNi_pv/TBCC010.BCA
Ag1Al2Ni1,aflow:2be3f61e1a404e43,,,-0.227983,14.6889,99,tP4,aflowlib.duke.edu:AFLOWDATA/LIB3_WEB/AgAlNi_pv/TBCC006.BCA
Ag1Al2Ni1,aflow:344ca80d2a8ca863,,,-0.347886,14.3093,123,tP4,aflowlib.duke.edu:AFLOWDATA/LIB3_WEB/AgAlNi_pv/TBCC011.BCA
Ag1Al2Ni1,aflow:38a63f278270b8fd,,,-0.256533,14.2219,225,cF16,aflowlib.duke.edu:AFLOWDATA/LIB3_WEB/AgAlNi_pv/T0001.AB2C
Ag1Al2Ni1,aflow:39ff303e296a0fc1,,,-0.346889,14.269,123,tP4,aflowlib.duke.edu:AFLOWDATA/LIB3_WEB/AgAlNi_pv/TFCC010.BCA
Ag1Al2Ni1,aflow:4ac458bf98f91b9f,,,-0.346705,14.3847,123,tP4,aflowlib.duke.edu:AFLOWDATA/LIB3_WEB/AgAlNi_pv/TBCC009.BCA
Ag1Al2Ni1,aflow:687e67fb7e2ac7b9,,,-0.228665,14.4413,44,oI8,aflowlib.duke.edu:AFLOWDATA/LIB3_WEB/AgAlNi_pv/TBCC007.BCA
Ag1Al2Ni1,aflow:7762a28e4730c1b1,,,-0.24551,14.4524,8,mS8,aflowlib.duke.edu:AFLOWDATA/LIB3_WEB/AgAlNi_pv/TFCC006.BCA
Ag1Al2Ni1,aflow:82066da38a397501,,,-0.151701,14.5705,10,mP4,aflowlib.duke.edu:AFLOWDATA/LIB3_WEB/AgAlNi_pv/TFCC014.BCA
Ag1Al2Ni1,aflow:8da718a98ce731eb,,,-0.241176,14.3292,65,oS8,aflowlib.duke.edu:AFLOWDATA/LIB3_WEB/AgAlNi_pv/TFCC015.BCA
Ag1Al2Ni1,aflow:8ef53c8d971598e6,,,-0.13917,14.9306,99,tP4,aflowlib.duke.edu:AFLOWDATA/LIB3_WEB/AgAlNi_pv/TFCC007.BCA
Ag1Al2Ni1,aflow:93ce38a830485d2a,,,-0.13959,14.8848,35,oS8,aflowlib.duke.edu:AFLOWDATA/LIB3_WEB/AgAlNi_pv/TBCC004.BCA
Ag1Al2Ni1,aflow:96201e63c8e178cb,,,-0.347069,14.3001,123,tP4,aflowlib.duke.edu:AFLOWDATA/LIB3_WEB/AgAlNi_pv/TFCC012.BCA
Ag1Al2Ni1,aflow:9c4147e91244ddc2,,,-0.21766,14.2876,119,tI8,aflowlib.duke.edu:AFLOWDATA/LIB3_WEB/AgAlNi_pv/TFCC008.BCA
Ag1Al2Ni1,aflow:9d7d282cb42205b9,,,-0.193564,14.6209,12,mS8,aflowlib.duke.edu:AFLOWDATA/LIB3_WEB/AgAlNi_pv/TFCC011.BCA
Ag1Al2Ni1,aflow:9e985f51703a8a84,,,-0.220842,14.7262,166,hR4,aflowlib.duke.edu:AFLOWDATA/LIB3_WEB/AgAlNi_pv/TFCC009.BCA
Ag1Al2Ni1,aflow:a2df482468279af2,,,-0.243152,14.2672,123,tP4,aflowlib.duke.edu:AFLOWDATA/LIB3_WEB/AgAlNi_pv/TFCC016.BCA
Ag1Al2Ni1,aflow:bdc208f569d695b8,,,-0.141776,14.6444,6,mP4,aflowlib.duke.edu:AFLOWDATA/LIB3_WEB/AgAlNi_pv/TBCC005.BCA
Ag1Al2Ni1,aflow:c0adae13d18bd189,,,-0.0569855,14.6778,216,cF16,aflowlib.duke.edu:AFLOWDATA/LIB3_WEB/AgAlNi_pv/T0002.AB2C
Ag1Al2Ni1,aflow:cf497fb0008b0763,,,-0.157734,14.6573,71,oI8,aflowlib.duke.edu:AFLOWDATA/LIB3_WEB/AgAlNi_pv/TBCC012.BCA
Ag1Al2Ni1,aflow:d85c0e9cf1e24aec,,,-0.242252,14.2662,123,tP4,aflowlib.duke.edu:AFLOWDATA/LIB3_WEB/AgAlNi_pv/TBCC014.BCA
Ag1Al2Ni1,aflow:d9673d4a9e65cc9a,,,-0.25662,14.2729,139,tI8,aflowlib.duke.edu:AFLOWDATA/LIB3_WEB/AgAlNi_pv/TFCC013.BCA
Ag1Al2Ni1,aflow:ddf015e6a90c05c2,,,-0.225415,14.6731,25,oP4,aflowlib.duke.edu:AFLOWDATA/LIB3_WEB/AgAlNi_pv/TFCC005.BCA
Ag1Al2Ni1,aflow:f195a1a8e48985a2,,,-0.238708,14.0674,123,tP4,aflowlib.duke.edu:AFLOWDATA/LIB3_WEB/AgAlNi_pv/TBCC015.BCA
Ag1Al2Ni2,aflow:6b5e7e6746d48e68,,,-0.0960704,14.8359,139,tI10,aflowlib.duke.edu:AFLOWDATA/LIB3_WEB/AgAlNi_pv/T0011.BAC
Ag1Al2Ni2,aflow:a57cb50dba4d8b19,,,-0.149952,14.6908,139,tI10,aflowlib.duke.edu:AFLOWDATA/LIB3_WEB/AgAlNi_pv/T0011.CAB
Ag1Al2Os1,aflow:05a9aaefd5cc8d6b,,,-0.124882,15.6188,166,hR4,aflowlib.duke.edu:AFLOWDATA/LIB3_WEB/AgAlOs_pv/TFCC009.BCA
Ag1Al2Os1,aflow:0f7d56c4f94ce887,,,0.10436,15.6943,160,hR4,aflowlib.duke.edu:AFLOWDATA/LIB3_WEB/AgAlOs_pv/TFCC004.BCA
Ag1Al2Os1,aflow:10099f8f141e11a2,,,0.178326,15.8614,99,tP4,aflowlib.duke.edu:AFLOWDATA/LIB3_WEB/AgAlOs_pv/TFCC007.BCA
Ag1Al2Os1,aflow:15c920f98a492d91,,,-0.0433874,15.6681,65,oS8,aflowlib.duke.edu:AFLOWDATA/LIB3_WEB/AgAlOs_pv/TBCC009.BCA
Ag1Al2Os1,aflow:27e6521bde8d2984,,,-0.191687,15.0813,8,mS8,aflowlib.duke.edu:AFLOWDATA/LIB3_WEB/AgAlOs_pv/TFCC006.BCA
Ag1Al2Os1,aflow:2d5dc43abd31bbf9,,,-0.20001,14.7452,123,tP4,aflowlib.duke.edu:AFLOWDATA/LIB3_WEB/AgAlOs_pv/TBCC015.BCA
Ag1Al2Os1,aflow:33976e9c5ff5a918,,,-0.294145,15.0903,123,tP4,aflowlib.duke.edu:AFLOWDATA/LIB3_WEB/AgAlOs_pv/TBCC011.BCA
Ag1Al2Os1,aflow:36be976e1365012b,,,0.0190654,15.4864,6,mP4,aflowlib.duke.edu:AFLOWDATA/LIB3_WEB/AgAlOs_pv/TBCC005.BCA
Ag1Al2Os1,aflow:38b7fbc531648623,,,0.223135,15.4317,216,cF16,aflowlib.duke.edu:AFLOWDATA/LIB3_WEB/AgAlOs_pv/T0002.AB2C
Ag1Al2Os1,aflow:3fd47c899375c907,,,-0.0189022,15.6257,12,mS8,aflowlib.duke.edu:AFLOWDATA/LIB3_WEB/AgAlOs_pv/TFCC011.BCA
Ag1Al2Os1,aflow:41b92ea5eee7f5eb,,,-0.293375,15.1361,123,tP4,aflowlib.duke.edu:AFLOWDATA/LIB3_WEB/AgAlOs_pv/TFCC012.BCA
Ag1Al2Os1,aflow:5e5ee88eeef3ac24,,,-0.199322,14.7221,65,oS8,aflowlib.duke.edu:AFLOWDATA/LIB3_WEB/AgAlOs_pv/TFCC015.BCA
Ag1Al2Os1,aflow:6d1499541a1fc01e,,,-0.14719,14.7433,139,tI8,aflowlib.duke.edu:AFLOWDATA/LIB3_WEB/AgAlOs_pv/TFCC013.BCA
Ag1Al2Os1,aflow:6e1a7af33fd16674,,,-0.161568,14.8718,225,cF16,aflowlib.duke.edu:AFLOWDATA/LIB3_WEB/AgAlOs_pv/TBCC012.BCA
Ag1Al2Os1,aflow:70e51dc4e78adc7f,,,-0.149292,15.1331,44,oI8,aflowlib.duke.edu:AFLOWDATA/LIB3_WEB/AgAlOs_pv/TBCC007.BCA
Ag1Al2Os1,aflow:7ccc6ed40ea4546f,,,-0.162906,14.8677,225,cF16,aflowlib.duke.edu:AFLOWDATA/LIB3_WEB/AgAlOs_pv/T0001.AB2C
Ag1Al2Os1,aflow:7ce8ec35168f617c,,,-0.03871,15.468,99,tP4,aflowlib.duke.edu:AFLOWDATA/LIB3_WEB/AgAlOs_pv/TBCC006.BCA
Ag1Al2Os1,aflow:814d11c7b4eec356,,,-0.0147382,15.5685,25,oP4,aflowlib.duke.edu:AFLOWDATA/LIB3_WEB/AgAlOs_pv/TFCC005.BCA
Ag1Al2Os1,aflow:88b1ceb925f5ee61,,,0.0235511,15.3344,10,mP4,aflowlib.duke.edu:AFLOWDATA/LIB3_WEB/AgAlOs_pv/TFCC014.BCA
Ag1Al2Os1,aflow:8b4ce91b40600f53,,,-0.199206,14.7414,123,tP4,aflowlib.duke.edu:AFLOWDATA/LIB3_WEB/AgAlOs_pv/TFCC016.BCA
Ag1Al2Os1,aflow:9ec858a92af62a25,,,-0.199885,14.7383,123,tP4,aflowlib.duke.edu:AFLOWDATA/LIB3_WEB/AgAlOs_pv/TBCC016.BCA
Ag1Al2Os1,aflow:a2fd211ba72b79d8,,,-0.0789407,15.0105,119,tI8,aflowlib.duke.edu:AFLOWDATA/LIB3_WEB/AgAlOs_pv/TFCC008.BCA
Ag1Al2Os1,aflow:c08bcf6b79f8e25f,,,-0.294899,15.0606,123,tP4,aflowlib.duke.edu:AFLOWDATA/LIB3_WEB/AgAlOs_pv/TFCC010.BCA
Ag1Al2Os1,aflow:c86942f53f84482c,,,-0.199404,14.7759,65,oS8,aflowlib.duke.edu:AFLOWDATA/LIB3_WEB/AgAlOs_pv/TBCC014.BCA
Ag1Al2Os1,aflow:cc749a9d23047980,,,-0.293399,15.126,123,tP4,aflowlib.duke.edu:AFLOWDATA/LIB3_WEB/AgAlOs_pv/TBCC010.BCA
Ag1Al2Os1,aflow:ddb3bc5259d9ba9c,,,0.214317,15.9226,35,oS8,aflowlib.duke.edu:AFLOWDATA/LIB3_WEB/AgAlOs_pv/TBCC004.BCA
Ag1Al2Os2,aflow:34cf52dcc06b22c6,,,0.404589,18.0108,139,tI10,aflowlib.duke.edu:AFLOWDATA/LIB3_WEB/AgAlOs_pv/T0011.CAB
Ag1Al2Os2,aflow:ae4cd6426ce293f8,,,0.37045,17.1704,139,tI10,aflowlib.duke.edu:AFLOWDATA/LIB3_WEB/AgAlOs_pv/T0011.BAC
Ag1Al2P1,aflow:08943741100924b7,,,0.178265,16.9111,119,tI8,aflowlib.duke.edu:AFLOWDATA/LIB3_WEB/AgAlP/TFCC008.BCA
Ag1Al2P1,aflow:0d271d4a41a3f207,,,-0.0913847,17.577,12,mS8,aflowlib.duke.edu:AFLOWDATA/LIB3_WEB/AgAlP/TFCC011.BCA
Ag1Al2P1,aflow:0e5a2bcde6f85b09,,,0.0566743,16.3627,123,tP4,aflowlib.duke.edu:AFLOWDATA/LIB3_WEB/AgAlP/TBCC011.BCA
Ag1Al2P1,aflow:36b489f9851e2e43,,,0.109141,16.8524,12,mS8,aflowlib.duke.edu:AFLOWDATA/LIB3_WEB/AgAlP/TBCC014.BCA
Ag1Al2P1,aflow:3971a89b09b51745,,,0.146393,16.7845,47,oP4,aflowlib.duke.edu:AFLOWDATA/LIB3_WEB/AgAlP/TBCC015.BCA
Ag1Al2P1,aflow:3c187c6b7e1bbfa2,,,0.0671208,16.193,123,tP4,aflowlib.duke.edu:AFLOWDATA/LIB3_WEB/AgAlP/TFCC012.BCA
Ag1Al2P1,aflow:437a91f1733c068c,,,0.0653209,16.1723,123,tP4,aflowlib.duke.edu:AFLOWDATA/LIB3_WEB/AgAlP/TBCC009.BCA
Ag1Al2P1,aflow:4ba7e7f10b2fdff5,,,0.0827848,17.4979,44,oI8,aflowlib.duke.edu:AFLOWDATA/LIB3_WEB/AgAlP/TBCC007.BCA
Ag1Al2P1,aflow:79db1f65950453a5,,,0.174411,16.6356,139,tI8,aflowlib.duke.edu:AFLOWDATA/LIB3_WEB/AgAlP/TFCC013.BCA
Ag1Al2P1,aflow:88ae93907d2eee35,,,0.220471,16.9673,225,cF16,aflowlib.duke.edu:AFLOWDATA/LIB3_WEB/AgAlP/T0001.AB2C
Ag1Al2P1,aflow:8a824f3450456243,,,0.0567555,17.868,160,hR4,aflowlib.duke.edu:AFLOWDATA/LIB3_WEB/AgAlP/TFCC004.BCA
Ag1Al2P1,aflow:8c468ba4ea1ee337,,,0.004874,17.2051,8,mS8,aflowlib.duke.edu:AFLOWDATA/LIB3_WEB/AgAlP/TFCC006.BCA
Ag1Al2P1,aflow:8f425b22db931066,,,-0.054972,18.2766,99,tP4,aflowlib.duke.edu:AFLOWDATA/LIB3_WEB/AgAlP/TBCC006.BCA
Ag1Al2P1,aflow:930f6d238989178d,,,0.115611,17.0391,71,oI8,aflowlib.duke.edu:AFLOWDATA/LIB3_WEB/AgAlP/TBCC012.BCA
Ag1Al2P1,aflow:a1d92e07b164e5dd,,,-0.0240671,17.2702,10,mP4,aflowlib.duke.edu:AFLOWDATA/LIB3_WEB/AgAlP/TBCC010.BCA
Ag1Al2P1,aflow:a42242a02a18fb53,,,0.273187,17.5361,216,cF16,aflowlib.duke.edu:AFLOWDATA/LIB3_WEB/AgAlP/T0002.AB2C
Ag1Al2P1,aflow:a9984a0e41fc97d9,,,0.141116,16.7497,123,tP4,aflowlib.duke.edu:AFLOWDATA/LIB3_WEB/AgAlP/TBCC016.BCA
Ag1Al2P1,aflow:aba50dbcb46930b9,,,-0.116996,17.809,166,hR4,aflowlib.duke.edu:AFLOWDATA/LIB3_WEB/AgAlP/TFCC009.BCA
Ag1Al2P1,aflow:b1ef074dc0dfb167,,,-0.0545045,18.4055,99,tP4,aflowlib.duke.edu:AFLOWDATA/LIB3_WEB/AgAlP/TFCC005.BCA
Ag1Al2P1,aflow:b2a484ba8e296156,,,0.00994322,17.8307,10,mP4,aflowlib.duke.edu:AFLOWDATA/LIB3_WEB/AgAlP/TFCC014.BCA
Ag1Al2P1,aflow:b86ac6d462a4c891,,,0.101851,16.3191,65,oS8,aflowlib.duke.edu:AFLOWDATA/LIB3_WEB/AgAlP/TFCC015.BCA
Ag1Al2P1,aflow:bb8dcc57c94528dd,,,0.143414,16.7252,123,tP4,aflowlib.duke.edu:AFLOWDATA/LIB3_WEB/AgAlP/TFCC016.BCA
Ag1Al2P1,aflow:daa48a764130f390,,,0.112914,16.6181,99,tP4,aflowlib.duke.edu:AFLOWDATA/LIB3_WEB/AgAlP/TBCC004.BCA
Ag1Al2P1,aflow:efceb2ecd45b71a4,,,0.115594,16.6333,99,tP4,aflowlib.duke.edu:AFLOWDATA/LIB3_WEB/AgAlP/TFCC007.BCA
Ag1Al2P1,aflow:f04989c65b95b363,,,0.057494,16.2745,47,oP4,aflowlib.duke.edu:AFLOWDATA/LIB3_WEB/AgAlP/TFCC010.BCA
Ag1Al2P1,aflow:f81a8e28ca745504,,,-0.0820046,17.7527,6,mP4,aflowlib.duke.edu:AFLOWDATA/LIB3_WEB/AgAlP/TBCC005.BCA
Ag1Al2P2,aflow:8d08130a82bfc312,,,0.16216,18.731,139,tI10,aflowlib.duke.edu:AFLOWDATA/LIB3_WEB/AgAlP/T0011.BAC
Ag1Al2P2,aflow:c2c40d6c94426188,,,-0.00694265,19.1454,139,tI10,aflowlib.duke.edu:AFLOWDATA/LIB3_WEB/AgAlP/T0011.CAB
Ag1Al2Pb1,aflow:0649d58173c9123f,,,0.154564,21.1654,47,oP4,aflowlib.duke.edu:AFLOWDATA/LIB3_WEB/AgAlPb_d/TFCC010.BCA
Ag1Al2Pb1,aflow:1439d5e6d11a3dbe,,,0.122133,20.915,99,tP4,aflowlib.duke.edu:AFLOWDATA/LIB3_WEB/AgAlPb_d/TBCC006.BCA
Ag1Al2Pb1,aflow:1ba0f56dd1af08c2,,,0.15857,21.1027,123,tP4,aflowlib.duke.edu:AFLOWDATA/LIB3_WEB/AgAlPb_d/TBCC011.BCA
Ag1Al2Pb1,aflow:1e6b2d5ba69ff81a,,,0.233893,21.2535,123,tP4,aflowlib.duke.edu:AFLOWDATA/LIB3_WEB/AgAlPb_d/TFCC016.BCA
Ag1Al2Pb1,aflow:27fb63225d1c925f,,,0.287756,21.5818,225,cF16,aflowlib.duke.edu:AFLOWDATA/LIB3_WEB/AgAlPb_d/T0001.AB2C
Ag1Al2Pb1,aflow:37d970ce15e60e51,,,0.145213,21.6523,12,mS8,aflowlib.duke.edu:AFLOWDATA/LIB3_WEB/AgAlPb_d/TFCC011.BCA
Ag1Al2Pb1,aflow:3b1b8dbed072d8cc,,,0.26006,21.7895,12,mS8,aflowlib.duke.edu:AFLOWDATA/LIB3_WEB/AgAlPb_d/TBCC014.BCA
Ag1Al2Pb1,aflow:422fe32ddbb23a9f,,,0.270326,21.4713,47,oP4,aflowlib.duke.edu:AFLOWDATA/LIB3_WEB/AgAlPb_d/TBCC015.BCA
Ag1Al2Pb1,aflow:4fcac4ad0341c46f,,,0.156269,21.0545,123,tP4,aflowlib.duke.edu:AFLOWDATA/LIB3_WEB/AgAlPb_d/TFCC012.BCA
Ag1Al2Pb1,aflow:54c76a3a7cf3c7d6,,,0.173637,21.7939,6,mP4,aflowlib.duke.edu:AFLOWDATA/LIB3_WEB/AgAlPb_d/TBCC005.BCA
Ag1Al2Pb1,aflow:5686d0e13a8d3244,,,0.271429,21.6561,216,cF16,aflowlib.duke.edu:AFLOWDATA/LIB3_WEB/AgAlPb_d/T0002.AB2C
Ag1Al2Pb1,aflow:7ef9ce94505ccb1b,,,0.158038,21.0958,65,oS8,aflowlib.duke.edu:AFLOWDATA/LIB3_WEB/AgAlPb_d/TBCC009.BCA
Ag1Al2Pb1,aflow:94443ca7aa8364ba,,,0.214704,21.5581,71,oI8,aflowlib.duke.edu:AFLOWDATA/LIB3_WEB/AgAlPb_d/TBCC012.BCA
Ag1Al2Pb1,aflow:948c62d3aed50ec6,,,0.291072,21.5016,123,tP4,aflowlib.duke.edu:AFLOWDATA/LIB3_WEB/AgAlPb_d/TBCC016.BCA
Ag1Al2Pb1,aflow:98a6edc1a1fc8e0a,,,0.127076,20.9009,99,tP4,aflowlib.duke.edu:AFLOWDATA/LIB3_WEB/AgAlPb_d/TBCC004.BCA
Ag1Al2Pb1,aflow:98d99d1265deaab7,,,0.230019,21.205,119,tI8,aflowlib.duke.edu:AFLOWDATA/LIB3_WEB/AgAlPb_d/TFCC008.BCA
Ag1Al2Pb1,aflow:9befb0905945e14d,,,0.136792,21.2246,25,oP4,aflowlib.duke.edu:AFLOWDATA/LIB3_WEB/AgAlPb_d/TFCC005.BCA
Ag1Al2Pb1,aflow:9be8c383a37d6a9b,,,0.150325,21.1491,160,hR4,aflowlib.duke.edu:AFLOWDATA/LIB3_WEB/AgAlPb_d/TFCC004.BCA
Ag1Al2Pb1,aflow:a0433a7e7f6158c1,,,0.227959,21.119,10,mP4,aflowlib.duke.edu:AFLOWDATA/LIB3_WEB/AgAlPb_d/TFCC014.BCA
Ag1Al2Pb1,aflow:a8d9a8bcb1ee3c91,,,0.118199,20.9647,99,tP4,aflowlib.duke.edu:AFLOWDATA/LIB3_WEB/AgAlPb_d/TFCC007.BCA
Ag1Al2Pb1,aflow:c25f846ee2417a52,,,0.254599,21.2192,65,oS8,aflowlib.duke.edu:AFLOWDATA/LIB3_WEB/AgAlPb_d/TFCC015.BCA
Ag1Al2Pb1,aflow:c6d5811a043f49cf,,,0.22541,21.6036,44,oI8,aflowlib.duke.edu:AFLOWDATA/LIB3_WEB/AgAlPb_d/TBCC007.BCA
Ag1Al2Pb1,aflow:ca6aa46076a6d007,,,0.243258,21.2115,139,tI8,aflowlib.duke.edu:AFLOWDATA/LIB3_WEB/AgAlPb_d/TFCC013.BCA
Ag1Al2Pb1,aflow:cdcef77abc09281f,,,0.146582,21.6649,8,mS8,aflowlib.duke.edu:AFLOWDATA/LIB3_WEB/AgAlPb_d/TFCC006.BCA
Ag1Al2Pb1,aflow:d6206eaca2fd08d5,,,0.190695,21.4364,166,hR4,aflowlib.duke.edu:AFLOWDATA/LIB3_WEB/AgAlPb_d/TFCC009.BCA
Ag1Al2Pb1,aflow:ee0929ae5236e238,,,0.224315,21.8005,10,mP4,aflowlib.duke.edu:AFLOWDATA/LIB3_WEB/AgAlPb_d/TBCC010.BCA
Ag1Al2Pb2,aflow:4a00a36bd4886619,,,0.424359,26.9485,139,tI10,aflowlib.duke.edu:AFLOWDATA/LIB3_WEB/AgAlPb_d/T0011.BAC
Ag1Al2Pb2,aflow:955e28fb7d9cef5a,,,0.225317,24.8388,139,tI10,aflowlib.duke.edu:AFLOWDATA/LIB3_WEB/AgAlPb_d/T0011.CAB
Ag1Al2Pd1,aflow:156a730043ce73cf,,,-0.411128,15.631,44,oI8,aflowlib.duke.edu:AFLOWDATA/LIB3_WEB/AgAlPd_pv/TBCC007.BCA
Ag1Al2Pd1,aflow:32e8b78e81cb5c10,,,-0.43532,15.9333,99,tP4,aflowlib.duke.edu:AFLOWDATA/LIB3_WEB/AgAlPd_pv/TBCC006.BCA
Ag1Al2Pd1,aflow:3bf4307cefe94fb8,,,-0.455771,15.561,10,mP4,aflowlib.duke.edu:AFLOWDATA/LIB3_WEB/AgAlPd_pv/TBCC010.BCA
Ag1Al2Pd1,aflow:3c4b0f51a24b230d,,,-0.435571,15.9125,25,oP4,aflowlib.duke.edu:AFLOWDATA/LIB3_WEB/AgAlPd_pv/TFCC005.BCA
Ag1Al2Pd1,aflow:4b9f0fcb3c707739,,,-0.437605,15.324,123,tP4,aflowlib.duke.edu:AFLOWDATA/LIB3_WEB/AgAlPd_pv/TBCC016.BCA
Ag1Al2Pd1,aflow:4ca6174c36b672f2,,,-0.406321,15.114,47,oP4,aflowlib.duke.edu:AFLOWDATA/LIB3_WEB/AgAlPd_pv/TBCC015.BCA
Ag1Al2Pd1,aflow:505f36e2aa807113,,,-0.442199,15.3964,225,cF16,aflowlib.duke.edu:AFLOWDATA/LIB3_WEB/AgAlPd_pv/T0001.AB2C
Ag1Al2Pd1,aflow:5d11da4ee0bd11c0,,,-0.307058,15.8527,12,mS8,aflowlib.duke.edu:AFLOWDATA/LIB3_WEB/AgAlPd_pv/TBCC014.BCA
Ag1Al2Pd1,aflow:61bb3ac899395d70,,,-0.367215,15.7606,10,mP4,aflowlib.duke.edu:AFLOWDATA/LIB3_WEB/AgAlPd_pv/TFCC014.BCA
Ag1Al2Pd1,aflow:6a7649d0d3c076dc,,,-0.380696,15.8994,166,hR4,aflowlib.duke.edu:AFLOWDATA/LIB3_WEB/AgAlPd_pv/TFCC009.BCA
Ag1Al2Pd1,aflow:8531e88056b0ef5d,,,-0.439455,15.3797,123,tP4,aflowlib.duke.edu:AFLOWDATA/LIB3_WEB/AgAlPd_pv/TFCC016.BCA
Ag1Al2Pd1,aflow:9511b0093b1791b3,,,-0.234067,16.0607,216,cF16,aflowlib.duke.edu:AFLOWDATA/LIB3_WEB/AgAlPd_pv/T0002.AB2C
Ag1Al2Pd1,aflow:99809a0f5b2bb6d4,,,-0.37972,15.8294,12,mS8,aflowlib.duke.edu:AFLOWDATA/LIB3_WEB/AgAlPd_pv/TFCC011.BCA
Ag1Al2Pd1,aflow:9aaec38e92264877,,,-0.458333,15.587,123,tP4,aflowlib.duke.edu:AFLOWDATA/LIB3_WEB/AgAlPd_pv/TBCC009.BCA
Ag1Al2Pd1,aflow:a3628fde65ace4fa,,,-0.407107,15.7336,6,mP4,aflowlib.duke.edu:AFLOWDATA/LIB3_WEB/AgAlPd_pv/TBCC005.BCA
Ag1Al2Pd1,aflow:aaafd5d96ba622cd,,,-0.410372,15.5231,119,tI8,aflowlib.duke.edu:AFLOWDATA/LIB3_WEB/AgAlPd_pv/TFCC008.BCA
Ag1Al2Pd1,aflow:aa401ed7caa9f755,,,-0.434069,15.4724,71,oI8,aflowlib.duke.edu:AFLOWDATA/LIB3_WEB/AgAlPd_pv/TBCC012.BCA
Ag1Al2Pd1,aflow:c4cce39549d38d8a,,,-0.437536,15.4004,65,oS8,aflowlib.duke.edu:AFLOWDATA/LIB3_WEB/AgAlPd_pv/TFCC015.BCA
Ag1Al2Pd1,aflow:dad63ec9defb2bc5,,,-0.250065,16.2978,160,hR4,aflowlib.duke.edu:AFLOWDATA/LIB3_WEB/AgAlPd_pv/TFCC004.BCA
Ag1Al2Pd1,aflow:e02c25b375ec9f5f,,,-0.442861,15.5743,8,mS8,aflowlib.duke.edu:AFLOWDATA/LIB3_WEB/AgAlPd_pv/TFCC006.BCA
Ag1Al2Pd1,aflow:e485f59dfac771cf,,,-0.457017,15.4914,123,tP4,aflowlib.duke.edu:AFLOWDATA/LIB3_WEB/AgAlPd_pv/TBCC011.BCA
Ag1Al2Pd1,aflow:ea0257061573ddb2,,,-0.311764,16.0898,99,tP4,aflowlib.duke.edu:AFLOWDATA/LIB3_WEB/AgAlPd_pv/TFCC007.BCA
Ag1Al2Pd1,aflow:ebf7cf024d023833,,,-0.442303,15.4162,139,tI8,aflowlib.duke.edu:AFLOWDATA/LIB3_WEB/AgAlPd_pv/TFCC013.BCA
Ag1Al2Pd1,aflow:f29b38c6b6a914d7,,,-0.457407,15.4932,123,tP4,aflowlib.duke.edu:AFLOWDATA/LIB3_WEB/AgAlPd_pv/TFCC012.BCA
Ag1Al2Pd1,aflow:f96ddf75ce5a6ef4,,,-0.311908,16.0767,99,tP4,aflowlib.duke.edu:AFLOWDATA/LIB3_WEB/AgAlPd_pv/TBCC004.BCA
Ag1Al2Pd2,aflow:2aa7cfc95651511f,,,-0.349759,17.4153,139,tI10,aflowlib.duke.edu:AFLOWDATA/LIB3_WEB/AgAlPd_pv/T0011.BAC
Ag1Al2Pd2,aflow:87fd01417c406ce2,,,-0.439179,17.1247,139,tI10,aflowlib.duke.edu:AFLOWDATA/LIB3_WEB/AgAlPd_pv/T0011.CAB
Ag1Al2Pt1,aflow:07a1f3e1d5cdccb5,,,-0.491443,15.6478,47,oP4,aflowlib.duke.edu:AFLOWDATA/LIB3_WEB/AgAlPt/TFCC010.BCA
Ag1Al2Pt1,aflow:1bb68ddb41d4a599,,,-0.264959,16.2465,160,hR4,aflowlib.duke.edu:AFLOWDATA/LIB3_WEB/AgAlPt/TFCC004.BCA
Ag1Al2Pt1,aflow:22d7e6707390d8db,,,-0.525356,15.3884,225,cF16,aflowlib.duke.edu:AFLOWDATA/LIB3_WEB/AgAlPt/T0001.AB2C
Ag1Al2Pt1,aflow:27f6e67544749dc8,,,-0.478641,15.4407,123,tP4,aflowlib.duke.edu:AFLOWDATA/LIB3_WEB/AgAlPt/TFCC016.BCA
Ag1Al2Pt1,aflow:3e094818674efd1c,,,-0.332898,16.1806,99,tP4,aflowlib.duke.edu:AFLOWDATA/LIB3_WEB/AgAlPt/TFCC007.BCA
Ag1Al2Pt1,aflow:5cf0377a0702adbb,,,-0.475928,15.3956,123,tP4,aflowlib.duke.edu:AFLOWDATA/LIB3_WEB/AgAlPt/TBCC016.BCA
Ag1Al2Pt1,aflow:5d5224538056d3c6,,,-0.399678,15.7468,10,mP4,aflowlib.duke.edu:AFLOWDATA/LIB3_WEB/AgAlPt/TFCC014.BCA
Ag1Al2Pt1,aflow:5e739399d1d714ab,,,-0.406493,15.9896,166,hR4,aflowlib.duke.edu:AFLOWDATA/LIB3_WEB/AgAlPt/TFCC009.BCA
Ag1Al2Pt1,aflow:629eabb1cbf28abe,,,-0.50433,16.0159,99,tP4,aflowlib.duke.edu:AFLOWDATA/LIB3_WEB/AgAlPt/TBCC006.BCA
Ag1Al2Pt1,aflow:63195e9d43a04f27,,,-0.505538,16.0215,25,oP4,aflowlib.duke.edu:AFLOWDATA/LIB3_WEB/AgAlPt/TFCC005.BCA
Ag1Al2Pt1,aflow:6b073aad0f9d054b,,,-0.489397,15.6794,10,mP4,aflowlib.duke.edu:AFLOWDATA/LIB3_WEB/AgAlPt/TBCC010.BCA
Ag1Al2Pt1,aflow:6c965dd934b6aa7c,,,-0.470686,15.7444,25,oP4,aflowlib.duke.edu:AFLOWDATA/LIB3_WEB/AgAlPt/TBCC005.BCA
Ag1Al2Pt1,aflow:6eb6a139f267420d,,,-0.465339,15.5343,119,tI8,aflowlib.duke.edu:AFLOWDATA/LIB3_WEB/AgAlPt/TFCC008.BCA
Ag1Al2Pt1,aflow:87b3b5a85ff7bc88,,,-0.46545,15.4827,119,tI8,aflowlib.duke.edu:AFLOWDATA/LIB3_WEB/AgAlPt/TBCC007.BCA
Ag1Al2Pt1,aflow:93a3ead3ed80af3e,,,-0.491212,15.6112,123,tP4,aflowlib.duke.edu:AFLOWDATA/LIB3_WEB/AgAlPt/TBCC011.BCA
Ag1Al2Pt1,aflow:94b2d003aa905833,,,-0.22551,16.0554,216,cF16,aflowlib.duke.edu:AFLOWDATA/LIB3_WEB/AgAlPt/T0002.AB2C
Ag1Al2Pt1,aflow:95a08ea4d2ff4bdc,,,-0.477332,15.4647,123,tP4,aflowlib.duke.edu:AFLOWDATA/LIB3_WEB/AgAlPt/TBCC015.BCA
Ag1Al2Pt1,aflow:9713af7d792d56eb,,,-0.491125,15.6973,123,tP4,aflowlib.duke.edu:AFLOWDATA/LIB3_WEB/AgAlPt/TBCC009.BCA
Ag1Al2Pt1,aflow:bd2093a407df0dee,,,-0.526518,15.392,139,tI8,aflowlib.duke.edu:AFLOWDATA/LIB3_WEB/AgAlPt/TFCC013.BCA
Ag1Al2Pt1,aflow:e52ead43c04fc8ff,,,-0.476693,15.4442,12,mP4,aflowlib.duke.edu:AFLOWDATA/LIB3_WEB/AgAlPt/TBCC014.BCA
Ag1Al2Pt1,aflow:ec5a8aa64ef33370,,,-0.525055,15.4093,71,oI8,aflowlib.duke.edu:AFLOWDATA/LIB3_WEB/AgAlPt/TBCC012.BCA
Ag1Al2Pt1,aflow:ed47753b57aef468,,,-0.477057,15.393,65,oS8,aflowlib.duke.edu:AFLOWDATA/LIB3_WEB/AgAlPt/TFCC015.BCA
Ag1Al2Pt1,aflow:f3d6e3e114e6e16c,,,-0.333857,16.1678,99,tP4,aflowlib.duke.edu:AFLOWDATA/LIB3_WEB/AgAlPt/TBCC004.BCA
Ag1Al2Pt1,aflow:f4004706bebe9578,,,-0.43269,15.9031,12,mS8,aflowlib.duke.edu:AFLOWDATA/LIB3_WEB/AgAlPt/TFCC011.BCA
Ag1Al2Pt1,aflow:f5081f65b1deca80,,,-0.499445,15.7502,8,mS8,aflowlib.duke.edu:AFLOWDATA/LIB3_WEB/AgAlPt/TFCC006.BCA
Ag1Al2Pt1,aflow:f8f94e6e62fcbb78,,,-0.491304,15.632,123,tP4,aflowlib.duke.edu:AFLOWDATA/LIB3_WEB/AgAlPt/TFCC012.BCA
Ag1Al2Pt2,aflow:be7d753241494d9f,,,-0.458674,17.6271,139,tI10,aflowlib.duke.edu:AFLOWDATA/LIB3_WEB/AgAlPt/T0011.BAC
Ag1Al2Pt2,aflow:c04c7cd2618509ac,,,-0.652135,17.2399,139,tI10,aflowlib.duke.edu:AFLOWDATA/LIB3_WEB/AgAlPt/T0011.CAB
Ag1Al2Re1,aflow:01f3feb6b63220fb,,,-0.0560264,15.1957,65,oS8,aflowlib.duke.edu:AFLOWDATA/LIB3_WEB/AgAlRe_pv/TBCC014.BCA
Ag1Al2Re1,aflow:089d86bf3028a54b,,,0.209979,15.87,99,tP4,aflowlib.duke.edu:AFLOWDATA/LIB3_WEB/AgAlRe_pv/TFCC007.BCA
Ag1Al2Re1,aflow:170efc07423b44f8,,,0.0557743,15.6704,12,mS8,aflowlib.duke.edu:AFLOWDATA/LIB3_WEB/AgAlRe_pv/TFCC011.BCA
Ag1Al2Re1,aflow:31057df6ce7e8d7c,,,0.0246218,15.094,139,tI8,aflowlib.duke.edu:AFLOWDATA/LIB3_WEB/AgAlRe_pv/TFCC013.BCA
Ag1Al2Re1,aflow:34617dd067a1f201,,,0.0290698,15.3632,44,oI8,aflowlib.duke.edu:AFLOWDATA/LIB3_WEB/AgAlRe_pv/TBCC007.BCA
Ag1Al2Re1,aflow:4446f04707ceda26,,,-0.0634693,14.9452,123,tP4,aflowlib.duke.edu:AFLOWDATA/LIB3_WEB/AgAlRe_pv/TBCC015.BCA
Ag1Al2Re1,aflow:4e04f76d94b6c0da,,,-0.098963,15.3614,123,tP4,aflowlib.duke.edu:AFLOWDATA/LIB3_WEB/AgAlRe_pv/TBCC011.BCA
Ag1Al2Re1,aflow:4e273b9fd6de705d,,,-0.0632358,15.0012,123,tP4,aflowlib.duke.edu:AFLOWDATA/LIB3_WEB/AgAlRe_pv/TBCC016.BCA
Ag1Al2Re1,aflow:50f61d70b00731e7,,,-0.0986554,15.3227,47,oP4,aflowlib.duke.edu:AFLOWDATA/LIB3_WEB/AgAlRe_pv/TBCC010.BCA
Ag1Al2Re1,aflow:51456ef7a01c6a98,,,-0.0638417,14.969,123,tP4,aflowlib.duke.edu:AFLOWDATA/LIB3_WEB/AgAlRe_pv/TFCC016.BCA
Ag1Al2Re1,aflow:61374831ca4af94d,,,0.00064322,15.7662,65,oS8,aflowlib.duke.edu:AFLOWDATA/LIB3_WEB/AgAlRe_pv/TBCC009.BCA
Ag1Al2Re1,aflow:6447e5b51456d02e,,,0.145515,15.7491,99,tP4,aflowlib.duke.edu:AFLOWDATA/LIB3_WEB/AgAlRe_pv/TBCC006.BCA
Ag1Al2Re1,aflow:65cd22c4eb7108a5,,,-0.0393188,15.7324,166,hR4,aflowlib.duke.edu:AFLOWDATA/LIB3_WEB/AgAlRe_pv/TFCC009.BCA
Ag1Al2Re1,aflow:6c2aaf80a9bd3a0f,,,-0.0565227,15.1833,65,oS8,aflowlib.duke.edu:AFLOWDATA/LIB3_WEB/AgAlRe_pv/TFCC015.BCA
Ag1Al2Re1,aflow:737b28feade22b7b,,,0.0757698,15.4374,71,oI8,aflowlib.duke.edu:AFLOWDATA/LIB3_WEB/AgAlRe_pv/TBCC012.BCA
Ag1Al2Re1,aflow:77bb160aadb6aac0,,,-0.0991037,15.4023,47,oP4,aflowlib.duke.edu:AFLOWDATA/LIB3_WEB/AgAlRe_pv/TFCC010.BCA
Ag1Al2Re1,aflow:85cbf94fa871f996,,,0.351278,15.652,216,cF16,aflowlib.duke.edu:AFLOWDATA/LIB3_WEB/AgAlRe_pv/T0002.AB2C
Ag1Al2Re1,aflow:9afadf10559e4b7c,,,0.0627678,15.6401,25,oP4,aflowlib.duke.edu:AFLOWDATA/LIB3_WEB/AgAlRe_pv/TFCC005.BCA
Ag1Al2Re1,aflow:a2bf34eab65e168a,,,-0.0347269,15.3028,6,mP4,aflowlib.duke.edu:AFLOWDATA/LIB3_WEB/AgAlRe_pv/TBCC005.BCA
Ag1Al2Re1,aflow:a63df7020cce2c75,,,0.216909,15.9285,35,oS8,aflowlib.duke.edu:AFLOWDATA/LIB3_WEB/AgAlRe_pv/TBCC004.BCA
Ag1Al2Re1,aflow:b83b0dae8057582d,,,0.0748791,15.5365,10,mP4,aflowlib.duke.edu:AFLOWDATA/LIB3_WEB/AgAlRe_pv/TFCC014.BCA
Ag1Al2Re1,aflow:c251daf9ba99b87b,,,0.026803,15.2497,119,tI8,aflowlib.duke.edu:AFLOWDATA/LIB3_WEB/AgAlRe_pv/TFCC008.BCA
Ag1Al2Re1,aflow:d0a3892ceab7f1dd,,,-0.0989895,15.353,123,tP4,aflowlib.duke.edu:AFLOWDATA/LIB3_WEB/AgAlRe_pv/TFCC012.BCA
Ag1Al2Re1,aflow:e054ff3b1ddd2ae2,,,0.140418,15.8205,160,hR4,aflowlib.duke.edu:AFLOWDATA/LIB3_WEB/AgAlRe_pv/TFCC004.BCA
Ag1Al2Re1,aflow:f0b5366c51094f25,,,0.0242668,15.0941,225,cF16,aflowlib.duke.edu:AFLOWDATA/LIB3_WEB/AgAlRe_pv/T0001.AB2C
Ag1Al2Re1,aflow:f9f461ceda1e65a3,,,-0.046251,15.3659,8,mS8,aflowlib.duke.edu:AFLOWDATA/LIB3_WEB/AgAlRe_pv/TFCC006.BCA
Ag1Al2Rh1,aflow:04343068126fcc3e,,,-0.432413,15.4527,25,oP4,aflowlib.duke.edu:AFLOWDATA/LIB3_WEB/AgAlRh_pv/TFCC005.BCA
Ag1Al2Rh1,aflow:1abfcefd64d53005,,,-0.205886,15.8672,160,hR4,aflowlib.duke.edu:AFLOWDATA/LIB3_WEB/AgAlRh_pv/TFCC004.BCA
Ag1Al2Rh1,aflow:259a4620a0d5f297,,,-0.204215,15.4422,216,cF16,aflowlib.duke.edu:AFLOWDATA/LIB3_WEB/AgAlRh_pv/T0002.AB2C
Ag1Al2Rh1,aflow:280be68cd2c010f9,,,-0.499969,14.8259,123,tP4,aflowlib.duke.edu:AFLOWDATA/LIB3_WEB/AgAlRh_pv/TBCC015.BCA
Ag1Al2Rh1,aflow:37d0502a9c0c0a1b,,,-0.500485,14.8867,12,mP4,aflowlib.duke.edu:AFLOWDATA/LIB3_WEB/AgAlRh_pv/TBCC014.BCA
Ag1Al2Rh1,aflow:413417881e320c72,,,-0.373063,15.341,10,mP4,aflowlib.duke.edu:AFLOWDATA/LIB3_WEB/AgAlRh_pv/TFCC014.BCA
Ag1Al2Rh1,aflow:48bc836b9455d691,,,-0.483609,15.0287,119,tI8,aflowlib.duke.edu:AFLOWDATA/LIB3_WEB/AgAlRh_pv/TFCC008.BCA
Ag1Al2Rh1,aflow:4e27798d6f275973,,,-0.485601,15.0791,44,oI8,aflowlib.duke.edu:AFLOWDATA/LIB3_WEB/AgAlRh_pv/TBCC007.BCA
Ag1Al2Rh1,aflow:521eb4686d005115,,,-0.553649,15.0419,123,tP4,aflowlib.duke.edu:AFLOWDATA/LIB3_WEB/AgAlRh_pv/TBCC010.BCA
Ag1Al2Rh1,aflow:5a364c0b17d285dc,,,-0.554613,15.0484,123,tP4,aflowlib.duke.edu:AFLOWDATA/LIB3_WEB/AgAlRh_pv/TFCC010.BCA
Ag1Al2Rh1,aflow:5a573e7168c685c2,,,-0.502083,14.8463,123,tP4,aflowlib.duke.edu:AFLOWDATA/LIB3_WEB/AgAlRh_pv/TFCC016.BCA
Ag1Al2Rh1,aflow:60c82fb729cda06d,,,-0.501613,14.8503,123,tP4,aflowlib.duke.edu:AFLOWDATA/LIB3_WEB/AgAlRh_pv/TBCC016.BCA
Ag1Al2Rh1,aflow:77421e049ec5b4c3,,,-0.414177,15.4929,99,tP4,aflowlib.duke.edu:AFLOWDATA/LIB3_WEB/AgAlRh_pv/TFCC007.BCA
Ag1Al2Rh1,aflow:7e716b79b795f692,,,-0.500268,14.8855,225,cF16,aflowlib.duke.edu:AFLOWDATA/LIB3_WEB/AgAlRh_pv/T0001.AB2C
Ag1Al2Rh1,aflow:82865d01e8625e38,,,-0.405488,15.4962,12,mS8,aflowlib.duke.edu:AFLOWDATA/LIB3_WEB/AgAlRh_pv/TFCC011.BCA
Ag1Al2Rh1,aflow:96b0a041de3f36f1,,,-0.501293,14.8216,65,oS8,aflowlib.duke.edu:AFLOWDATA/LIB3_WEB/AgAlRh_pv/TFCC015.BCA
Ag1Al2Rh1,aflow:9fb3402dd4b1642c,,,-0.501607,14.8477,123,tP4,aflowlib.duke.edu:AFLOWDATA/LIB3_WEB/AgAlRh_pv/TBCC005.BCA
Ag1Al2Rh1,aflow:a2c8d8afb7daec08,,,-0.400856,15.755,166,hR4,aflowlib.duke.edu:AFLOWDATA/LIB3_WEB/AgAlRh_pv/TFCC009.BCA
Ag1Al2Rh1,aflow:ade8d5265a0abb44,,,-0.50055,14.9155,225,cF16,aflowlib.duke.edu:AFLOWDATA/LIB3_WEB/AgAlRh_pv/TBCC012.BCA
Ag1Al2Rh1,aflow:b1578fde315f5dc5,,,-0.413497,15.5792,99,tP4,aflowlib.duke.edu:AFLOWDATA/LIB3_WEB/AgAlRh_pv/TBCC004.BCA
Ag1Al2Rh1,aflow:ba2a2fbd9dcead5a,,,-0.555376,15.0297,123,tP4,aflowlib.duke.edu:AFLOWDATA/LIB3_WEB/AgAlRh_pv/TBCC011.BCA
Ag1Al2Rh1,aflow:c64acf1fd355d263,,,-0.555521,15.1086,123,tP4,aflowlib.duke.edu:AFLOWDATA/LIB3_WEB/AgAlRh_pv/TBCC009.BCA
Ag1Al2Rh1,aflow:eda700d1681aaca3,,,-0.416488,15.5338,99,tP4,aflowlib.duke.edu:AFLOWDATA/LIB3_WEB/AgAlRh_pv/TBCC006.BCA
Ag1Al2Rh1,aflow:f27a47068345b009,,,-0.554784,15.0689,123,tP4,aflowlib.duke.edu:AFLOWDATA/LIB3_WEB/AgAlRh_pv/TFCC012.BCA
Ag1Al2Rh1,aflow:f7bc535d3c3d7c52,,,-0.50551,15.0604,8,mS8,aflowlib.duke.edu:AFLOWDATA/LIB3_WEB/AgAlRh_pv/TFCC006.BCA
Ag1Al2Rh1,aflow:fccd450b52892817,,,-0.500891,14.883,139,tI8,aflowlib.duke.edu:AFLOWDATA/LIB3_WEB/AgAlRh_pv/TFCC013.BCA
Ag1Al2Rh2,aflow:10071effee9f1d3b,,,-0.272518,17.2173,139,tI10,aflowlib.duke.edu:AFLOWDATA/LIB3_WEB/AgAlRh_pv/T0011.BAC
Ag1Al2Rh2,aflow:5aa7b8c40235bf46,,,-0.332025,16.7533,139,tI10,aflowlib.duke.edu:AFLOWDATA/LIB3_WEB/AgAlRh_pv/T0011.CAB
Ag1Al2Ru1,aflow:002f644c804bcb4b,,,-0.307975,14.6732,139,tI8,aflowlib.duke.edu:AFLOWDATA/LIB3_WEB/AgAlRu_pv/TFCC013.BCA
Ag1Al2Ru1,aflow:0c1c17ee70de6ae4,,,-0.448805,15.0415,123,tP4,aflowlib.duke.edu:AFLOWDATA/LIB3_WEB/AgAlRu_pv/TFCC012.BCA
Ag1Al2Ru1,aflow:0e4adce6bcfa23c1,,,-0.205873,15.4266,99,tP4,aflowlib.duke.edu:AFLOWDATA/LIB3_WEB/AgAlRu_pv/TBCC006.BCA
Ag1Al2Ru1,aflow:1010d86befe5ee6f,,,0.0237788,15.3451,216,cF16,aflowlib.duke.edu:AFLOWDATA/LIB3_WEB/AgAlRu_pv/T0002.AB2C
Ag1Al2Ru1,aflow:11eaba2461eba689,,,-0.304888,14.7806,139,tI8,aflowlib.duke.edu:AFLOWDATA/LIB3_WEB/AgAlRu_pv/TBCC012.BCA
Ag1Al2Ru1,aflow:300699450d3939af,,,-0.265802,14.9796,119,tI8,aflowlib.duke.edu:AFLOWDATA/LIB3_WEB/AgAlRu_pv/TFCC008.BCA
Ag1Al2Ru1,aflow:411ba015a978a948,,,0.092249,15.9036,35,oS8,aflowlib.duke.edu:AFLOWDATA/LIB3_WEB/AgAlRu_pv/TBCC004.BCA
Ag1Al2Ru1,aflow:4a68ef230414aaa7,,,-0.359328,14.681,123,tP4,aflowlib.duke.edu:AFLOWDATA/LIB3_WEB/AgAlRu_pv/TFCC016.BCA
Ag1Al2Ru1,aflow:4ac3031b204ed172,,,-0.449589,14.9707,123,tP4,aflowlib.duke.edu:AFLOWDATA/LIB3_WEB/AgAlRu_pv/TFCC010.BCA
Ag1Al2Ru1,aflow:535d39486e5a92bc,,,-0.360087,14.692,123,tP4,aflowlib.duke.edu:AFLOWDATA/LIB3_WEB/AgAlRu_pv/TBCC016.BCA
Ag1Al2Ru1,aflow:591212fc7fd580f1,,,-0.174829,15.5621,12,mS8,aflowlib.duke.edu:AFLOWDATA/LIB3_WEB/AgAlRu_pv/TFCC011.BCA
Ag1Al2Ru1,aflow:69d259cb2f36566d,,,-0.145468,15.3533,10,mP4,aflowlib.duke.edu:AFLOWDATA/LIB3_WEB/AgAlRu_pv/TFCC014.BCA
Ag1Al2Ru1,aflow:7ada9b8c83e60d25,,,-0.447526,14.9493,123,tP4,aflowlib.duke.edu:AFLOWDATA/LIB3_WEB/AgAlRu_pv/TBCC010.BCA
Ag1Al2Ru1,aflow:7fabf36edd6314f4,,,-0.204634,15.4998,25,oP4,aflowlib.duke.edu:AFLOWDATA/LIB3_WEB/AgAlRu_pv/TFCC005.BCA
Ag1Al2Ru1,aflow:8f3353bd3a742b1e,,,-0.320115,15.0785,44,oI8,aflowlib.duke.edu:AFLOWDATA/LIB3_WEB/AgAlRu_pv/TBCC007.BCA
Ag1Al2Ru1,aflow:96648c720a46add9,,,-0.238994,15.6224,166,hR4,aflowlib.duke.edu:AFLOWDATA/LIB3_WEB/AgAlRu_pv/TFCC009.BCA
Ag1Al2Ru1,aflow:9797ba7350992d23,,,-0.359517,14.6534,123,tP4,aflowlib.duke.edu:AFLOWDATA/LIB3_WEB/AgAlRu_pv/TBCC005.BCA
Ag1Al2Ru1,aflow:a5f1d8a5b6b8a833,,,0.026643,15.893,99,tP4,aflowlib.duke.edu:AFLOWDATA/LIB3_WEB/AgAlRu_pv/TFCC007.BCA
Ag1Al2Ru1,aflow:cb9fbc8be5bfaf1b,,,-0.178716,15.6247,65,oS8,aflowlib.duke.edu:AFLOWDATA/LIB3_WEB/AgAlRu_pv/TBCC009.BCA
Ag1Al2Ru1,aflow:cc8cc37e5ae48ac2,,,-0.309688,14.7575,225,cF16,aflowlib.duke.edu:AFLOWDATA/LIB3_WEB/AgAlRu_pv/T0001.AB2C
Ag1Al2Ru1,aflow:cd147d9fc535e9b1,,,-0.448923,14.9653,123,tP4,aflowlib.duke.edu:AFLOWDATA/LIB3_WEB/AgAlRu_pv/TBCC011.BCA
Ag1Al2Ru1,aflow:e3ccdb26dd6c50b1,,,-0.359493,14.6887,65,oS8,aflowlib.duke.edu:AFLOWDATA/LIB3_WEB/AgAlRu_pv/TFCC015.BCA
Ag1Al2Ru1,aflow:e497e22f4fcd54fd,,,0.000253913,15.8141,160,hR4,aflowlib.duke.edu:AFLOWDATA/LIB3_WEB/AgAlRu_pv/TFCC004.BCA
Ag1Al2Ru1,aflow:f3bda4ba0f03a3b9,,,-0.358867,14.7113,123,tP4,aflowlib.duke.edu:AFLOWDATA/LIB3_WEB/AgAlRu_pv/TBCC015.BCA
Ag1Al2Ru1,aflow:f93360822f8dfff2,,,-0.35904,14.7336,65,oS8,aflowlib.duke.edu:AFLOWDATA/LIB3_WEB/AgAlRu_pv/TBCC014.BCA
Ag1Al2Ru1,aflow:f9fee2917d4639ad,,,-0.343405,15.0217,8,mS8,aflowlib.duke.edu:AFLOWDATA/LIB3_WEB/AgAlRu_pv/TFCC006.BCA
Ag1Al2Ru2,aflow:2db428ed538edc1c,,,0.180913,17.3391,139,tI10,aflowlib.duke.edu:AFLOWDATA/LIB3_WEB/AgAlRu_pv/T0011.CAB
Ag1Al2Ru2,aflow:80b6b5992d15454c,,,0.198789,16.9052,139,tI10,aflowlib.duke.edu:AFLOWDATA/LIB3_WEB/AgAlRu_pv/T0011.BAC
Ag1Al2Sb1,aflow:0331be65ad903283,,,0.173873,20.8588,216,cF16,aflowlib.duke.edu:AFLOWDATA/LIB3_WEB/AgAlSb/T0002.AB2C
Ag1Al2Sb1,aflow:2ee53e59fca24166,,,0.130704,20.3489,65,oS8,aflowlib.duke.edu:AFLOWDATA/LIB3_WEB/AgAlSb/TFCC015.BCA
Ag1Al2Sb1,aflow:302121a692d16abf,,,0.127092,20.2863,123,tP4,aflowlib.duke.edu:AFLOWDATA/LIB3_WEB/AgAlSb/TFCC016.BCA
Ag1Al2Sb1,aflow:41e218a273086a4d,,,0.0816801,20.2554,160,hR4,aflowlib.duke.edu:AFLOWDATA/LIB3_WEB/AgAlSb/TFCC004.BCA
Ag1Al2Sb1,aflow:5d5f6c800f9559b1,,,0.136276,20.2029,139,tI8,aflowlib.duke.edu:AFLOWDATA/LIB3_WEB/AgAlSb/TFCC013.BCA
Ag1Al2Sb1,aflow:71511984255cab34,,,0.0963045,20.0043,47,oP4,aflowlib.duke.edu:AFLOWDATA/LIB3_WEB/AgAlSb/TFCC010.BCA
Ag1Al2Sb1,aflow:7c258a245d7ea7fd,,,0.132212,20.2047,119,tI8,aflowlib.duke.edu:AFLOWDATA/LIB3_WEB/AgAlSb/TFCC008.BCA
Ag1Al2Sb1,aflow:833d7ad5fe684191,,,0.167181,20.6395,123,tP4,aflowlib.duke.edu:AFLOWDATA/LIB3_WEB/AgAlSb/TBCC016.BCA
Ag1Al2Sb1,aflow:848115ca0402010f,,,0.0944488,20.1357,166,hR4,aflowlib.duke.edu:AFLOWDATA/LIB3_WEB/AgAlSb/TFCC009.BCA
Ag1Al2Sb1,aflow:87fda961b1743b58,,,0.116705,20.424,99,tP4,aflowlib.duke.edu:AFLOWDATA/LIB3_WEB/AgAlSb/TBCC006.BCA
Ag1Al2Sb1,aflow:8a919a00f46b1e32,,,0.122655,20.2599,10,mP4,aflowlib.duke.edu:AFLOWDATA/LIB3_WEB/AgAlSb/TFCC014.BCA
Ag1Al2Sb1,aflow:8b4fe2114fb07fb4,,,0.0851693,19.8746,123,tP4,aflowlib.duke.edu:AFLOWDATA/LIB3_WEB/AgAlSb/TBCC011.BCA
Ag1Al2Sb1,aflow:9681593c15fb258c,,,0.0591052,20.5197,6,mP4,aflowlib.duke.edu:AFLOWDATA/LIB3_WEB/AgAlSb/TBCC005.BCA
Ag1Al2Sb1,aflow:a5e0958df2fa6dc8,,,0.0556552,20.8512,12,mS8,aflowlib.duke.edu:AFLOWDATA/LIB3_WEB/AgAlSb/TFCC011.BCA
Ag1Al2Sb1,aflow:ab446a5e2e341917,,,0.12695,20.9415,10,mP4,aflowlib.duke.edu:AFLOWDATA/LIB3_WEB/AgAlSb/TBCC010.BCA
Ag1Al2Sb1,aflow:b9855fce263bd7bd,,,0.129815,20.3863,44,oI8,aflowlib.duke.edu:AFLOWDATA/LIB3_WEB/AgAlSb/TBCC007.BCA
Ag1Al2Sb1,aflow:bcc773f54c586640,,,0.185251,20.6711,47,oP4,aflowlib.duke.edu:AFLOWDATA/LIB3_WEB/AgAlSb/TBCC015.BCA
Ag1Al2Sb1,aflow:c5f4a787b3f23761,,,0.081026,19.8332,123,tP4,aflowlib.duke.edu:AFLOWDATA/LIB3_WEB/AgAlSb/TFCC012.BCA
Ag1Al2Sb1,aflow:d42751cd174efbe0,,,0.125205,20.278,71,oI8,aflowlib.duke.edu:AFLOWDATA/LIB3_WEB/AgAlSb/TBCC012.BCA
Ag1Al2Sb1,aflow:d965abae23535a40,,,0.201117,20.5571,12,mS8,aflowlib.duke.edu:AFLOWDATA/LIB3_WEB/AgAlSb/TBCC014.BCA
Ag1Al2Sb1,aflow:ea07eddb3c0ec257,,,0.070104,20.5276,8,mS8,aflowlib.duke.edu:AFLOWDATA/LIB3_WEB/AgAlSb/TFCC006.BCA
Ag1Al2Sb1,aflow:f352bcd474c5fe2b,,,0.062211,20.0221,99,tP4,aflowlib.duke.edu:AFLOWDATA/LIB3_WEB/AgAlSb/TBCC004.BCA
Ag1Al2Sb1,aflow:fa3ff1e406b95a1a,,,0.0854262,19.9001,65,oS8,aflowlib.duke.edu:AFLOWDATA/LIB3_WEB/AgAlSb/TBCC009.BCA
Ag1Al2Sb1,aflow:fd29a0032aa526dd,,,0.06388,20.1088,99,tP4,aflowlib.duke.edu:AFLOWDATA/LIB3_WEB/AgAlSb/TFCC007.BCA
Ag1Al2Sb1,aflow:fe850b0ceb25989f,,,0.178869,20.7116,225,cF16,aflowlib.duke.edu:AFLOWDATA/LIB3_WEB/AgAlSb/T0001.AB2C
Ag1Al2Sb2,aflow:232839c1724911fa,,,0.213871,25.4633,139,tI10,aflowlib.duke.edu:AFLOWDATA/LIB3_WEB/AgAlSb/T0011.BAC
Ag1Al2Sb2,aflow:f70b52652ed2c98f,,,0.107883,24.3282,139,tI10,aflowlib.duke.edu:AFLOWDATA/LIB3_WEB/AgAlSb/T0011.CAB
Ag1Al2Sc1,aflow:05efe722b5a516c0,,,-0.148683,18.5796,71,oI8,aflowlib.duke.edu:AFLOWDATA/LIB3_WEB/AgAlSc_sv/TBCC012.BCA
Ag1Al2Sc1,aflow:0658fddec95244d6,,,-0.175955,16.8145,139,tI8,aflowlib.duke.edu:AFLOWDATA/LIB3_WEB/AgAlSc_sv/TFCC013.BCA
Ag1Al2Sc1,aflow:144a588bf33d1ad0,,,-0.347984,17.9096,123,tP4,aflowlib.duke.edu:AFLOWDATA/LIB3_WEB/AgAlSc_sv/TFCC014.BCA
Ag1Al2Sc1,aflow:180208498b186bc5,,,-0.202435,18.1821,99,tP4,aflowlib.duke.edu:AFLOWDATA/LIB3_WEB/AgAlSc_sv/TFCC007.BCA
Ag1Al2Sc1,aflow:33fb368dfd5764ad,,,-0.19673,18.2899,25,oP4,aflowlib.duke.edu:AFLOWDATA/LIB3_WEB/AgAlSc_sv/TFCC005.BCA
Ag1Al2Sc1,aflow:44b7b2304a9569db,,,-0.200717,18.2254,99,tP4,aflowlib.duke.edu:AFLOWDATA/LIB3_WEB/AgAlSc_sv/TBCC004.BCA
Ag1Al2Sc1,aflow:45039c3eaf19e54e,,,-0.202809,18.2311,99,tP4,aflowlib.duke.edu:AFLOWDATA/LIB3_WEB/AgAlSc_sv/TBCC006.BCA
Ag1Al2Sc1,aflow:5fc26468f098111f,,,-0.348487,17.8916,123,tP4,aflowlib.duke.edu:AFLOWDATA/LIB3_WEB/AgAlSc_sv/TBCC016.BCA
Ag1Al2Sc1,aflow:75a4788015edbc4e,,,-0.149733,18.1803,47,oP4,aflowlib.duke.edu:AFLOWDATA/LIB3_WEB/AgAlSc_sv/TFCC010.BCA
Ag1Al2Sc1,aflow:750f683b9f8a1d88,,,-0.198985,18.4843,8,mS8,aflowlib.duke.edu:AFLOWDATA/LIB3_WEB/AgAlSc_sv/TFCC006.BCA
Ag1Al2Sc1,aflow:7904d3f8f1ca8843,,,-0.205907,17.9262,225,cF16,aflowlib.duke.edu:AFLOWDATA/LIB3_WEB/AgAlSc_sv/T0001.AB2C
Ag1Al2Sc1,aflow:8ceb3c3104afdce3,,,-0.226116,17.957,216,cF16,aflowlib.duke.edu:AFLOWDATA/LIB3_WEB/AgAlSc_sv/T0002.AB2C
Ag1Al2Sc1,aflow:90e8d29d919b3015,,,-0.336848,17.8288,123,tP4,aflowlib.duke.edu:AFLOWDATA/LIB3_WEB/AgAlSc_sv/TBCC014.BCA
Ag1Al2Sc1,aflow:a606d0b2554e2185,,,-0.257367,18.1305,44,oI8,aflowlib.duke.edu:AFLOWDATA/LIB3_WEB/AgAlSc_sv/TBCC007.BCA
Ag1Al2Sc1,aflow:ae42433ee2f17449,,,-0.266949,17.9736,123,tP4,aflowlib.duke.edu:AFLOWDATA/LIB3_WEB/AgAlSc_sv/TBCC009.BCA
Ag1Al2Sc1,aflow:aff2d077c5b7e459,,,-0.088966,18.6152,166,hR4,aflowlib.duke.edu:AFLOWDATA/LIB3_WEB/AgAlSc_sv/TFCC009.BCA
Ag1Al2Sc1,aflow:bc9ca0286807b465,,,-0.347654,17.936,123,tP4,aflowlib.duke.edu:AFLOWDATA/LIB3_WEB/AgAlSc_sv/TFCC016.BCA
Ag1Al2Sc1,aflow:bd5610567d67c55b,,,-0.347795,17.8483,123,tP4,aflowlib.duke.edu:AFLOWDATA/LIB3_WEB/AgAlSc_sv/TFCC015.BCA
Ag1Al2Sc1,aflow:be93fc4dee28d09d,,,-0.149247,18.5289,12,mS8,aflowlib.duke.edu:AFLOWDATA/LIB3_WEB/AgAlSc_sv/TFCC011.BCA
Ag1Al2Sc1,aflow:c3342618bd326fcc,,,-0.2574,18.1012,119,tI8,aflowlib.duke.edu:AFLOWDATA/LIB3_WEB/AgAlSc_sv/TFCC008.BCA
Ag1Al2Sc1,aflow:c8a11e5a8fbe63a5,,,-0.233164,19.0539,6,mP4,aflowlib.duke.edu:AFLOWDATA/LIB3_WEB/AgAlSc_sv/TBCC005.BCA
Ag1Al2Sc1,aflow:cbbf0762e2eb507a,,,-0.349235,17.9319,123,tP4,aflowlib.duke.edu:AFLOWDATA/LIB3_WEB/AgAlSc_sv/TBCC015.BCA
Ag1Al2Sc1,aflow:d61d742fc93d3aa8,,,-0.270238,18.9705,10,mP4,aflowlib.duke.edu:AFLOWDATA/LIB3_WEB/AgAlSc_sv/TBCC010.BCA
Ag1Al2Sc1,aflow:d8ab87997edb3a5e,,,-0.261441,17.8816,123,tP4,aflowlib.duke.edu:AFLOWDATA/LIB3_WEB/AgAlSc_sv/TBCC011.BCA
Ag1Al2Sc1,aflow:f6c960c3e769bfd0,,,-0.267862,17.9027,123,tP4,aflowlib.duke.edu:AFLOWDATA/LIB3_WEB/AgAlSc_sv/TFCC012.BCA
Ag1Al2Sc2,aflow:41c4826a5a34df0e,,,0.226795,22.1014,139,tI10,aflowlib.duke.edu:AFLOWDATA/LIB3_WEB/AgAlSc_sv/T0011.BAC
Ag1Al2Sc2,aflow:9cc6972699ec795b,,,-0.00853438,21.4,139,tI10,aflowlib.duke.edu:AFLOWDATA/LIB3_WEB/AgAlSc_sv/T0011.CAB
Ag1Al2Se1,aflow:0b539ff874c203c3,,,-0.139993,20.1281,160,hR4,aflowlib.duke.edu:AFLOWDATA/LIB3_WEB/AgAlSe/TFCC004.BCA
Ag1Al2Se1,aflow:0fb1c9831de7f158,,,0.153541,19.3509,47,oP4,aflowlib.duke.edu:AFLOWDATA/LIB3_WEB/AgAlSe/TBCC015.BCA
Ag1Al2Se1,aflow:1160713bffd78096,,,0.121125,19.1218,12,mS8,aflowlib.duke.edu:AFLOWDATA/LIB3_WEB/AgAlSe/TFCC011.BCA
Ag1Al2Se1,aflow:30efd824947ec6f0,,,0.0739143,18.678,8,mS8,aflowlib.duke.edu:AFLOWDATA/LIB3_WEB/AgAlSe/TFCC006.BCA
Ag1Al2Se1,aflow:3095e26336d6f9ac,,,-0.0649057,19.489,10,mP4,aflowlib.duke.edu:AFLOWDATA/LIB3_WEB/AgAlSe/TFCC014.BCA
Ag1Al2Se1,aflow:3271c9aadc1fbdda,,,0.263125,19.4965,216,cF16,aflowlib.duke.edu:AFLOWDATA/LIB3_WEB/AgAlSe/T0002.AB2C
Ag1Al2Se1,aflow:501879e807ba01b3,,,0.0643,18.7393,65,oS8,aflowlib.duke.edu:AFLOWDATA/LIB3_WEB/AgAlSe/TFCC015.BCA
Ag1Al2Se1,aflow:55c7272ac97f367a,,,0.0542435,18.9416,44,oI8,aflowlib.duke.edu:AFLOWDATA/LIB3_WEB/AgAlSe/TBCC007.BCA
Ag1Al2Se1,aflow:5b5207f06442dd6f,,,0.0878143,18.7741,123,tP4,aflowlib.duke.edu:AFLOWDATA/LIB3_WEB/AgAlSe/TBCC016.BCA
Ag1Al2Se1,aflow:5c9807c13470732b,,,0.154923,19.0552,10,mP4,aflowlib.duke.edu:AFLOWDATA/LIB3_WEB/AgAlSe/TBCC010.BCA
Ag1Al2Se1,aflow:5d9d33646685a335,,,0.132101,19.5821,139,tI8,aflowlib.duke.edu:AFLOWDATA/LIB3_WEB/AgAlSe/TFCC013.BCA
Ag1Al2Se1,aflow:68d52ce570532b19,,,0.020135,18.1988,123,tP4,aflowlib.duke.edu:AFLOWDATA/LIB3_WEB/AgAlSe/TBCC011.BCA
Ag1Al2Se1,aflow:803dc4f7a25d2e32,,,0.0417042,19.1971,99,tP4,aflowlib.duke.edu:AFLOWDATA/LIB3_WEB/AgAlSe/TBCC004.BCA
Ag1Al2Se1,aflow:8088596b2d6a6d02,,,0.0532272,19.844,65,oS8,aflowlib.duke.edu:AFLOWDATA/LIB3_WEB/AgAlSe/TBCC009.BCA
Ag1Al2Se1,aflow:8fc8c0f9b9822124,,,-0.174803,18.8865,166,hR4,aflowlib.duke.edu:AFLOWDATA/LIB3_WEB/AgAlSe/TFCC009.BCA
Ag1Al2Se1,aflow:93f3bcdb93be091f,,,-0.074035,20.859,6,mP4,aflowlib.duke.edu:AFLOWDATA/LIB3_WEB/AgAlSe/TBCC005.BCA
Ag1Al2Se1,aflow:a1faf66625ed767e,,,0.0316682,19.5142,12,mS8,aflowlib.duke.edu:AFLOWDATA/LIB3_WEB/AgAlSe/TBCC014.BCA
Ag1Al2Se1,aflow:ac96b95e41d144c5,,,-0.0820932,19.9045,99,tP4,aflowlib.duke.edu:AFLOWDATA/LIB3_WEB/AgAlSe/TBCC006.BCA
Ag1Al2Se1,aflow:b2572e29bda97362,,,0.0942738,20.098,119,tI8,aflowlib.duke.edu:AFLOWDATA/LIB3_WEB/AgAlSe/TFCC008.BCA
Ag1Al2Se1,aflow:b7626138d1450657,,,0.0850753,18.8025,123,tP4,aflowlib.duke.edu:AFLOWDATA/LIB3_WEB/AgAlSe/TFCC016.BCA
Ag1Al2Se1,aflow:c0f263453715f2c7,,,0.074808,19.5728,71,oI8,aflowlib.duke.edu:AFLOWDATA/LIB3_WEB/AgAlSe/TBCC012.BCA
Ag1Al2Se1,aflow:c24a52be6ea71713,,,0.0204983,18.2276,123,tP4,aflowlib.duke.edu:AFLOWDATA/LIB3_WEB/AgAlSe/TFCC010.BCA
Ag1Al2Se1,aflow:d25ed0bc372a2d9d,,,0.0400897,19.3325,99,tP4,aflowlib.duke.edu:AFLOWDATA/LIB3_WEB/AgAlSe/TFCC007.BCA
Ag1Al2Se1,aflow:dba5c133efdf587f,,,0.0422118,18.7846,25,oP4,aflowlib.duke.edu:AFLOWDATA/LIB3_WEB/AgAlSe/TFCC005.BCA
Ag1Al2Se1,aflow:ddf1a27c4de74f82,,,0.214949,19.1955,225,cF16,aflowlib.duke.edu:AFLOWDATA/LIB3_WEB/AgAlSe/T0001.AB2C
Ag1Al2Se1,aflow:e6de6885b7b5c62b,,,0.0207718,18.1939,123,tP4,aflowlib.duke.edu:AFLOWDATA/LIB3_WEB/AgAlSe/TFCC012.BCA
Ag1Al2Si1,aflow:04fad3d5671f74be,,,0.182119,16.5951,123,tP4,aflowlib.duke.edu:AFLOWDATA/LIB3_WEB/AgAlSi/TFCC016.BCA
Ag1Al2Si1,aflow:07c4e1722c19f0ee,,,0.141449,16.4278,10,mP4,aflowlib.duke.edu:AFLOWDATA/LIB3_WEB/AgAlSi/TBCC010.BCA
Ag1Al2Si1,aflow:0c010f3200d02f9b,,,0.196911,16.8304,35,oS8,aflowlib.duke.edu:AFLOWDATA/LIB3_WEB/AgAlSi/TBCC004.BCA
Ag1Al2Si1,aflow:12384765b32dcdd4,,,0.141553,16.5446,10,mP4,aflowlib.duke.edu:AFLOWDATA/LIB3_WEB/AgAlSi/TFCC014.BCA
Ag1Al2Si1,aflow:2df195e8fafccfee,,,0.214262,17.0598,47,oP4,aflowlib.duke.edu:AFLOWDATA/LIB3_WEB/AgAlSi/TBCC015.BCA
Ag1Al2Si1,aflow:31bc9b2e13e80590,,,0.153488,16.6335,25,oP4,aflowlib.duke.edu:AFLOWDATA/LIB3_WEB/AgAlSi/TFCC005.BCA
Ag1Al2Si1,aflow:38e13b278b86da48,,,0.154467,16.7514,123,tP4,aflowlib.duke.edu:AFLOWDATA/LIB3_WEB/AgAlSi/TBCC016.BCA
Ag1Al2Si1,aflow:3bfc4b62e9b2e59f,,,0.115413,16.2502,65,oS8,aflowlib.duke.edu:AFLOWDATA/LIB3_WEB/AgAlSi/TFCC015.BCA
Ag1Al2Si1,aflow:3fb9cb4dde2da93a,,,0.0794188,16.3929,166,hR4,aflowlib.duke.edu:AFLOWDATA/LIB3_WEB/AgAlSi/TFCC009.BCA
Ag1Al2Si1,aflow:410f47cce7f329d0,,,0.0984022,16.1618,123,tP4,aflowlib.duke.edu:AFLOWDATA/LIB3_WEB/AgAlSi/TBCC011.BCA
Ag1Al2Si1,aflow:5200f5da04820284,,,0.176361,16.5209,139,tI8,aflowlib.duke.edu:AFLOWDATA/LIB3_WEB/AgAlSi/TFCC013.BCA
Ag1Al2Si1,aflow:57d4f6cfaf382295,,,0.101701,16.2323,65,oS8,aflowlib.duke.edu:AFLOWDATA/LIB3_WEB/AgAlSi/TBCC009.BCA
Ag1Al2Si1,aflow:7a06dd2957fec526,,,0.113459,16.3049,65,oS8,aflowlib.duke.edu:AFLOWDATA/LIB3_WEB/AgAlSi/TBCC014.BCA
Ag1Al2Si1,aflow:7ea840671b5a0f89,,,0.136293,16.5394,8,mS8,aflowlib.duke.edu:AFLOWDATA/LIB3_WEB/AgAlSi/TFCC006.BCA
Ag1Al2Si1,aflow:864ccf624a520508,,,0.138089,16.7507,6,mP4,aflowlib.duke.edu:AFLOWDATA/LIB3_WEB/AgAlSi/TBCC005.BCA
Ag1Al2Si1,aflow:86f619d9ed294028,,,0.248088,17.1374,71,oI8,aflowlib.duke.edu:AFLOWDATA/LIB3_WEB/AgAlSi/TBCC012.BCA
Ag1Al2Si1,aflow:91c1de30e9f1dd8d,,,0.137373,16.483,160,hR4,aflowlib.duke.edu:AFLOWDATA/LIB3_WEB/AgAlSi/TFCC004.BCA
Ag1Al2Si1,aflow:9165b4b26834cd42,,,0.105118,16.216,123,tP4,aflowlib.duke.edu:AFLOWDATA/LIB3_WEB/AgAlSi/TFCC012.BCA
Ag1Al2Si1,aflow:94a36726b0fe55f8,,,0.151045,16.4871,12,mS8,aflowlib.duke.edu:AFLOWDATA/LIB3_WEB/AgAlSi/TFCC011.BCA
Ag1Al2Si1,aflow:a6420ace9b569aaf,,,0.187314,16.7274,119,tI8,aflowlib.duke.edu:AFLOWDATA/LIB3_WEB/AgAlSi/TFCC008.BCA
Ag1Al2Si1,aflow:af3e24697f1fa287,,,0.143889,16.4845,99,tP4,aflowlib.duke.edu:AFLOWDATA/LIB3_WEB/AgAlSi/TFCC007.BCA
Ag1Al2Si1,aflow:bdae4b9060672002,,,0.235909,16.9597,225,cF16,aflowlib.duke.edu:AFLOWDATA/LIB3_WEB/AgAlSi/T0001.AB2C
Ag1Al2Si1,aflow:ded6bd842ff97caf,,,0.136958,16.3333,47,oP4,aflowlib.duke.edu:AFLOWDATA/LIB3_WEB/AgAlSi/TFCC010.BCA
Ag1Al2Si1,aflow:ea19537739c82855,,,0.175035,17.0635,44,oI8,aflowlib.duke.edu:AFLOWDATA/LIB3_WEB/AgAlSi/TBCC007.BCA
Ag1Al2Si1,aflow:f49492932cbe6232,,,0.288704,17.2694,216,cF16,aflowlib.duke.edu:AFLOWDATA/LIB3_WEB/AgAlSi/T0002.AB2C
Ag1Al2Si1,aflow:fcafe17048d09ef9,,,0.140939,16.3717,99,tP4,aflowlib.duke.edu:AFLOWDATA/LIB3_WEB/AgAlSi/TBCC006.BCA
Ag1Al2Si2,aflow:85bbd72fba4c54e3,,,0.221303,17.2466,139,tI10,aflowlib.duke.edu:AFLOWDATA/LIB3_WEB/AgAlSi/T0011.BAC
Ag1Al2Si2,aflow:85d533f44ff08cf5,,,0.204454,18.2354,139,tI10,aflowlib.duke.edu:AFLOWDATA/LIB3_WEB/AgAlSi/T0011.CAB
Ag1Al2Sn1,aflow:00dda2cececddb20,,,0.059779,19.6356,99,tP4,aflowlib.duke.edu:AFLOWDATA/LIB3_WEB/AgAlSn/TFCC007.BCA
Ag1Al2Sn1,aflow:00455029fcc98a1d,,,0.137446,20.008,123,tP4,aflowlib.duke.edu:AFLOWDATA/LIB3_WEB/AgAlSn/TFCC016.BCA
Ag1Al2Sn1,aflow:01bf719479a89bfb,,,0.121309,19.7269,10,mP4,aflowlib.duke.edu:AFLOWDATA/LIB3_WEB/AgAlSn/TFCC014.BCA
Ag1Al2Sn1,aflow:0980a0b3e5a89d6b,,,0.0865168,20.2978,8,mS8,aflowlib.duke.edu:AFLOWDATA/LIB3_WEB/AgAlSn/TFCC006.BCA
Ag1Al2Sn1,aflow:2146c77ce4c2e82b,,,0.135202,19.8398,65,oS8,aflowlib.duke.edu:AFLOWDATA/LIB3_WEB/AgAlSn/TFCC015.BCA
Ag1Al2Sn1,aflow:26cb935acc64eca2,,,0.115402,20.004,166,hR4,aflowlib.duke.edu:AFLOWDATA/LIB3_WEB/AgAlSn/TFCC009.BCA
Ag1Al2Sn1,aflow:29233ca415e7714f,,,0.191585,20.3812,123,tP4,aflowlib.duke.edu:AFLOWDATA/LIB3_WEB/AgAlSn/TBCC016.BCA
Ag1Al2Sn1,aflow:4804bc0672c4e419,,,0.147793,20.2521,71,oI8,aflowlib.duke.edu:AFLOWDATA/LIB3_WEB/AgAlSn/TBCC012.BCA
Ag1Al2Sn1,aflow:4d0bab6be5274ab9,,,0.143871,20.219,44,oI8,aflowlib.duke.edu:AFLOWDATA/LIB3_WEB/AgAlSn/TBCC007.BCA
Ag1Al2Sn1,aflow:54fbfad1b341383f,,,0.112003,19.7847,12,mS8,aflowlib.duke.edu:AFLOWDATA/LIB3_WEB/AgAlSn/TFCC011.BCA
Ag1Al2Sn1,aflow:595c8fc107c1ad8b,,,0.1552,20.457,12,mS8,aflowlib.duke.edu:AFLOWDATA/LIB3_WEB/AgAlSn/TBCC014.BCA
Ag1Al2Sn1,aflow:6f51d80433765fa7,,,0.118973,20.0964,47,oP4,aflowlib.duke.edu:AFLOWDATA/LIB3_WEB/AgAlSn/TFCC010.BCA
Ag1Al2Sn1,aflow:81c1716ef2900698,,,0.188095,20.3221,47,oP4,aflowlib.duke.edu:AFLOWDATA/LIB3_WEB/AgAlSn/TBCC015.BCA
Ag1Al2Sn1,aflow:8c55498db6f5d3e6,,,0.0893404,19.6733,65,oS8,aflowlib.duke.edu:AFLOWDATA/LIB3_WEB/AgAlSn/TBCC009.BCA
Ag1Al2Sn1,aflow:a0807bca3e3b9b3d,,,0.091013,19.7311,123,tP4,aflowlib.duke.edu:AFLOWDATA/LIB3_WEB/AgAlSn/TBCC011.BCA
Ag1Al2Sn1,aflow:a1960b1a633655e5,,,0.0664095,19.5959,99,tP4,aflowlib.duke.edu:AFLOWDATA/LIB3_WEB/AgAlSn/TBCC006.BCA
Ag1Al2Sn1,aflow:ac8d9ecb0910dcaa,,,0.104944,20.3668,10,mP4,aflowlib.duke.edu:AFLOWDATA/LIB3_WEB/AgAlSn/TBCC010.BCA
Ag1Al2Sn1,aflow:ae716778b8998cae,,,0.198759,20.4083,225,cF16,aflowlib.duke.edu:AFLOWDATA/LIB3_WEB/AgAlSn/T0001.AB2C
Ag1Al2Sn1,aflow:aebe70d38d316668,,,0.135615,20.0561,119,tI8,aflowlib.duke.edu:AFLOWDATA/LIB3_WEB/AgAlSn/TFCC008.BCA
Ag1Al2Sn1,aflow:b419abbace725e84,,,0.0638545,19.7839,99,tP4,aflowlib.duke.edu:AFLOWDATA/LIB3_WEB/AgAlSn/TBCC004.BCA
Ag1Al2Sn1,aflow:bc6fb932b3ebb4f6,,,0.0883766,19.9412,160,hR4,aflowlib.duke.edu:AFLOWDATA/LIB3_WEB/AgAlSn/TFCC004.BCA
Ag1Al2Sn1,aflow:bca5ab6fef93d939,,,0.0904845,20.0759,25,oP4,aflowlib.duke.edu:AFLOWDATA/LIB3_WEB/AgAlSn/TFCC005.BCA
Ag1Al2Sn1,aflow:c2f19e033fc2cdd0,,,0.0923047,19.961,6,mP4,aflowlib.duke.edu:AFLOWDATA/LIB3_WEB/AgAlSn/TBCC005.BCA
Ag1Al2Sn1,aflow:d0ae39561d932f23,,,0.086912,19.6456,123,tP4,aflowlib.duke.edu:AFLOWDATA/LIB3_WEB/AgAlSn/TFCC012.BCA
Ag1Al2Sn1,aflow:e136bfd7e2fbfb5f,,,0.139247,19.8945,139,tI8,aflowlib.duke.edu:AFLOWDATA/LIB3_WEB/AgAlSn/TFCC013.BCA
Ag1Al2Sn1,aflow:e42e84b356974fd6,,,0.189672,20.4139,216,cF16,aflowlib.duke.edu:AFLOWDATA/LIB3_WEB/AgAlSn/T0002.AB2C
Ag1Al2Sn2,aflow:bba3da9e18befbb8,,,0.326866,24.9272,139,tI10,aflowlib.duke.edu:AFLOWDATA/LIB3_WEB/AgAlSn/T0011.CAB
Ag1Al2Sn2,aflow:c8185d6e54998898,,,0.303647,24.9024,139,tI10,aflowlib.duke.edu:AFLOWDATA/LIB3_WEB/AgAlSn/T0011.BAC
Ag1Al2Sr1,aflow:0d05bdb8db637285,,,-0.0451372,22.1733,216,cF16,aflowlib.duke.edu:AFLOWDATA/LIB3_WEB/AgAlSr_sv/TFCC008.BCA
Ag1Al2Sr1,aflow:22db69a0cebdb890,,,0.030879,22.1738,225,cF16,aflowlib.duke.edu:AFLOWDATA/LIB3_WEB/AgAlSr_sv/TFCC013.BCA
Ag1Al2Sr1,aflow:37b78586e86a140e,,,0.030322,23.5174,71,oI8,aflowlib.duke.edu:AFLOWDATA/LIB3_WEB/AgAlSr_sv/TBCC012.BCA
Ag1Al2Sr1,aflow:38e01fff05bfbc15,,,0.0296915,22.071,225,cF16,aflowlib.duke.edu:AFLOWDATA/LIB3_WEB/AgAlSr_sv/T0001.AB2C
Ag1Al2Sr1,aflow:4172e5839b4f8379,,,-0.071091,22.4946,123,tP4,aflowlib.duke.edu:AFLOWDATA/LIB3_WEB/AgAlSr_sv/TFCC012.BCA
Ag1Al2Sr1,aflow:43f04a455daa03c9,,,-0.0747222,22.3906,123,tP4,aflowlib.duke.edu:AFLOWDATA/LIB3_WEB/AgAlSr_sv/TBCC009.BCA
Ag1Al2Sr1,aflow:46225f6c95aa1cb9,,,0.0307958,23.2182,123,tP4,aflowlib.duke.edu:AFLOWDATA/LIB3_WEB/AgAlSr_sv/TFCC016.BCA
Ag1Al2Sr1,aflow:4df81ea828b93604,,,0.173958,23.441,12,mS8,aflowlib.duke.edu:AFLOWDATA/LIB3_WEB/AgAlSr_sv/TBCC014.BCA
Ag1Al2Sr1,aflow:5540b87a0eeb5fea,,,-0.0439222,22.8708,44,oI8,aflowlib.duke.edu:AFLOWDATA/LIB3_WEB/AgAlSr_sv/TBCC007.BCA
Ag1Al2Sr1,aflow:6d886c06f70fa65e,,,-0.0570212,22.788,35,oS8,aflowlib.duke.edu:AFLOWDATA/LIB3_WEB/AgAlSr_sv/TBCC004.BCA
Ag1Al2Sr1,aflow:962c8f381cb073a7,,,0.17537,24.0106,65,oS8,aflowlib.duke.edu:AFLOWDATA/LIB3_WEB/AgAlSr_sv/TFCC015.BCA
Ag1Al2Sr1,aflow:a49261138d2fcf6f,,,-0.0531735,24.7507,10,mP4,aflowlib.duke.edu:AFLOWDATA/LIB3_WEB/AgAlSr_sv/TBCC010.BCA
Ag1Al2Sr1,aflow:a5d5d71a6f1f31e0,,,-0.211678,25.1635,160,hR4,aflowlib.duke.edu:AFLOWDATA/LIB3_WEB/AgAlSr_sv/TFCC004.BCA
Ag1Al2Sr1,aflow:b3d6fbed812c4cd4,,,0.0276678,23.3233,123,tP4,aflowlib.duke.edu:AFLOWDATA/LIB3_WEB/AgAlSr_sv/TBCC016.BCA
Ag1Al2Sr1,aflow:b6a3a1fa3698a1ff,,,-0.0560047,22.9302,99,tP4,aflowlib.duke.edu:AFLOWDATA/LIB3_WEB/AgAlSr_sv/TFCC007.BCA
Ag1Al2Sr1,aflow:c27c9c7bbe6b8b35,,,0.0302042,23.3595,123,tP4,aflowlib.duke.edu:AFLOWDATA/LIB3_WEB/AgAlSr_sv/TBCC015.BCA
Ag1Al2Sr1,aflow:c29b2cc8082cfab9,,,-0.215173,25.1033,160,hR4,aflowlib.duke.edu:AFLOWDATA/LIB3_WEB/AgAlSr_sv/TFCC006.BCA
Ag1Al2Sr1,aflow:c54ba5d9ae076c2a,,,-0.0348329,23.6749,6,mP4,aflowlib.duke.edu:AFLOWDATA/LIB3_WEB/AgAlSr_sv/TBCC005.BCA
Ag1Al2Sr1,aflow:c62bf27d3253e265,,,-0.0722827,22.2848,123,tP4,aflowlib.duke.edu:AFLOWDATA/LIB3_WEB/AgAlSr_sv/TBCC011.BCA
Ag1Al2Sr1,aflow:d0830f3caad38f8e,,,-0.208181,25.3939,166,hR4,aflowlib.duke.edu:AFLOWDATA/LIB3_WEB/AgAlSr_sv/TFCC009.BCA
Ag1Al2Sr1,aflow:d6ff2ebec3373c83,,,-0.058829,22.7088,99,tP4,aflowlib.duke.edu:AFLOWDATA/LIB3_WEB/AgAlSr_sv/TBCC006.BCA
Ag1Al2Sr1,aflow:d6ae7071254188a8,,,0.0313572,23.2782,47,oP4,aflowlib.duke.edu:AFLOWDATA/LIB3_WEB/AgAlSr_sv/TFCC014.BCA
Ag1Al2Sr1,aflow:e66b8e4a51ddc5ad,,,-0.209175,25.2583,12,mS8,aflowlib.duke.edu:AFLOWDATA/LIB3_WEB/AgAlSr_sv/TFCC011.BCA
Ag1Al2Sr1,aflow:f6ddfb609ee5d9c0,,,-0.0591097,22.7629,25,oP4,aflowlib.duke.edu:AFLOWDATA/LIB3_WEB/AgAlSr_sv/TFCC005.BCA
Ag1Al2Sr1,aflow:ff5b78884f4fd328,,,-0.046445,22.2715,216,cF16,aflowlib.duke.edu:AFLOWDATA/LIB3_WEB/AgAlSr_sv/T0002.AB2C
Ag1Al2Sr2,aflow:53866ae0b4123451,,,-0.0318381,29.7766,139,tI10,aflowlib.duke.edu:AFLOWDATA/LIB3_WEB/AgAlSr_sv/T0011.CAB
Ag1Al2Sr2,aflow:f3fff5f70cc241bb,,,0.0522405,31.3676,139,tI10,aflowlib.duke.edu:AFLOWDATA/LIB3_WEB/AgAlSr_sv/T0011.BAC
Ag1Al2Ta1,aflow:0e4969a8954526bc,,,0.131632,16.7892,139,tI8,aflowlib.duke.edu:AFLOWDATA/LIB3_WEB/AgAlTa_pv/TFCC013.BCA
Ag1Al2Ta1,aflow:0f0516a3d9960c06,,,-0.0662974,17.166,10,mP4,aflowlib.duke.edu:AFLOWDATA/LIB3_WEB/AgAlTa_pv/TBCC010.BCA
Ag1Al2Ta1,aflow:3221b1f0bca04f7b,,,0.01624,16.9819,35,oS8,aflowlib.duke.edu:AFLOWDATA/LIB3_WEB/AgAlTa_pv/TBCC004.BCA
Ag1Al2Ta1,aflow:35463b45b772d0b1,,,0.0692241,17.0109,71,oI8,aflowlib.duke.edu:AFLOWDATA/LIB3_WEB/AgAlTa_pv/TBCC012.BCA
Ag1Al2Ta1,aflow:3b55a991a92cce3c,,,-0.115489,16.38,123,tP4,aflowlib.duke.edu:AFLOWDATA/LIB3_WEB/AgAlTa_pv/TFCC016.BCA
Ag1Al2Ta1,aflow:3f116c1f416b0b70,,,-0.000947,16.6988,119,tI8,aflowlib.duke.edu:AFLOWDATA/LIB3_WEB/AgAlTa_pv/TFCC008.BCA
Ag1Al2Ta1,aflow:4199c454afdc8f92,,,0.0426455,17.0894,12,mS8,aflowlib.duke.edu:AFLOWDATA/LIB3_WEB/AgAlTa_pv/TFCC011.BCA
Ag1Al2Ta1,aflow:4235c65e81ae0efb,,,-0.0208757,16.9711,12,mS8,aflowlib.duke.edu:AFLOWDATA/LIB3_WEB/AgAlTa_pv/TBCC014.BCA
Ag1Al2Ta1,aflow:5400e998bd97a682,,,-0.143157,16.6525,123,tP4,aflowlib.duke.edu:AFLOWDATA/LIB3_WEB/AgAlTa_pv/TFCC012.BCA
Ag1Al2Ta1,aflow:7574483e21cb1d25,,,-0.0628412,16.7044,123,tP4,aflowlib.duke.edu:AFLOWDATA/LIB3_WEB/AgAlTa_pv/TBCC016.BCA
Ag1Al2Ta1,aflow:779310ea7cd77231,,,-0.144737,16.6838,123,tP4,aflowlib.duke.edu:AFLOWDATA/LIB3_WEB/AgAlTa_pv/TBCC011.BCA
Ag1Al2Ta1,aflow:7b9cb819744843a5,,,-0.114352,16.4533,123,tP4,aflowlib.duke.edu:AFLOWDATA/LIB3_WEB/AgAlTa_pv/TBCC015.BCA
Ag1Al2Ta1,aflow:85dbb1bf1c5bfe3b,,,-0.091749,17.0771,166,hR4,aflowlib.duke.edu:AFLOWDATA/LIB3_WEB/AgAlTa_pv/TFCC009.BCA
Ag1Al2Ta1,aflow:8aff10ef64e0c0bd,,,0.153866,16.7158,225,cF16,aflowlib.duke.edu:AFLOWDATA/LIB3_WEB/AgAlTa_pv/T0001.AB2C
Ag1Al2Ta1,aflow:913cacd6b34e7825,,,0.322471,17.1328,216,cF16,aflowlib.duke.edu:AFLOWDATA/LIB3_WEB/AgAlTa_pv/T0002.AB2C
Ag1Al2Ta1,aflow:94d9f35884968641,,,-0.0301756,16.9285,6,mP4,aflowlib.duke.edu:AFLOWDATA/LIB3_WEB/AgAlTa_pv/TBCC005.BCA
Ag1Al2Ta1,aflow:942d7cdaa2deff86,,,0.0194223,16.8265,25,oP4,aflowlib.duke.edu:AFLOWDATA/LIB3_WEB/AgAlTa_pv/TFCC005.BCA
Ag1Al2Ta1,aflow:a5560f14ae1672e8,,,0.0160965,16.963,99,tP4,aflowlib.duke.edu:AFLOWDATA/LIB3_WEB/AgAlTa_pv/TFCC007.BCA
Ag1Al2Ta1,aflow:ab1c3cf7b4462f98,,,-0.00261737,16.8565,44,oI8,aflowlib.duke.edu:AFLOWDATA/LIB3_WEB/AgAlTa_pv/TBCC007.BCA
Ag1Al2Ta1,aflow:b445fbb95fcb6a26,,,-0.144406,16.7548,123,tP4,aflowlib.duke.edu:AFLOWDATA/LIB3_WEB/AgAlTa_pv/TBCC009.BCA
Ag1Al2Ta1,aflow:bb20a7ba56d8dc57,,,-0.0396197,16.817,47,oP4,aflowlib.duke.edu:AFLOWDATA/LIB3_WEB/AgAlTa_pv/TFCC010.BCA
Ag1Al2Ta1,aflow:bec54c92b068bfa5,,,-0.123918,16.8413,65,oS8,aflowlib.duke.edu:AFLOWDATA/LIB3_WEB/AgAlTa_pv/TFCC015.BCA
Ag1Al2Ta1,aflow:bfa091153fc4e3be,,,0.0485643,16.6553,99,tP4,aflowlib.duke.edu:AFLOWDATA/LIB3_WEB/AgAlTa_pv/TBCC006.BCA
Ag1Al2Ta1,aflow:d6e45408c137089c,,,-0.0805567,16.8995,8,mS8,aflowlib.duke.edu:AFLOWDATA/LIB3_WEB/AgAlTa_pv/TFCC006.BCA
Ag1Al2Ta1,aflow:ed2c3a0c7b400c25,,,0.00617444,17.1636,160,hR4,aflowlib.duke.edu:AFLOWDATA/LIB3_WEB/AgAlTa_pv/TFCC004.BCA
Ag1Al2Ta1,aflow:ee0bd09e52982ba8,,,-0.034712,17.0082,10,mP4,aflowlib.duke.edu:AFLOWDATA/LIB3_WEB/AgAlTa_pv/TFCC014.BCA
Ag1Al2Ta2,aflow:60c88ae8c8a150cc,,,0.48409,19.5325,139,tI10,aflowlib.duke.edu:AFLOWDATA/LIB3_WEB/AgAlTa_pv/T0011.BAC
Ag1Al2Ta2,aflow:60bc48655743a603,,,0.506807,18.6884,139,tI10,aflowlib.duke.edu:AFLOWDATA/LIB3_WEB/AgAlTa_pv/T0011.CAB
Ag1Al2Tc1,aflow:082d631b3a3dc9e1,,,-0.0163605,15.725,99,tP4,aflowlib.duke.edu:AFLOWDATA/LIB3_WEB/AgAlTc_pv/TBCC006.BCA
Ag1Al2Tc1,aflow:092101889d091d38,,,-0.266206,15.2772,47,oP4,aflowlib.duke.edu:AFLOWDATA/LIB3_WEB/AgAlTc_pv/TFCC010.BCA
Ag1Al2Tc1,aflow:1dd345b3a1c8eb35,,,-0.0422052,15.4946,10,mP4,aflowlib.duke.edu:AFLOWDATA/LIB3_WEB/AgAlTc_pv/TFCC014.BCA
Ag1Al2Tc1,aflow:2e7b448cf178b77c,,,0.158081,15.5539,216,cF16,aflowlib.duke.edu:AFLOWDATA/LIB3_WEB/AgAlTc_pv/T0002.AB2C
Ag1Al2Tc1,aflow:35f612ad7d181a98,,,-0.143612,15.2726,44,oI8,aflowlib.duke.edu:AFLOWDATA/LIB3_WEB/AgAlTc_pv/TBCC007.BCA
Ag1Al2Tc1,aflow:42824b6f146ccbca,,,0.075911,15.8605,160,hR4,aflowlib.duke.edu:AFLOWDATA/LIB3_WEB/AgAlTc_pv/TFCC004.BCA
Ag1Al2Tc1,aflow:4945df93c637f5df,,,-0.252612,14.8636,123,tP4,aflowlib.duke.edu:AFLOWDATA/LIB3_WEB/AgAlTc_pv/TFCC016.BCA
Ag1Al2Tc1,aflow:5dfcd100235a2ea1,,,-0.253056,14.8725,123,tP4,aflowlib.duke.edu:AFLOWDATA/LIB3_WEB/AgAlTc_pv/TFCC015.BCA
Ag1Al2Tc1,aflow:6a8291083817fa2a,,,0.137462,15.8925,35,oS8,aflowlib.duke.edu:AFLOWDATA/LIB3_WEB/AgAlTc_pv/TBCC004.BCA
Ag1Al2Tc1,aflow:752395a20c183475,,,-0.266149,15.3137,123,tP4,aflowlib.duke.edu:AFLOWDATA/LIB3_WEB/AgAlTc_pv/TBCC010.BCA
Ag1Al2Tc1,aflow:768daaf7097b1364,,,-0.151166,14.9136,139,tI8,aflowlib.duke.edu:AFLOWDATA/LIB3_WEB/AgAlTc_pv/TFCC013.BCA
Ag1Al2Tc1,aflow:8399601debbbd35d,,,0.109473,15.847,99,tP4,aflowlib.duke.edu:AFLOWDATA/LIB3_WEB/AgAlTc_pv/TFCC007.BCA
Ag1Al2Tc1,aflow:8676c07d789cbd31,,,-0.265865,15.3061,123,tP4,aflowlib.duke.edu:AFLOWDATA/LIB3_WEB/AgAlTc_pv/TFCC012.BCA
Ag1Al2Tc1,aflow:86639aa11c01aae9,,,-0.05119,15.6346,12,mS8,aflowlib.duke.edu:AFLOWDATA/LIB3_WEB/AgAlTc_pv/TFCC011.BCA
Ag1Al2Tc1,aflow:8d56735973d6ba65,,,-0.25315,14.8819,123,tP4,aflowlib.duke.edu:AFLOWDATA/LIB3_WEB/AgAlTc_pv/TBCC015.BCA
Ag1Al2Tc1,aflow:999c5048644aeb6a,,,-0.151613,14.977,139,tI8,aflowlib.duke.edu:AFLOWDATA/LIB3_WEB/AgAlTc_pv/TBCC012.BCA
Ag1Al2Tc1,aflow:a7140790bfbd4216,,,-0.0459465,15.5878,25,oP4,aflowlib.duke.edu:AFLOWDATA/LIB3_WEB/AgAlTc_pv/TFCC005.BCA
Ag1Al2Tc1,aflow:b72adcf49a413e0f,,,-0.252731,14.867,123,tP4,aflowlib.duke.edu:AFLOWDATA/LIB3_WEB/AgAlTc_pv/TBCC016.BCA
Ag1Al2Tc1,aflow:b96097b266c6cb7a,,,-0.103727,15.7434,65,oS8,aflowlib.duke.edu:AFLOWDATA/LIB3_WEB/AgAlTc_pv/TBCC009.BCA
Ag1Al2Tc1,aflow:bb0cf2ac1c105914,,,-0.158004,15.368,8,mS8,aflowlib.duke.edu:AFLOWDATA/LIB3_WEB/AgAlTc_pv/TFCC006.BCA
Ag1Al2Tc1,aflow:c1318a2bef1b2113,,,-0.152816,14.935,225,cF16,aflowlib.duke.edu:AFLOWDATA/LIB3_WEB/AgAlTc_pv/T0001.AB2C
Ag1Al2Tc1,aflow:d074607d742ea245,,,-0.266144,15.3124,123,tP4,aflowlib.duke.edu:AFLOWDATA/LIB3_WEB/AgAlTc_pv/TBCC011.BCA
Ag1Al2Tc1,aflow:e8d2f1fd54f88cfd,,,-0.123863,15.8226,166,hR4,aflowlib.duke.edu:AFLOWDATA/LIB3_WEB/AgAlTc_pv/TFCC009.BCA
Ag1Al2Tc1,aflow:f03e14d2935fd0f8,,,-0.148741,15.2344,119,tI8,aflowlib.duke.edu:AFLOWDATA/LIB3_WEB/AgAlTc_pv/TFCC008.BCA
Ag1Al2Tc1,aflow:f9ad143fc8e21f6f,,,-0.251995,14.8919,123,tP4,aflowlib.duke.edu:AFLOWDATA/LIB3_WEB/AgAlTc_pv/TBCC014.BCA
Ag1Al2Tc1,aflow:fbd5dd0c5f7bed07,,,-0.253713,14.9179,123,tP4,aflowlib.duke.edu:AFLOWDATA/LIB3_WEB/AgAlTc_pv/TBCC005.BCA
Ag1Al2Tc2,aflow:03e2466b11948aa0,,,0.344363,17.6983,139,tI10,aflowlib.duke.edu:AFLOWDATA/LIB3_WEB/AgAlTc_pv/T0011.CAB
Ag1Al2Tc2,aflow:e775cf7ee7980024,,,0.276409,17.1401,139,tI10,aflowlib.duke.edu:AFLOWDATA/LIB3_WEB/AgAlTc_pv/T0011.BAC
Ag1Al2Te1,aflow:00650b8b256ff69d,,,0.149264,20.9103,99,tP4,aflowlib.duke.edu:AFLOWDATA/LIB3_WEB/AgAlTe/TFCC007.BCA
Ag1Al2Te1,aflow:096330e761ec53c7,,,0.182957,21.0367,25,oP4,aflowlib.duke.edu:AFLOWDATA/LIB3_WEB/AgAlTe/TFCC005.BCA
Ag1Al2Te1,aflow:0e1455367df9ec24,,,0.241097,21.2476,119,tI8,aflowlib.duke.edu:AFLOWDATA/LIB3_WEB/AgAlTe/TFCC008.BCA
Ag1Al2Te1,aflow:1a2a9321bfde06af,,,0.2095,21.6743,47,oP4,aflowlib.duke.edu:AFLOWDATA/LIB3_WEB/AgAlTe/TBCC015.BCA
Ag1Al2Te1,aflow:24040a18f1828c33,,,0.209789,21.9032,123,tP4,aflowlib.duke.edu:AFLOWDATA/LIB3_WEB/AgAlTe/TFCC016.BCA
Ag1Al2Te1,aflow:2f958e1168340a07,,,0.0399068,22.868,8,mS8,aflowlib.duke.edu:AFLOWDATA/LIB3_WEB/AgAlTe/TFCC006.BCA
Ag1Al2Te1,aflow:37dfcbe5b917dd38,,,0.205402,21.3275,123,tP4,aflowlib.duke.edu:AFLOWDATA/LIB3_WEB/AgAlTe/TBCC016.BCA
Ag1Al2Te1,aflow:43ca839a97a2ec9d,,,0.128334,21.8451,12,mS8,aflowlib.duke.edu:AFLOWDATA/LIB3_WEB/AgAlTe/TBCC014.BCA
Ag1Al2Te1,aflow:46c21f985e3b8029,,,0.0536456,21.2335,6,mP4,aflowlib.duke.edu:AFLOWDATA/LIB3_WEB/AgAlTe/TBCC005.BCA
Ag1Al2Te1,aflow:4d7257722db3cbb4,,,0.0681038,22.4223,99,tP4,aflowlib.duke.edu:AFLOWDATA/LIB3_WEB/AgAlTe/TBCC006.BCA
Ag1Al2Te1,aflow:5f4a3d9a8e02bea5,,,0.191878,22.1617,71,oI8,aflowlib.duke.edu:AFLOWDATA/LIB3_WEB/AgAlTe/TBCC012.BCA
Ag1Al2Te1,aflow:639b64eec62e99c5,,,0.201656,21.9879,139,tI8,aflowlib.duke.edu:AFLOWDATA/LIB3_WEB/AgAlTe/TFCC013.BCA
Ag1Al2Te1,aflow:6f0d03d0113fe25b,,,0.163723,20.5989,123,tP4,aflowlib.duke.edu:AFLOWDATA/LIB3_WEB/AgAlTe/TBCC009.BCA
Ag1Al2Te1,aflow:7ca04363a2ba820c,,,0.287658,21.3607,225,cF16,aflowlib.duke.edu:AFLOWDATA/LIB3_WEB/AgAlTe/T0001.AB2C
Ag1Al2Te1,aflow:865caef94d72f411,,,0.0469618,21.8832,12,mS8,aflowlib.duke.edu:AFLOWDATA/LIB3_WEB/AgAlTe/TFCC011.BCA
Ag1Al2Te1,aflow:96f1fb4eb9addd38,,,0.164665,20.4708,123,tP4,aflowlib.duke.edu:AFLOWDATA/LIB3_WEB/AgAlTe/TFCC012.BCA
Ag1Al2Te1,aflow:b52a80120f7fa1d1,,,0.147244,21.019,35,oS8,aflowlib.duke.edu:AFLOWDATA/LIB3_WEB/AgAlTe/TBCC004.BCA
Ag1Al2Te1,aflow:cbbe2921d4a19343,,,0.272478,21.2273,10,mP4,aflowlib.duke.edu:AFLOWDATA/LIB3_WEB/AgAlTe/TBCC010.BCA
Ag1Al2Te1,aflow:d32989d0eee2e154,,,0.151507,20.7555,123,tP4,aflowlib.duke.edu:AFLOWDATA/LIB3_WEB/AgAlTe/TBCC011.BCA
Ag1Al2Te1,aflow:e8d886694c35cf45,,,0.240759,20.998,65,oS8,aflowlib.duke.edu:AFLOWDATA/LIB3_WEB/AgAlTe/TFCC015.BCA
Ag1Al2Te1,aflow:e9b1ec94131eda22,,,0.237951,21.4183,10,mP4,aflowlib.duke.edu:AFLOWDATA/LIB3_WEB/AgAlTe/TFCC014.BCA
Ag1Al2Te1,aflow:eb7bcec378dd15be,,,0.0369695,22.1347,166,hR4,aflowlib.duke.edu:AFLOWDATA/LIB3_WEB/AgAlTe/TFCC009.BCA
Ag1Al2Te1,aflow:f984c37569f45e72,,,0.202786,21.3094,44,oI8,aflowlib.duke.edu:AFLOWDATA/LIB3_WEB/AgAlTe/TBCC007.BCA
Ag1Al2Te1,aflow:fdcadf15625ae20f,,,0.296985,21.467,216,cF16,aflowlib.duke.edu:AFLOWDATA/LIB3_WEB/AgAlTe/T0002.AB2C
Ag1Al2Te2,aflow:181c43c5afaabfb0,,,0.230022,29.0986,139,tI10,aflowlib.duke.edu:AFLOWDATA/LIB3_WEB/AgAlTe/T0011.CAB
Ag1Al2Te2,aflow:d1d4171054e35472,,,-0.00635753,24.9155,139,tI10,aflowlib.duke.edu:AFLOWDATA/LIB3_WEB/AgAlTe/T0011.BAC
Ag1Al2Ti1,aflow:1316031508df596c,,,-0.10879,16.6221,99,tP4,aflowlib.duke.edu:AFLOWDATA/LIB3_WEB/AgAlTi_sv/TBCC006.BCA
Ag1Al2Ti1,aflow:241c006c9813f149,,,-0.176303,16.9807,10,mP4,aflowlib.duke.edu:AFLOWDATA/LIB3_WEB/AgAlTi_sv/TBCC010.BCA
Ag1Al2Ti1,aflow:260ba18014f99427,,,-0.253038,16.3878,123,tP4,aflowlib.duke.edu:AFLOWDATA/LIB3_WEB/AgAlTi_sv/TFCC012.BCA
Ag1Al2Ti1,aflow:2a9b0d55364013f9,,,-0.132948,16.5773,44,oI8,aflowlib.duke.edu:AFLOWDATA/LIB3_WEB/AgAlTi_sv/TBCC007.BCA
Ag1Al2Ti1,aflow:316c96fa7994c3df,,,-0.293408,16.2371,123,tP4,aflowlib.duke.edu:AFLOWDATA/LIB3_WEB/AgAlTi_sv/TFCC016.BCA
Ag1Al2Ti1,aflow:34a63b608855a289,,,-0.250165,16.3657,123,tP4,aflowlib.duke.edu:AFLOWDATA/LIB3_WEB/AgAlTi_sv/TBCC009.BCA
Ag1Al2Ti1,aflow:3eb72ec31a43ad24,,,-0.209425,16.7033,65,oS8,aflowlib.duke.edu:AFLOWDATA/LIB3_WEB/AgAlTi_sv/TBCC014.BCA
Ag1Al2Ti1,aflow:49b99d96104b06be,,,-0.13624,16.8606,10,mP4,aflowlib.duke.edu:AFLOWDATA/LIB3_WEB/AgAlTi_sv/TFCC014.BCA
Ag1Al2Ti1,aflow:5164c78cc3040f08,,,-0.1581,16.5149,119,tI8,aflowlib.duke.edu:AFLOWDATA/LIB3_WEB/AgAlTi_sv/TFCC008.BCA
Ag1Al2Ti1,aflow:526529137c5f16e1,,,-0.0689212,16.4548,225,cF16,aflowlib.duke.edu:AFLOWDATA/LIB3_WEB/AgAlTi_sv/T0001.AB2C
Ag1Al2Ti1,aflow:54b51da674f0f8ea,,,-0.108239,16.7208,99,tP4,aflowlib.duke.edu:AFLOWDATA/LIB3_WEB/AgAlTi_sv/TBCC004.BCA
Ag1Al2Ti1,aflow:8c0b15c5f8abfc39,,,-0.0722118,16.8196,12,mS8,aflowlib.duke.edu:AFLOWDATA/LIB3_WEB/AgAlTi_sv/TFCC011.BCA
Ag1Al2Ti1,aflow:8da2b33a3cf478ba,,,-0.210782,16.6495,65,oS8,aflowlib.duke.edu:AFLOWDATA/LIB3_WEB/AgAlTi_sv/TFCC015.BCA
Ag1Al2Ti1,aflow:9d38b01fc2ae7a39,,,-0.152148,16.6594,47,oP4,aflowlib.duke.edu:AFLOWDATA/LIB3_WEB/AgAlTi_sv/TFCC010.BCA
Ag1Al2Ti1,aflow:a191c606b799ba57,,,-0.108946,16.7309,99,tP4,aflowlib.duke.edu:AFLOWDATA/LIB3_WEB/AgAlTi_sv/TFCC007.BCA
Ag1Al2Ti1,aflow:a21436a5c67761c3,,,-0.292649,16.234,123,tP4,aflowlib.duke.edu:AFLOWDATA/LIB3_WEB/AgAlTi_sv/TBCC016.BCA
Ag1Al2Ti1,aflow:a53262db89a762da,,,-0.132944,16.6821,8,mS8,aflowlib.duke.edu:AFLOWDATA/LIB3_WEB/AgAlTi_sv/TFCC006.BCA
Ag1Al2Ti1,aflow:a8f14212715dbbc9,,,-0.0622467,16.914,71,oI8,aflowlib.duke.edu:AFLOWDATA/LIB3_WEB/AgAlTi_sv/TBCC012.BCA
Ag1Al2Ti1,aflow:b670c12000b3bc02,,,-0.156611,16.7543,38,oS8,aflowlib.duke.edu:AFLOWDATA/LIB3_WEB/AgAlTi_sv/TBCC005.BCA
Ag1Al2Ti1,aflow:c3f4696e2a7a89f0,,,-0.29143,16.2317,123,tP4,aflowlib.duke.edu:AFLOWDATA/LIB3_WEB/AgAlTi_sv/TBCC015.BCA
Ag1Al2Ti1,aflow:ca64cf223c889ee8,,,0.0054625,16.7387,216,cF16,aflowlib.duke.edu:AFLOWDATA/LIB3_WEB/AgAlTi_sv/T0002.AB2C
Ag1Al2Ti1,aflow:d1efd46b8c3ddffe,,,-0.252348,16.3709,123,tP4,aflowlib.duke.edu:AFLOWDATA/LIB3_WEB/AgAlTi_sv/TBCC011.BCA
Ag1Al2Ti1,aflow:ed84c1e33daef691,,,-0.061021,16.7698,160,hR4,aflowlib.duke.edu:AFLOWDATA/LIB3_WEB/AgAlTi_sv/TFCC004.BCA
Ag1Al2Ti1,aflow:f0a893a92d73df72,,,-0.0405785,16.9273,139,tI8,aflowlib.duke.edu:AFLOWDATA/LIB3_WEB/AgAlTi_sv/TFCC013.BCA
Ag1Al2Ti1,aflow:f0566ecafa7899fc,,,-0.12568,16.6803,25,oP4,aflowlib.duke.edu:AFLOWDATA/LIB3_WEB/AgAlTi_sv/TFCC005.BCA
Ag1Al2Ti1,aflow:f8a66c9a37a10757,,,-0.144328,16.6754,166,hR4,aflowlib.duke.edu:AFLOWDATA/LIB3_WEB/AgAlTi_sv/TFCC009.BCA
Ag1Al2Ti2,aflow:1923175c9b65811e,,,0.282839,18.1847,139,tI10,aflowlib.duke.edu:AFLOWDATA/LIB3_WEB/AgAlTi_sv/T0011.CAB
Ag1Al2Ti2,aflow:eee3dbb8718be897,,,0.269249,18.2936,139,tI10,aflowlib.duke.edu:AFLOWDATA/LIB3_WEB/AgAlTi_sv/T0011.BAC
Ag1Al2Tl1,aflow:0e69033baeb42478,,,0.169883,20.8416,8,mS8,aflowlib.duke.edu:AFLOWDATA/LIB3_WEB/AgAlTl_d/TFCC006.BCA
Ag1Al2Tl1,aflow:1ecad60e051fc9d3,,,0.12863,20.3753,99,tP4,aflowlib.duke.edu:AFLOWDATA/LIB3_WEB/AgAlTl_d/TFCC007.BCA
Ag1Al2Tl1,aflow:274c5a4e35a4afde,,,0.244307,20.2561,139,tI8,aflowlib.duke.edu:AFLOWDATA/LIB3_WEB/AgAlTl_d/TFCC013.BCA
Ag1Al2Tl1,aflow:2f78191faf065ad2,,,0.253842,20.711,47,oP4,aflowlib.duke.edu:AFLOWDATA/LIB3_WEB/AgAlTl_d/TBCC015.BCA
Ag1Al2Tl1,aflow:304b068c033a23a1,,,0.297976,20.8007,123,tP4,aflowlib.duke.edu:AFLOWDATA/LIB3_WEB/AgAlTl_d/TBCC016.BCA
Ag1Al2Tl1,aflow:31043ec89857fe8c,,,0.210269,20.9048,71,oI8,aflowlib.duke.edu:AFLOWDATA/LIB3_WEB/AgAlTl_d/TBCC012.BCA
Ag1Al2Tl1,aflow:35bff0f89baeff5a,,,0.162166,20.5451,123,tP4,aflowlib.duke.edu:AFLOWDATA/LIB3_WEB/AgAlTl_d/TBCC011.BCA
Ag1Al2Tl1,aflow:3f662970d583334c,,,0.182746,21.2376,47,oP4,aflowlib.duke.edu:AFLOWDATA/LIB3_WEB/AgAlTl_d/TFCC010.BCA
Ag1Al2Tl1,aflow:5c25b71b62ebd59d,,,0.24033,20.3152,119,tI8,aflowlib.duke.edu:AFLOWDATA/LIB3_WEB/AgAlTl_d/TFCC008.BCA
Ag1Al2Tl1,aflow:5fb55b076b7b6e43,,,0.138649,20.434,160,hR4,aflowlib.duke.edu:AFLOWDATA/LIB3_WEB/AgAlTl_d/TFCC004.BCA
Ag1Al2Tl1,aflow:69bb3725bec0277b,,,0.221626,20.1299,10,mP4,aflowlib.duke.edu:AFLOWDATA/LIB3_WEB/AgAlTl_d/TFCC014.BCA
Ag1Al2Tl1,aflow:6a472aefb38f0aa7,,,0.277217,20.9096,216,cF16,aflowlib.duke.edu:AFLOWDATA/LIB3_WEB/AgAlTl_d/T0002.AB2C
Ag1Al2Tl1,aflow:76121c98120f6989,,,0.235278,21.1428,65,oS8,aflowlib.duke.edu:AFLOWDATA/LIB3_WEB/AgAlTl_d/TBCC009.BCA
Ag1Al2Tl1,aflow:8130e98112a94a51,,,0.189582,20.3761,166,hR4,aflowlib.duke.edu:AFLOWDATA/LIB3_WEB/AgAlTl_d/TFCC009.BCA
Ag1Al2Tl1,aflow:8ef6d018953b4631,,,0.125524,20.291,99,tP4,aflowlib.duke.edu:AFLOWDATA/LIB3_WEB/AgAlTl_d/TBCC006.BCA
Ag1Al2Tl1,aflow:9504b41873927536,,,0.152103,20.7464,6,mP4,aflowlib.duke.edu:AFLOWDATA/LIB3_WEB/AgAlTl_d/TBCC005.BCA
Ag1Al2Tl1,aflow:a1458c22b6e224f6,,,0.15948,20.6895,12,mS8,aflowlib.duke.edu:AFLOWDATA/LIB3_WEB/AgAlTl_d/TFCC011.BCA
Ag1Al2Tl1,aflow:a202b67c5d83a180,,,0.293029,20.7972,225,cF16,aflowlib.duke.edu:AFLOWDATA/LIB3_WEB/AgAlTl_d/T0001.AB2C
Ag1Al2Tl1,aflow:ad91534c110ca55d,,,0.125038,20.3253,35,oS8,aflowlib.duke.edu:AFLOWDATA/LIB3_WEB/AgAlTl_d/TBCC004.BCA
Ag1Al2Tl1,aflow:b077ef83d636069b,,,0.224401,20.7571,44,oI8,aflowlib.duke.edu:AFLOWDATA/LIB3_WEB/AgAlTl_d/TBCC007.BCA
Ag1Al2Tl1,aflow:b63b59b5a717bcf8,,,0.160714,20.5439,123,tP4,aflowlib.duke.edu:AFLOWDATA/LIB3_WEB/AgAlTl_d/TFCC012.BCA
Ag1Al2Tl1,aflow:b6412efe936a9837,,,0.247565,20.2848,65,oS8,aflowlib.duke.edu:AFLOWDATA/LIB3_WEB/AgAlTl_d/TFCC015.BCA
Ag1Al2Tl1,aflow:def95924bede80e0,,,0.245175,20.4853,123,tP4,aflowlib.duke.edu:AFLOWDATA/LIB3_WEB/AgAlTl_d/TFCC016.BCA
Ag1Al2Tl1,aflow:e02a695acecebf19,,,0.24201,20.7439,12,mS8,aflowlib.duke.edu:AFLOWDATA/LIB3_WEB/AgAlTl_d/TBCC014.BCA
Ag1Al2Tl1,aflow:e3edbe0358d77879,,,0.152201,20.771,25,oP4,aflowlib.duke.edu:AFLOWDATA/LIB3_WEB/AgAlTl_d/TFCC005.BCA
Ag1Al2Tl1,aflow:fe3f9f1e3690f948,,,0.232439,21.0926,10,mP4,aflowlib.duke.edu:AFLOWDATA/LIB3_WEB/AgAlTl_d/TBCC010.BCA
Ag1Al2Tl2,aflow:bb9a3e373ae64ce4,,,0.278997,24.3787,139,tI10,aflowlib.duke.edu:AFLOWDATA/LIB3_WEB/AgAlTl_d/T0011.CAB
Ag1Al2Tl2,aflow:ce160576179b72cd,,,0.436763,25.2103,139,tI10,aflowlib.duke.edu:AFLOWDATA/LIB3_WEB/AgAlTl_d/T0011.BAC
Ag1Al2V1,aflow:11d7f5be96b77263,,,-0.139578,15.4474,123,tP4,aflowlib.duke.edu:AFLOWDATA/LIB3_WEB/AgAlV_sv/TFCC012.BCA
Ag1Al2V1,aflow:164c03142c8437a6,,,-0.073523,15.6047,166,hR4,aflowlib.duke.edu:AFLOWDATA/LIB3_WEB/AgAlV_sv/TFCC009.BCA
Ag1Al2V1,aflow:170cdd93ff89bda5,,,0.0307335,15.6725,25,oP4,aflowlib.duke.edu:AFLOWDATA/LIB3_WEB/AgAlV_sv/TFCC005.BCA
Ag1Al2V1,aflow:186b04d97a9a01b3,,,-0.04936,15.4186,6,mP4,aflowlib.duke.edu:AFLOWDATA/LIB3_WEB/AgAlV_sv/TBCC005.BCA
Ag1Al2V1,aflow:1fc865c6b300850a,,,0.037484,15.6843,225,cF16,aflowlib.duke.edu:AFLOWDATA/LIB3_WEB/AgAlV_sv/TBCC013.BCA
Ag1Al2V1,aflow:36e35fd51395669a,,,-0.0065215,15.6495,119,tI8,aflowlib.duke.edu:AFLOWDATA/LIB3_WEB/AgAlV_sv/TFCC008.BCA
Ag1Al2V1,aflow:37d45dcdc7bf9aa9,,,-0.0507795,15.5292,8,mS8,aflowlib.duke.edu:AFLOWDATA/LIB3_WEB/AgAlV_sv/TFCC006.BCA
Ag1Al2V1,aflow:42b09a50552fad65,,,0.0952165,15.5359,99,tP4,aflowlib.duke.edu:AFLOWDATA/LIB3_WEB/AgAlV_sv/TBCC006.BCA
Ag1Al2V1,aflow:43982e5e682fbdd4,,,0.0384363,15.6544,139,tI8,aflowlib.duke.edu:AFLOWDATA/LIB3_WEB/AgAlV_sv/TFCC013.BCA
Ag1Al2V1,aflow:56203ff265fc35bd,,,0.137835,16.0703,216,cF16,aflowlib.duke.edu:AFLOWDATA/LIB3_WEB/AgAlV_sv/TBCC008.BCA
Ag1Al2V1,aflow:6a0dc972259aa0cc,,,-0.140184,15.405,65,oS8,aflowlib.duke.edu:AFLOWDATA/LIB3_WEB/AgAlV_sv/TBCC009.BCA
Ag1Al2V1,aflow:6edfb10b5715a8db,,,0.137863,16.0791,216,cF16,aflowlib.duke.edu:AFLOWDATA/LIB3_WEB/AgAlV_sv/T0002.AB2C
Ag1Al2V1,aflow:72e1b31727f78b98,,,0.0401648,15.7329,35,oS8,aflowlib.duke.edu:AFLOWDATA/LIB3_WEB/AgAlV_sv/TBCC004.BCA
Ag1Al2V1,aflow:82c5b0f15ccf5ec9,,,0.0375633,15.6988,225,cF16,aflowlib.duke.edu:AFLOWDATA/LIB3_WEB/AgAlV_sv/T0001.AB2C
Ag1Al2V1,aflow:8d149dd6585432ee,,,-0.0534527,15.3915,47,oP4,aflowlib.duke.edu:AFLOWDATA/LIB3_WEB/AgAlV_sv/TFCC010.BCA
Ag1Al2V1,aflow:8d9b9e5ce5efb5d8,,,0.048074,15.7947,12,mS8,aflowlib.duke.edu:AFLOWDATA/LIB3_WEB/AgAlV_sv/TFCC011.BCA
Ag1Al2V1,aflow:8e479a09b07fbb35,,,-0.097868,15.4786,65,oS8,aflowlib.duke.edu:AFLOWDATA/LIB3_WEB/AgAlV_sv/TFCC015.BCA
Ag1Al2V1,aflow:90e9dfd56c1ae196,,,-0.110157,15.2803,123,tP4,aflowlib.duke.edu:AFLOWDATA/LIB3_WEB/AgAlV_sv/TFCC016.BCA
Ag1Al2V1,aflow:90ae8aec1b826aaa,,,0.102869,16.1193,71,oI8,aflowlib.duke.edu:AFLOWDATA/LIB3_WEB/AgAlV_sv/TBCC012.BCA
Ag1Al2V1,aflow:9fbdd8a749f3f3d1,,,0.0408413,15.7167,99,tP4,aflowlib.duke.edu:AFLOWDATA/LIB3_WEB/AgAlV_sv/TFCC007.BCA
Ag1Al2V1,aflow:a3e8bb122acd5981,,,-0.0541477,15.5119,47,oP4,aflowlib.duke.edu:AFLOWDATA/LIB3_WEB/AgAlV_sv/TBCC010.BCA
Ag1Al2V1,aflow:a7615c008fc98477,,,0.0518153,15.7346,160,hR4,aflowlib.duke.edu:AFLOWDATA/LIB3_WEB/AgAlV_sv/TFCC004.BCA
Ag1Al2V1,aflow:c4b7771cea39f693,,,-0.139615,15.4664,123,tP4,aflowlib.duke.edu:AFLOWDATA/LIB3_WEB/AgAlV_sv/TBCC011.BCA
Ag1Al2V1,aflow:c445b4092d29746f,,,-0.110093,15.2236,123,tP4,aflowlib.duke.edu:AFLOWDATA/LIB3_WEB/AgAlV_sv/TBCC016.BCA
Ag1Al2V1,aflow:c684e66922fef9bb,,,-0.109941,15.238,123,tP4,aflowlib.duke.edu:AFLOWDATA/LIB3_WEB/AgAlV_sv/TBCC015.BCA
Ag1Al2V1,aflow:c9332725c6c23a6d,,,-0.010377,15.6148,10,mP4,aflowlib.duke.edu:AFLOWDATA/LIB3_WEB/AgAlV_sv/TFCC014.BCA
Ag1Al2V1,aflow:f3313f17cfd7a154,,,0.0030565,15.5997,44,oI8,aflowlib.duke.edu:AFLOWDATA/LIB3_WEB/AgAlV_sv/TBCC007.BCA
Ag1Al2V1,aflow:fdd3597fa60dcb92,,,0.002938,15.5286,12,mS8,aflowlib.duke.edu:AFLOWDATA/LIB3_WEB/AgAlV_sv/TBCC014.BCA
Ag1Al2V2,aflow:77033d52cb841c36,,,0.319443,16.5095,139,tI10,aflowlib.duke.edu:AFLOWDATA/LIB3_WEB/AgAlV_sv/T0011.BAC
Ag1Al2V2,aflow:7b7faaf9d811407a,,,0.407682,16.7572,139,tI10,aflowlib.duke.edu:AFLOWDATA/LIB3_WEB/AgAlV_sv/T0011.CAB
Ag1Al2W1,aflow:11f3e3b9c2ceb228,,,0.022003,16.1138,65,oS8,aflowlib.duke.edu:AFLOWDATA/LIB3_WEB/AgAlW_pv/TBCC009.BCA
Ag1Al2W1,aflow:156c4f708a67fe13,,,0.132512,16.2586,12,mS8,aflowlib.duke.edu:AFLOWDATA/LIB3_WEB/AgAlW_pv/TFCC011.BCA
Ag1Al2W1,aflow:207945fa763a568d,,,0.00356775,15.9036,65,oS8,aflowlib.duke.edu:AFLOWDATA/LIB3_WEB/AgAlW_pv/TFCC015.BCA
Ag1Al2W1,aflow:23fe0159b74efd11,,,0.515051,16.2562,216,cF16,aflowlib.duke.edu:AFLOWDATA/LIB3_WEB/AgAlW_pv/T0002.AB2C
Ag1Al2W1,aflow:3aa0e723146a2e09,,,0.184102,16.2237,99,tP4,aflowlib.duke.edu:AFLOWDATA/LIB3_WEB/AgAlW_pv/TFCC007.BCA
Ag1Al2W1,aflow:419658b7144eaae1,,,0.0886405,15.5508,123,tP4,aflowlib.duke.edu:AFLOWDATA/LIB3_WEB/AgAlW_pv/TFCC016.BCA
Ag1Al2W1,aflow:4994a012ec041bfd,,,0.0875473,15.5814,123,tP4,aflowlib.duke.edu:AFLOWDATA/LIB3_WEB/AgAlW_pv/TBCC015.BCA
Ag1Al2W1,aflow:51501874530fc345,,,0.0065395,16.177,166,hR4,aflowlib.duke.edu:AFLOWDATA/LIB3_WEB/AgAlW_pv/TFCC009.BCA
Ag1Al2W1,aflow:5b166c634fc68eee,,,0.202522,16.0977,71,oI8,aflowlib.duke.edu:AFLOWDATA/LIB3_WEB/AgAlW_pv/TBCC012.BCA
Ag1Al2W1,aflow:5f91715f9f91e9f0,,,0.273826,16.1493,99,tP4,aflowlib.duke.edu:AFLOWDATA/LIB3_WEB/AgAlW_pv/TBCC006.BCA
Ag1Al2W1,aflow:61f166304942c758,,,0.0614063,15.943,47,oP4,aflowlib.duke.edu:AFLOWDATA/LIB3_WEB/AgAlW_pv/TFCC010.BCA
Ag1Al2W1,aflow:669e888a73ba1dbd,,,0.147264,16.2801,160,hR4,aflowlib.duke.edu:AFLOWDATA/LIB3_WEB/AgAlW_pv/TFCC004.BCA
Ag1Al2W1,aflow:6a12c42f677524bc,,,0.235071,15.7028,225,cF16,aflowlib.duke.edu:AFLOWDATA/LIB3_WEB/AgAlW_pv/T0001.AB2C
Ag1Al2W1,aflow:72473b5605bd4829,,,0.181379,16.0105,25,oP4,aflowlib.duke.edu:AFLOWDATA/LIB3_WEB/AgAlW_pv/TFCC005.BCA
Ag1Al2W1,aflow:747a113e154163cf,,,0.235022,15.703,225,cF16,aflowlib.duke.edu:AFLOWDATA/LIB3_WEB/AgAlW_pv/TBCC013.BCA
Ag1Al2W1,aflow:7f17f25b26cb3bbc,,,0.10359,15.9315,123,tP4,aflowlib.duke.edu:AFLOWDATA/LIB3_WEB/AgAlW_pv/TBCC011.BCA
Ag1Al2W1,aflow:812ace859c21b48b,,,0.121455,15.9678,44,oI8,aflowlib.duke.edu:AFLOWDATA/LIB3_WEB/AgAlW_pv/TBCC007.BCA
Ag1Al2W1,aflow:82ff2d3f6ae2c711,,,0.035697,15.7844,123,tP4,aflowlib.duke.edu:AFLOWDATA/LIB3_WEB/AgAlW_pv/TBCC016.BCA
Ag1Al2W1,aflow:8ad865efeae4d584,,,0.121622,15.7917,119,tI8,aflowlib.duke.edu:AFLOWDATA/LIB3_WEB/AgAlW_pv/TFCC008.BCA
Ag1Al2W1,aflow:8b23ac9bf0076b86,,,0.0390207,15.8384,25,oP4,aflowlib.duke.edu:AFLOWDATA/LIB3_WEB/AgAlW_pv/TBCC005.BCA
Ag1Al2W1,aflow:9126f6938ec9289e,,,0.109323,16.1557,12,mS8,aflowlib.duke.edu:AFLOWDATA/LIB3_WEB/AgAlW_pv/TBCC014.BCA
Ag1Al2W1,aflow:93bb848bfefadadb,,,0.101037,16.0961,10,mP4,aflowlib.duke.edu:AFLOWDATA/LIB3_WEB/AgAlW_pv/TFCC014.BCA
Ag1Al2W1,aflow:b3be3f7092905e1b,,,0.515041,16.2713,216,cF16,aflowlib.duke.edu:AFLOWDATA/LIB3_WEB/AgAlW_pv/TBCC008.BCA
Ag1Al2W1,aflow:cb67d4d339a31a38,,,0.023542,15.9306,8,mS8,aflowlib.duke.edu:AFLOWDATA/LIB3_WEB/AgAlW_pv/TFCC006.BCA
Ag1Al2W1,aflow:cbd2dc03fda6129d,,,0.0867588,16.2475,10,mP4,aflowlib.duke.edu:AFLOWDATA/LIB3_WEB/AgAlW_pv/TBCC010.BCA
Ag1Al2W1,aflow:db930e2e4031f3ae,,,0.21943,15.8855,139,tI8,aflowlib.duke.edu:AFLOWDATA/LIB3_WEB/AgAlW_pv/TFCC013.BCA
Ag1Al2W1,aflow:f22430804a2ae7d8,,,0.18391,16.2228,35,oS8,aflowlib.duke.edu:AFLOWDATA/LIB3_WEB/AgAlW_pv/TBCC004.BCA
Ag1Al2W1,aflow:fb74c224552d1fc7,,,0.0480818,16.1007,123,tP4,aflowlib.duke.edu:AFLOWDATA/LIB3_WEB/AgAlW_pv/TFCC012.BCA
Ag1Al2W2,aflow:4fc15249a6f7bb3c,,,0.719921,17.4138,139,tI10,aflowlib.duke.edu:AFLOWDATA/LIB3_WEB/AgAlW_pv/T0011.CAB
Ag1Al2W2,aflow:bdcbf6e7197898f9,,,0.533552,18.236,139,tI10,aflowlib.duke.edu:AFLOWDATA/LIB3_WEB/AgAlW_pv/T0011.BAC
Ag1Al2Y1,aflow:1340309eb7d75265,,,-0.213645,20.0984,99,tP4,aflowlib.duke.edu:AFLOWDATA/LIB3_WEB/AgAlY_sv/TBCC006.BCA
Ag1Al2Y1,aflow:2207def7c2bd9cb0,,,-0.310515,20.1917,123,tP4,aflowlib.duke.edu:AFLOWDATA/LIB3_WEB/AgAlY_sv/TFCC015.BCA
Ag1Al2Y1,aflow:2591b767bd579050,,,0.019529,20.8318,166,hR4,aflowlib.duke.edu:AFLOWDATA/LIB3_WEB/AgAlY_sv/TFCC009.BCA
Ag1Al2Y1,aflow:2ebbc72c30ed2d3d,,,-0.309927,20.1784,123,tP4,aflowlib.duke.edu:AFLOWDATA/LIB3_WEB/AgAlY_sv/TFCC016.BCA
Ag1Al2Y1,aflow:3b3d1773bea1360c,,,-0.310177,20.1442,123,tP4,aflowlib.duke.edu:AFLOWDATA/LIB3_WEB/AgAlY_sv/TBCC014.BCA
Ag1Al2Y1,aflow:4a6a28984e16cec3,,,-0.234092,19.874,216,cF16,aflowlib.duke.edu:AFLOWDATA/LIB3_WEB/AgAlY_sv/TBCC008.BCA
Ag1Al2Y1,aflow:5bd0896824cd9192,,,0.0363488,20.5291,160,hR4,aflowlib.duke.edu:AFLOWDATA/LIB3_WEB/AgAlY_sv/TFCC004.BCA
Ag1Al2Y1,aflow:6079a123b4a78859,,,-0.211133,20.0492,99,tP4,aflowlib.duke.edu:AFLOWDATA/LIB3_WEB/AgAlY_sv/TBCC004.BCA
Ag1Al2Y1,aflow:66c95a8bcbde00f6,,,-0.194408,19.8791,225,cF16,aflowlib.duke.edu:AFLOWDATA/LIB3_WEB/AgAlY_sv/T0001.AB2C
Ag1Al2Y1,aflow:6b534baaa9dfc742,,,-0.234219,19.9482,216,cF16,aflowlib.duke.edu:AFLOWDATA/LIB3_WEB/AgAlY_sv/T0002.AB2C
Ag1Al2Y1,aflow:6b100c47f8fdf22f,,,-0.239729,21.5073,6,mP4,aflowlib.duke.edu:AFLOWDATA/LIB3_WEB/AgAlY_sv/TBCC005.BCA
Ag1Al2Y1,aflow:7cb0c38bc2752bea,,,-0.313345,21.3029,166,hR4,aflowlib.duke.edu:AFLOWDATA/LIB3_WEB/AgAlY_sv/TFCC011.BCA
Ag1Al2Y1,aflow:89a7b79b0c6eb512,,,-0.112082,20.7777,71,oI8,aflowlib.duke.edu:AFLOWDATA/LIB3_WEB/AgAlY_sv/TBCC012.BCA
Ag1Al2Y1,aflow:97da344e3566ce72,,,-0.234373,20.3199,119,tI8,aflowlib.duke.edu:AFLOWDATA/LIB3_WEB/AgAlY_sv/TFCC008.BCA
Ag1Al2Y1,aflow:a44eb5304fe0e6ee,,,-0.23322,20.3391,44,oI8,aflowlib.duke.edu:AFLOWDATA/LIB3_WEB/AgAlY_sv/TBCC007.BCA
Ag1Al2Y1,aflow:a58fdb235e2868ed,,,-0.265232,21.4022,10,mP4,aflowlib.duke.edu:AFLOWDATA/LIB3_WEB/AgAlY_sv/TBCC010.BCA
Ag1Al2Y1,aflow:ac25b6d974b8a9c9,,,-0.193084,19.8816,139,tI8,aflowlib.duke.edu:AFLOWDATA/LIB3_WEB/AgAlY_sv/TFCC013.BCA
Ag1Al2Y1,aflow:b2dab89195b75820,,,-0.232089,19.851,123,tP4,aflowlib.duke.edu:AFLOWDATA/LIB3_WEB/AgAlY_sv/TBCC009.BCA
Ag1Al2Y1,aflow:b5b0317913554a57,,,-0.231803,19.7996,123,tP4,aflowlib.duke.edu:AFLOWDATA/LIB3_WEB/AgAlY_sv/TFCC012.BCA
Ag1Al2Y1,aflow:b830d095b1451f94,,,-0.311988,20.1919,123,tP4,aflowlib.duke.edu:AFLOWDATA/LIB3_WEB/AgAlY_sv/TBCC015.BCA
Ag1Al2Y1,aflow:b923ea0ee9a2ea79,,,-0.311047,20.1524,123,tP4,aflowlib.duke.edu:AFLOWDATA/LIB3_WEB/AgAlY_sv/TFCC014.BCA
Ag1Al2Y1,aflow:c578f4a724e40512,,,-0.229779,19.7867,123,tP4,aflowlib.duke.edu:AFLOWDATA/LIB3_WEB/AgAlY_sv/TFCC010.BCA
Ag1Al2Y1,aflow:ce03b7f2a2715220,,,-0.309938,20.1815,123,tP4,aflowlib.duke.edu:AFLOWDATA/LIB3_WEB/AgAlY_sv/TBCC016.BCA
Ag1Al2Y1,aflow:cf2813556a153f99,,,-0.230425,19.8479,123,tP4,aflowlib.duke.edu:AFLOWDATA/LIB3_WEB/AgAlY_sv/TBCC011.BCA
Ag1Al2Y1,aflow:d65cf04884cbd573,,,-0.186537,21.0438,8,mS8,aflowlib.duke.edu:AFLOWDATA/LIB3_WEB/AgAlY_sv/TFCC006.BCA
Ag1Al2Y1,aflow:ebb1ea4d0acdcb5c,,,-0.194403,19.8812,225,cF16,aflowlib.duke.edu:AFLOWDATA/LIB3_WEB/AgAlY_sv/TBCC013.BCA
Ag1Al2Y1,aflow:ec494b69c8fbdfd3,,,-0.213096,20.0837,99,tP4,aflowlib.duke.edu:AFLOWDATA/LIB3_WEB/AgAlY_sv/TFCC007.BCA
Ag1Al2Y1,aflow:fe338e8e8412e8e8,,,-0.212336,20.0906,25,oP4,aflowlib.duke.edu:AFLOWDATA/LIB3_WEB/AgAlY_sv/TFCC005.BCA
Ag1Al2Y2,aflow:3574449ad0e5bc7d,,,0.313984,26.4099,139,tI10,aflowlib.duke.edu:AFLOWDATA/LIB3_WEB/AgAlY_sv/T0011.BAC
Ag1Al2Y2,aflow:40d4a407c79c22f0,,,-0.0881094,24.5507,139,tI10,aflowlib.duke.edu:AFLOWDATA/LIB3_WEB/AgAlY_sv/T0011.CAB
Ag1Al2Zn1,aflow:2f7745758b5cd5fc,,,0.093602,16.7895,123,tP4,aflowlib.duke.edu:AFLOWDATA/LIB3_WEB/AgAlZn/TBCC011.BCA
Ag1Al2Zn1,aflow:302992eb8b930660,,,0.0580608,17.0405,71,oI8,aflowlib.duke.edu:AFLOWDATA/LIB3_WEB/AgAlZn/TBCC012.BCA
Ag1Al2Zn1,aflow:33b7234729ae4893,,,0.116891,17.0169,225,cF16,aflowlib.duke.edu:AFLOWDATA/LIB3_WEB/AgAlZn/TBCC013.BCA
Ag1Al2Zn1,aflow:431f217ef36b9f34,,,0.0177198,16.7096,65,oS8,aflowlib.duke.edu:AFLOWDATA/LIB3_WEB/AgAlZn/TFCC015.BCA
Ag1Al2Zn1,aflow:43aef26edf8dbee8,,,-0.0102118,16.5609,12,mS8,aflowlib.duke.edu:AFLOWDATA/LIB3_WEB/AgAlZn/TFCC011.BCA
Ag1Al2Zn1,aflow:4f538495c4f1a9b3,,,0.023186,16.6828,119,tI8,aflowlib.duke.edu:AFLOWDATA/LIB3_WEB/AgAlZn/TFCC008.BCA
Ag1Al2Zn1,aflow:4f65e3b491c62e1a,,,0.139558,17.241,216,cF16,aflowlib.duke.edu:AFLOWDATA/LIB3_WEB/AgAlZn/TBCC008.BCA
Ag1Al2Zn1,aflow:5ebd53100e50e060,,,0.0121745,16.5993,47,oP4,aflowlib.duke.edu:AFLOWDATA/LIB3_WEB/AgAlZn/TFCC010.BCA
Ag1Al2Zn1,aflow:64cde98d7bc37130,,,0.139614,17.2023,216,cF16,aflowlib.duke.edu:AFLOWDATA/LIB3_WEB/AgAlZn/T0002.AB2C
Ag1Al2Zn1,aflow:719313adba9b1607,,,-0.0113743,16.4097,166,hR4,aflowlib.duke.edu:AFLOWDATA/LIB3_WEB/AgAlZn/TFCC009.BCA
Ag1Al2Zn1,aflow:7228a9f980655140,,,-0.00845175,16.5661,10,mP4,aflowlib.duke.edu:AFLOWDATA/LIB3_WEB/AgAlZn/TFCC014.BCA
Ag1Al2Zn1,aflow:7782b5a1b2d09b4f,,,0.0440063,17.0911,10,mP4,aflowlib.duke.edu:AFLOWDATA/LIB3_WEB/AgAlZn/TBCC010.BCA
Ag1Al2Zn1,aflow:7a71ac42eae65125,,,0.0193553,16.5591,123,tP4,aflowlib.duke.edu:AFLOWDATA/LIB3_WEB/AgAlZn/TFCC012.BCA
Ag1Al2Zn1,aflow:8bc1fb977a1cc8c8,,,0.0441368,17.0521,12,mS8,aflowlib.duke.edu:AFLOWDATA/LIB3_WEB/AgAlZn/TBCC014.BCA
Ag1Al2Zn1,aflow:9412fb9249a8dd4d,,,0.101754,17.004,47,oP4,aflowlib.duke.edu:AFLOWDATA/LIB3_WEB/AgAlZn/TBCC015.BCA
Ag1Al2Zn1,aflow:956f92adc35e3f5b,,,-0.024022,16.4428,160,hR4,aflowlib.duke.edu:AFLOWDATA/LIB3_WEB/AgAlZn/TFCC004.BCA
Ag1Al2Zn1,aflow:960e87350f17d253,,,0.0535508,16.9891,44,oI8,aflowlib.duke.edu:AFLOWDATA/LIB3_WEB/AgAlZn/TBCC007.BCA
Ag1Al2Zn1,aflow:9b8778d701fa74b4,,,0.0206435,16.642,25,oP4,aflowlib.duke.edu:AFLOWDATA/LIB3_WEB/AgAlZn/TBCC005.BCA
Ag1Al2Zn1,aflow:9d67a79cbe48128e,,,0.00188075,16.501,35,oS8,aflowlib.duke.edu:AFLOWDATA/LIB3_WEB/AgAlZn/TBCC004.BCA
Ag1Al2Zn1,aflow:a7fc1e32d875f6d4,,,0.0624195,17.0153,65,oS8,aflowlib.duke.edu:AFLOWDATA/LIB3_WEB/AgAlZn/TBCC009.BCA
Ag1Al2Zn1,aflow:add439153084df8c,,,-0.00255,16.4738,25,oP4,aflowlib.duke.edu:AFLOWDATA/LIB3_WEB/AgAlZn/TFCC005.BCA
Ag1Al2Zn1,aflow:b25901fd0243fc31,,,0.116928,16.959,225,cF16,aflowlib.duke.edu:AFLOWDATA/LIB3_WEB/AgAlZn/T0001.AB2C
Ag1Al2Zn1,aflow:c2dedecb8670b864,,,0.0020095,16.6566,8,mS8,aflowlib.duke.edu:AFLOWDATA/LIB3_WEB/AgAlZn/TFCC006.BCA
Ag1Al2Zn1,aflow:c469c7c27cb895df,,,0.0225628,16.663,139,tI8,aflowlib.duke.edu:AFLOWDATA/LIB3_WEB/AgAlZn/TFCC013.BCA
Ag1Al2Zn1,aflow:c61600de6713889f,,,-0.0059465,16.489,99,tP4,aflowlib.duke.edu:AFLOWDATA/LIB3_WEB/AgAlZn/TFCC007.BCA
Ag1Al2Zn1,aflow:e6e44791db6df576,,,0.0623483,16.0053,99,tP4,aflowlib.duke.edu:AFLOWDATA/LIB3_WEB/AgAlZn/TBCC006.BCA
Ag1Al2Zn1,aflow:f84a2d57ba2986fc,,,0.105349,16.8965,123,tP4,aflowlib.duke.edu:AFLOWDATA/LIB3_WEB/AgAlZn/TBCC016.BCA
Ag1Al2Zn1,aflow:fd85e0203ba52e49,,,0.0291847,16.6753,123,tP4,aflowlib.duke.edu:AFLOWDATA/LIB3_WEB/AgAlZn/TFCC016.BCA
Ag1Al2Zn2,aflow:0ec8447f3dfb7b65,,,0.15319,17.8662,139,tI10,aflowlib.duke.edu:AFLOWDATA/LIB3_WEB/AgAlZn/T0011.CAB
Ag1Al2Zn2,aflow:af26c4af78018d65,,,0.162347,17.849,139,tI10,aflowlib.duke.edu:AFLOWDATA/LIB3_WEB/AgAlZn/T0011.BAC
Ag1Al2Zr1,aflow:0948aef587f35c89,,,-0.172925,18.232,25,oP4,aflowlib.duke.edu:AFLOWDATA/LIB3_WEB/AgAlZr_sv/TFCC005.BCA
Ag1Al2Zr1,aflow:0adba47765324352,,,-0.214288,18.5711,65,oS8,aflowlib.duke.edu:AFLOWDATA/LIB3_WEB/AgAlZr_sv/TFCC015.BCA
Ag1Al2Zr1,aflow:0ce6372baa37dada,,,-0.272915,17.914,123,tP4,aflowlib.duke.edu:AFLOWDATA/LIB3_WEB/AgAlZr_sv/TFCC010.BCA
Ag1Al2Zr1,aflow:0e56026f2ab29018,,,-0.215461,18.2566,119,tI8,aflowlib.duke.edu:AFLOWDATA/LIB3_WEB/AgAlZr_sv/TFCC008.BCA
Ag1Al2Zr1,aflow:11812a36b81310bf,,,-0.273456,17.8719,123,tP4,aflowlib.duke.edu:AFLOWDATA/LIB3_WEB/AgAlZr_sv/TBCC011.BCA
Ag1Al2Zr1,aflow:1552ba9511174d60,,,-0.272464,17.922,123,tP4,aflowlib.duke.edu:AFLOWDATA/LIB3_WEB/AgAlZr_sv/TBCC009.BCA
Ag1Al2Zr1,aflow:2a5159e52d3f2cd4,,,-0.186472,18.1003,99,tP4,aflowlib.duke.edu:AFLOWDATA/LIB3_WEB/AgAlZr_sv/TBCC004.BCA
Ag1Al2Zr1,aflow:2cbd6daeaad7a820,,,-0.375963,18.0118,47,oP4,aflowlib.duke.edu:AFLOWDATA/LIB3_WEB/AgAlZr_sv/TBCC015.BCA
Ag1Al2Zr1,aflow:392ac5782b55af5b,,,-0.113417,18.0325,139,tI8,aflowlib.duke.edu:AFLOWDATA/LIB3_WEB/AgAlZr_sv/TFCC013.BCA
Ag1Al2Zr1,aflow:4469c6f2e16f248d,,,-0.0412185,18.3157,216,cF16,aflowlib.duke.edu:AFLOWDATA/LIB3_WEB/AgAlZr_sv/T0002.AB2C
Ag1Al2Zr1,aflow:5d2a295ce11de8dd,,,-0.21076,18.327,6,mP4,aflowlib.duke.edu:AFLOWDATA/LIB3_WEB/AgAlZr_sv/TBCC005.BCA
Ag1Al2Zr1,aflow:62d44b82da21357d,,,-0.211858,18.6305,65,oS8,aflowlib.duke.edu:AFLOWDATA/LIB3_WEB/AgAlZr_sv/TBCC014.BCA
Ag1Al2Zr1,aflow:6ecd002296487cdb,,,-0.153658,18.463,8,mS8,aflowlib.duke.edu:AFLOWDATA/LIB3_WEB/AgAlZr_sv/TFCC006.BCA
Ag1Al2Zr1,aflow:7b7ddfee969a4095,,,-0.0697585,18.3665,160,hR4,aflowlib.duke.edu:AFLOWDATA/LIB3_WEB/AgAlZr_sv/TFCC004.BCA
Ag1Al2Zr1,aflow:8253834557ec6326,,,-0.113948,17.9827,225,cF16,aflowlib.duke.edu:AFLOWDATA/LIB3_WEB/AgAlZr_sv/TBCC013.BCA
Ag1Al2Zr1,aflow:8965c2b75b6a9488,,,-0.153213,18.6598,10,mP4,aflowlib.duke.edu:AFLOWDATA/LIB3_WEB/AgAlZr_sv/TFCC014.BCA
Ag1Al2Zr1,aflow:9468c9d04e6d7f0d,,,-0.0412028,18.3239,216,cF16,aflowlib.duke.edu:AFLOWDATA/LIB3_WEB/AgAlZr_sv/TBCC008.BCA
Ag1Al2Zr1,aflow:96a128dd34987452,,,-0.185474,18.1025,99,tP4,aflowlib.duke.edu:AFLOWDATA/LIB3_WEB/AgAlZr_sv/TBCC006.BCA
Ag1Al2Zr1,aflow:a7c729382d070be2,,,-0.215336,18.2308,44,oI8,aflowlib.duke.edu:AFLOWDATA/LIB3_WEB/AgAlZr_sv/TBCC007.BCA
Ag1Al2Zr1,aflow:aa205a0e6184c4c9,,,-0.18578,18.0581,99,tP4,aflowlib.duke.edu:AFLOWDATA/LIB3_WEB/AgAlZr_sv/TFCC007.BCA
Ag1Al2Zr1,aflow:aa40c4cef270569b,,,-0.376708,17.9701,123,tP4,aflowlib.duke.edu:AFLOWDATA/LIB3_WEB/AgAlZr_sv/TBCC016.BCA
Ag1Al2Zr1,aflow:af745fe4bf1290b1,,,-0.123599,18.543,166,hR4,aflowlib.duke.edu:AFLOWDATA/LIB3_WEB/AgAlZr_sv/TFCC009.BCA
Ag1Al2Zr1,aflow:b3d4314e43e4aaf6,,,-0.273175,17.8954,123,tP4,aflowlib.duke.edu:AFLOWDATA/LIB3_WEB/AgAlZr_sv/TFCC012.BCA
Ag1Al2Zr1,aflow:e9736f542cf9270d,,,-0.113936,17.9661,225,cF16,aflowlib.duke.edu:AFLOWDATA/LIB3_WEB/AgAlZr_sv/T0001.AB2C
Ag1Al2Zr1,aflow:ec92414b2a475e5c,,,-0.377499,17.9899,123,tP4,aflowlib.duke.edu:AFLOWDATA/LIB3_WEB/AgAlZr_sv/TFCC016.BCA
Ag1Al2Zr1,aflow:f1eb5e640183f2ac,,,-0.259533,18.9282,10,mP4,aflowlib.duke.edu:AFLOWDATA/LIB3_WEB/AgAlZr_sv/TBCC010.BCA
Ag1Al2Zr1,aflow:f27116352d798952,,,-0.109032,18.5024,12,mS8,aflowlib.duke.edu:AFLOWDATA/LIB3_WEB/AgAlZr_sv/TFCC011.BCA
Ag1Al2Zr1,aflow:f5d6a59e5fb2e7bd,,,-0.111839,18.553,71,oI8,aflowlib.duke.edu:AFLOWDATA/LIB3_WEB/AgAlZr_sv/TBCC012.BCA
Ag1Al2Zr2,aflow:0db23db6b096d4a8,,,0.132544,20.8901,139,tI10,aflowlib.duke.edu:AFLOWDATA/LIB3_WEB/AgAlZr_sv/T0011.CAB
Ag1Al2Zr2,aflow:f468fcf5f8278d24,,,0.315288,22.1336,139,tI10,aflowlib.duke.edu:AFLOWDATA/LIB3_WEB/AgAlZr_sv/T0011.BAC
Ag1Al3,aflow:0706b54d88215d09,,,0.0385828,16.9622,221,cP4,aflowlib.duke.edu:AFLOWDATA/LIB2_WEB/AgAl/f29
Ag1Al3,aflow:0a950300e2e21aec,,,-0.00398775,16.8018,12,mS8,aflowlib.duke.edu:AFLOWDATA/LIB2_WEB/AgAl/f23
Ag1Al3,aflow:0b13e02cc3c662a1,,,-0.0184388,16.7407,123,tP4,aflowlib.duke.edu:AFLOWDATA/LIB2_WEB/AgAl/76
Ag1Al3,aflow:1ad81d32b075f9b8,,,0.0497917,17.0619,44,oI8,aflowlib.duke.edu:AFLOWDATA/LIB2_WEB/AgAl/122
Ag1Al3,aflow:1d75b35e998d347a,,,-0.00469625,16.811,65,oS8,aflowlib.duke.edu:AFLOWDATA/LIB2_WEB/AgAl/11
Ag1Al3,aflow:225c1e9cb31c9127,,,-0.0239953,16.7488,12,mS8,aflowlib.duke.edu:AFLOWDATA/LIB2_WEB/AgAl/f21
Ag1Al3,aflow:2ee31a1e321e5c81,,,0.0523198,17.0713,25,oP4,aflowlib.duke.edu:AFLOWDATA/LIB2_WEB/AgAl/118
Ag1Al3,aflow:356b367810584a44,,,0.069469,17.4084,71,oI8,aflowlib.duke.edu:AFLOWDATA/LIB2_WEB/AgAl/542
Ag1Al3,aflow:3f07b97002d0137b,,,0.0386415,16.9675,221,cP4,aflowlib.duke.edu:AFLOWDATA/LIB2_WEB/AgAl/25
Ag1Al3,aflow:40400b0ff9f693c9,,,0.069468,17.4065,71,oI8,aflowlib.duke.edu:AFLOWDATA/LIB2_WEB/AgAl/79
Ag1Al3,aflow:44fe4e56e125d84a,,,0.0167002,16.8615,187,hP4,aflowlib.duke.edu:AFLOWDATA/LIB2_WEB/AgAl/125
Ag1Al3,aflow:518fa8a5a7bc3cbc,,,-0.00464275,16.81,65,oS8,aflowlib.duke.edu:AFLOWDATA/LIB2_WEB/AgAl/f27
Ag1Al3,aflow:652acd104ab8b4ba,,,0.747649,29.804,221,cP4,aflowlib.duke.edu:AFLOWDATA/LIB2_WEB/AgAl/289
Ag1Al3,aflow:7413b3250d02a3e1,,,0.00592225,16.8516,47,oP4,aflowlib.duke.edu:AFLOWDATA/LIB2_WEB/AgAl/f22
Ag1Al3,aflow:7699bd790a5f4bc1,,,-0.0180145,16.7559,123,tP4,aflowlib.duke.edu:AFLOWDATA/LIB2_WEB/AgAl/13
Ag1Al3,aflow:79f9b769238792b2,,,0.00591575,16.8515,47,oP4,aflowlib.duke.edu:AFLOWDATA/LIB2_WEB/AgAl/19
Ag1Al3,aflow:7ac280cef038dbb9,,,0.0090945,16.8517,10,mP4,aflowlib.duke.edu:AFLOWDATA/LIB2_WEB/AgAl/73
Ag1Al3,aflow:801ba50b6f8a0d65,,,0.119661,17.3732,166,hR4,aflowlib.duke.edu:AFLOWDATA/LIB2_WEB/AgAl/68
Ag1Al3,aflow:95bbc70e269b08fe,,,0.0304537,16.965,139,tI8,aflowlib.duke.edu:AFLOWDATA/LIB2_WEB/AgAl/22
Ag1Al3,aflow:998fb8f4d4fd48ce,,,0.0721247,17.078,65,oS8,aflowlib.duke.edu:AFLOWDATA/LIB2_WEB/AgAl/70
Ag1Al3,aflow:a51b3df7cf00ee3b,,,-0.0179255,16.7099,123,tP4,aflowlib.duke.edu:AFLOWDATA/LIB2_WEB/AgAl/f24
Ag1Al3,aflow:abb3f809047d3815,,,0.073222,17.4098,123,tP4,aflowlib.duke.edu:AFLOWDATA/LIB2_WEB/AgAl/82
Ag1Al3,aflow:bf902c37fcade370,,,-0.00644175,16.8327,12,mS8,aflowlib.duke.edu:AFLOWDATA/LIB2_WEB/AgAl/16
Ag1Al3,aflow:c2fe2a7b1d95b08c,,,0.030459,16.9525,139,tI8,aflowlib.duke.edu:AFLOWDATA/LIB2_WEB/AgAl/f25
Ag1Al3,aflow:d3f93b3cbce19111,,,0.132143,17.5306,225,cF16,aflowlib.duke.edu:AFLOWDATA/LIB2_WEB/AgAl/84
Ag1Al3,aflow:f086e12921d9c509,,,-0.0309538,16.8103,166,hR4,aflowlib.duke.edu:AFLOWDATA/LIB2_WEB/AgAl/27
Ag1Al4,aflow:3829f0c0ae77535f,,,0.343319,20.8606,229,cI10,aflowlib.duke.edu:AFLOWDATA/LIB2_WEB/AgAl/654.BA
Ag1Al4,aflow:5800422152999702,,,0.199729,19.1503,139,tI10,aflowlib.duke.edu:AFLOWDATA/LIB2_WEB/AgAl/202
Ag1Al4,aflow:655f5b2c95c7319b,,,-0.001893,16.8191,12,mS10,aflowlib.duke.edu:AFLOWDATA/LIB2_WEB/AgAl/f52
Ag1Al4,aflow:7903ca312c207cf6,,,0.0181882,16.8537,87,tI10,aflowlib.duke.edu:AFLOWDATA/LIB2_WEB/AgAl/285
Ag1Al4,aflow:7aedba8acea6ee7a,,,0.0182824,16.829,87,tI10,aflowlib.duke.edu:AFLOWDATA/LIB2_WEB/AgAl/f57
Ag1Al4,aflow:975805342f04c541,,,-0.0191782,16.6936,166,hR5,aflowlib.duke.edu:AFLOWDATA/LIB2_WEB/AgAl/f50
Ag1Al4,aflow:b7fd3ebd78e42ff9,,,-0.0109058,16.6611,139,tI10,aflowlib.duke.edu:AFLOWDATA/LIB2_WEB/AgAl/f53
Ag1Al4,aflow:b9e2624064202f59,,,0.006807,16.7692,71,oI10,aflowlib.duke.edu:AFLOWDATA/LIB2_WEB/AgAl/f51
Ag1Al4As1,aflow:f4aa1dcc87eba0f8,,,0.25123,18.1969,216,cF24,aflowlib.duke.edu:AFLOWDATA/LIB3_WEB/AgAlAs/T0010.BCA
Ag1Al4Au1,aflow:f47dd87c8571ac1e,,,0.153377,17.7524,216,cF24,aflowlib.duke.edu:AFLOWDATA/LIB3_WEB/AgAlAu/T0010.BCA
Ag1Al4B1,aflow:ab3986d9e1d39cff,,,0.776441,16.9957,216,cF24,aflowlib.duke.edu:AFLOWDATA/LIB3_WEB/AgAlB_h/T0010.BCA
Ag1Al4Ba1,aflow:9cc6d3c0dcff1116,,,0.0696668,22.6368,216,cF24,aflowlib.duke.edu:AFLOWDATA/LIB3_WEB/AgAlBa_sv/T0010.BCA
Ag1Al4Be1,aflow:c5bbd05132eb54a1,,,0.430174,17.1272,216,cF24,aflowlib.duke.edu:AFLOWDATA/LIB3_WEB/AgAlBe_sv/T0010.BCA
Ag1Al4Bi1,aflow:f9e972370f1ad3e6,,,0.218618,20.1435,216,cF24,aflowlib.duke.edu:AFLOWDATA/LIB3_WEB/AgAlBi_d/T0010.BCA
Ag1Al4Br1,aflow:d5b337d1f6d0072f,,,0.247162,20.3069,216,cF24,aflowlib.duke.edu:AFLOWDATA/LIB3_WEB/AgAlBr/T0010.BCA
Ag1Al4Ca1,aflow:50fc44342181bd1e,,,-0.051848,19.9533,216,cF24,aflowlib.duke.edu:AFLOWDATA/LIB3_WEB/AgAlCa_sv/T0010.BCA
Ag1Al4Cd1,aflow:e962d2e3670580b7,,,0.191482,18.9097,216,cF24,aflowlib.duke.edu:AFLOWDATA/LIB3_WEB/AgAlCd/T0010.BCA
Ag1Al4Cl1,aflow:9c34a2cb1be9aa9a,,,0.182154,19.6253,216,cF24,aflowlib.duke.edu:AFLOWDATA/LIB3_WEB/AgAlCl/T0010.BCA
Ag1Al4Co1,aflow:d6c01d6e1850570d,,,0.249455,15.6576,216,cF24,aflowlib.duke.edu:AFLOWDATA/LIB3_WEB/AgAlCo/T0010.BCA
Ag1Al4Cr1,aflow:8529d2a687e02059,,,0.32449,15.8032,216,cF24,aflowlib.duke.edu:AFLOWDATA/LIB3_WEB/AgAlCr_pv/T0010.BCA
Ag1Al4Cu1,aflow:a0c00ec6ec7b91ec,,,0.257917,17.1489,216,cF24,aflowlib.duke.edu:AFLOWDATA/LIB3_WEB/AgAlCu_pv/T0010.BCA
Ag1Al4Fe1,aflow:89c10b1fac531e84,,,0.265433,15.9153,216,cF24,aflowlib.duke.edu:AFLOWDATA/LIB3_WEB/AgAlFe_pv/T0010.BCA
Ag1Al4Ga1,aflow:6ecf95031b511972,,,0.182219,18.421,216,cF24,aflowlib.duke.edu:AFLOWDATA/LIB3_WEB/AgAlGa_h/T0010.BCA
Ag1Al4Ge1,aflow:76bb0cf87d67d5e4,,,0.231916,18.3598,216,cF24,aflowlib.duke.edu:AFLOWDATA/LIB3_WEB/AgAlGe_h/T0010.BCA
Ag1Al4Hf1,aflow:cdcd947854a1cd8f,,,-0.0223537,17.6776,216,cF24,aflowlib.duke.edu:AFLOWDATA/LIB3_WEB/AgAlHf_pv/T0010.BCA
Ag1Al4Hg1,aflow:8dbd23e1b77d7c86,,,0.220761,19.1387,216,cF24,aflowlib.duke.edu:AFLOWDATA/LIB3_WEB/AgAlHg/T0010.BCA
Ag1Al4In1,aflow:cc9eac1ecf12bc2f,,,0.18134,19.3163,216,cF24,aflowlib.duke.edu:AFLOWDATA/LIB3_WEB/AgAlIn_d/T0010.BCA
Ag1Al4Ir1,aflow:0f2592a15fca971f,,,0.053077,15.5336,216,cF24,aflowlib.duke.edu:AFLOWDATA/LIB3_WEB/AgAlIr/T0010.BCA
Ag1Al4K1,aflow:4847295b9c1530fb,,,0.239588,21.2062,216,cF24,aflowlib.duke.edu:AFLOWDATA/LIB3_WEB/AgAlK_sv/T0010.BCA
Ag1Al4La1,aflow:c06b9f98428d490b,,,-0.137958,20.6894,216,cF24,aflowlib.duke.edu:AFLOWDATA/LIB3_WEB/AgAlLa/T0010.BCA
Ag1Al4Li1,aflow:2444c2ce17a0d40b,,,0.0684793,18.2044,216,cF24,aflowlib.duke.edu:AFLOWDATA/LIB3_WEB/AgAlLi_sv/T0010.BCA
Ag1Al4Mg1,aflow:7441a4f57e7e22c0,,,0.0970783,18.5194,216,cF24,aflowlib.duke.edu:AFLOWDATA/LIB3_WEB/AgAlMg_pv/T0010.BCA
Ag1Al4Mn1,aflow:10ca02bafae2778f,,,0.291069,15.5696,216,cF24,aflowlib.duke.edu:AFLOWDATA/LIB3_WEB/AgAlMn_pv/T0010.BCA
Ag1Al4Mo1,aflow:81a566ffb0d95af1,,,0.148271,16.0066,216,cF24,aflowlib.duke.edu:AFLOWDATA/LIB3_WEB/AgAlMo_pv/T0010.BCA
Ag1Al4Na1,aflow:6fa43b0fb4ca4d54,,,0.126154,19.3234,216,cF24,aflowlib.duke.edu:AFLOWDATA/LIB3_WEB/AgAlNa_sv/T0010.BCA
Ag1Al4Nb1,aflow:66699ddb6c82eb24,,,0.0736547,16.7535,216,cF24,aflowlib.duke.edu:AFLOWDATA/LIB3_WEB/AgAlNb_sv/T0010.BCA
Ag1Al4Ni1,aflow:c3ad21b064e4cd42,,,0.21208,16.1611,216,cF24,aflowlib.duke.edu:AFLOWDATA/LIB3_WEB/AgAlNi_pv/T0010.BCA
Ag1Al4Os1,aflow:38c2c339cfe37a1a,,,0.170852,15.3129,216,cF24,aflowlib.duke.edu:AFLOWDATA/LIB3_WEB/AgAlOs_pv/T0010.BCA
Ag1Al4P1,aflow:445bbc8dee104c8d,,,0.326868,17.5959,216,cF24,aflowlib.duke.edu:AFLOWDATA/LIB3_WEB/AgAlP/T0010.BCA
Ag1Al4Pb1,aflow:f098363a036d2aa7,,,0.210351,20.2882,216,cF24,aflowlib.duke.edu:AFLOWDATA/LIB3_WEB/AgAlPb_d/T0010.BCA
Ag1Al4Pd1,aflow:9249648d6b97d7b8,,,0.0134442,16.7504,216,cF24,aflowlib.duke.edu:AFLOWDATA/LIB3_WEB/AgAlPd_pv/T0010.BCA
Ag1Al4Pt1,aflow:4070b26f4dfa0976,,,0.0318332,16.432,216,cF24,aflowlib.duke.edu:AFLOWDATA/LIB3_WEB/AgAlPt/T0010.BCA
Ag1Al4Re1,aflow:187249f5693cadc9,,,0.180904,15.4202,216,cF24,aflowlib.duke.edu:AFLOWDATA/LIB3_WEB/AgAlRe_pv/T0010.BCA
Ag1Al4Rh1,aflow:56affece5e9f7473,,,-0.0201385,15.7992,216,cF24,aflowlib.duke.edu:AFLOWDATA/LIB3_WEB/AgAlRh_pv/T0010.BCA
Ag1Al4Ru1,aflow:992313fdafdbd2a4,,,0.0572537,15.525,216,cF24,aflowlib.duke.edu:AFLOWDATA/LIB3_WEB/AgAlRu_pv/T0010.BCA
Ag1Al4Sb1,aflow:ce58fa768ab2cf0a,,,0.176634,19.408,216,cF24,aflowlib.duke.edu:AFLOWDATA/LIB3_WEB/AgAlSb/T0010.BCA
Ag1Al4Sc1,aflow:1bf265c5eea0186d,,,-0.0993878,18.1881,216,cF24,aflowlib.duke.edu:AFLOWDATA/LIB3_WEB/AgAlSc_sv/T0010.BCA
Ag1Al4Se1,aflow:edd40c470ac6f7ec,,,0.234365,18.787,216,cF24,aflowlib.duke.edu:AFLOWDATA/LIB3_WEB/AgAlSe/T0010.BCA
Ag1Al4Si1,aflow:bfa539a2487e3cfb,,,0.321684,17.7009,216,cF24,aflowlib.duke.edu:AFLOWDATA/LIB3_WEB/AgAlSi/T0010.BCA
Ag1Al4Sn1,aflow:02b706c97e5f8a8b,,,0.177535,19.4682,216,cF24,aflowlib.duke.edu:AFLOWDATA/LIB3_WEB/AgAlSn/T0010.BCA
Ag1Al4Sr1,aflow:7c4c1877fd27f8f3,,,-0.000286,21.2161,216,cF24,aflowlib.duke.edu:AFLOWDATA/LIB3_WEB/AgAlSr_sv/T0010.BCA
Ag1Al4Ta1,aflow:eeeb8fbdd78d3c86,,,0.134809,16.6205,216,cF24,aflowlib.duke.edu:AFLOWDATA/LIB3_WEB/AgAlTa_pv/T0010.BCA
Ag1Al4Tc1,aflow:3c3de1213aafdde9,,,0.0818962,15.6076,216,cF24,aflowlib.duke.edu:AFLOWDATA/LIB3_WEB/AgAlTc_pv/T0010.BCA
Ag1Al4Te1,aflow:b21436d122fe9cee,,,0.246581,19.7991,216,cF24,aflowlib.duke.edu:AFLOWDATA/LIB3_WEB/AgAlTe/T0010.BCA
Ag1Al4Ti1,aflow:1314b8f5955908ed,,,0.035997,17.0572,216,cF24,aflowlib.duke.edu:AFLOWDATA/LIB3_WEB/AgAlTi_sv/T0010.BCA
Ag1Al4Tl1,aflow:aeeb13227a69e83c,,,0.231827,20.0358,216,cF24,aflowlib.duke.edu:AFLOWDATA/LIB3_WEB/AgAlTl_d/T0010.BCA
Ag1Al4V1,aflow:dc068b63d2a721f7,,,0.156437,16.5883,216,cF24,aflowlib.duke.edu:AFLOWDATA/LIB3_WEB/AgAlV_sv/T0010.BCA
Ag1Al4W1,aflow:d5d66788aab2f4db,,,0.253184,15.9041,216,cF24,aflowlib.duke.edu:AFLOWDATA/LIB3_WEB/AgAlW_pv/T0010.BCA
Ag1Al4Y1,aflow:101801cd110d1f81,,,-0.145199,19.3883,216,cF24,aflowlib.duke.edu:AFLOWDATA/LIB3_WEB/AgAlY_sv/T0010.BCA
Ag1Al4Zn1,aflow:6abebc875e4a0d18,,,0.217745,17.9818,216,cF24,aflowlib.duke.edu:AFLOWDATA/LIB3_WEB/AgAlZn/T0010.BCA
Ag1Al4Zr1,aflow:f73fce24eee2f3ed,,,-0.0778353,17.904,216,cF24,aflowlib.duke.edu:AFLOWDATA/LIB3_WEB/AgAlZr_sv/T0010.BCA
Ag1Al5,aflow:08fd2eacc8bd148f,,,-0.00481833,16.6721,123,tP6,aflowlib.duke.edu:AFLOWDATA/LIB2_WEB/AgAl/478
Ag1Al5,aflow:187cf06a758e160b,,,0.00322767,16.6548,12,mS12,aflowlib.duke.edu:AFLOWDATA/LIB2_WEB/AgAl/f130
Ag1Al5,aflow:18b03d4ce52b7ee3,,,-0.00701983,16.7013,123,tP6,aflowlib.duke.edu:AFLOWDATA/LIB2_WEB/AgAl/f133
Ag1Al5,aflow:2296a1493d2d1e9d,,,-0.00376167,16.705,12,mS12,aflowlib.duke.edu:AFLOWDATA/LIB2_WEB/AgAl/f136
Ag1Al5,aflow:3a5299e4607aaf9e,,,0.000692667,16.7096,2,aP6,aflowlib.duke.edu:AFLOWDATA/LIB2_WEB/AgAl/f132
Ag1Al5,aflow:3f2072f7e741bb48,,,-0.0118745,16.6478,164,hP6,aflowlib.duke.edu:AFLOWDATA/LIB2_WEB/AgAl/f128
Ag1Al5,aflow:4c1fac63ee5f7017,,,0.010262,16.8488,12,mS12,aflowlib.duke.edu:AFLOWDATA/LIB2_WEB/AgAl/f135
Ag1Al5,aflow:86ad4fa6465ba74e,,,0.000591,16.6997,10,mP6,aflowlib.duke.edu:AFLOWDATA/LIB2_WEB/AgAl/f131
Ag1Al5,aflow:9d8fd0c2ab11c29c,,,0.0050185,16.7343,47,oP6,aflowlib.duke.edu:AFLOWDATA/LIB2_WEB/AgAl/f129
Ag1Al5,aflow:a25be0d86d800efe,,,0.0423212,16.9044,38,oS12,aflowlib.duke.edu:AFLOWDATA/LIB2_WEB/AgAl/141
Ag1Al5,aflow:be9ea01656967dee,,,0.0212197,16.7744,65,oS12,aflowlib.duke.edu:AFLOWDATA/LIB2_WEB/AgAl/479
Ag1Al5,aflow:c0a05bab3b547602,,,0.197326,17.9111,216,cF24,aflowlib.duke.edu:AFLOWDATA/LIB2_WEB/AgAl/252
Ag1Al5,aflow:d1dab2300de03962,,,0.0206205,16.8104,65,oS12,aflowlib.duke.edu:AFLOWDATA/LIB2_WEB/AgAl/f137
Ag1Al5,aflow:dadebf1d5e476d93,,,0.0157317,16.8081,12,mS12,aflowlib.duke.edu:AFLOWDATA/LIB2_WEB/AgAl/f134
Ag1Al5,aflow:fb4fc1e4de69522b,,,0.242385,18.8537,191,hP6,aflowlib.duke.edu:AFLOWDATA/LIB2_WEB/AgAl/204
Ag1Al5,aflow:fb463611f9db1b76,,,0.0405835,16.9159,8,mS12,aflowlib.duke.edu:AFLOWDATA/LIB2_WEB/AgAl/128
Ag1Al5,aflow:fdb0e0cac0d7378c,,,0.0598665,16.9913,189,hP6,aflowlib.duke.edu:AFLOWDATA/LIB2_WEB/AgAl/474
Ag1Al6,aflow:604d0692e4603755,,,0.0144304,16.7516,2,aP7,aflowlib.duke.edu:AFLOWDATA/LIB2_WEB/AgAl/f233
Ag1Al6,aflow:64b25b3b5df3d941,,,0.00144229,16.6739,12,mS14,aflowlib.duke.edu:AFLOWDATA/LIB2_WEB/AgAl/f231
Ag1Al6,aflow:6659efdd48b29771,,,-0.00711357,16.6267,139,tI14,aflowlib.duke.edu:AFLOWDATA/LIB2_WEB/AgAl/f232
Ag1Al6,aflow:b711392a88576ec4,,,0.00317186,16.6838,2,aP7,aflowlib.duke.edu:AFLOWDATA/LIB2_WEB/AgAl/f230
Ag1Al6,aflow:df03463034f18ec4,,,-0.010929,16.6088,166,hR7,aflowlib.duke.edu:AFLOWDATA/LIB2_WEB/AgAl/f228
Ag1Al6,aflow:e277b07a9e8b9f9c,,,0.00754914,16.7351,71,oI14,aflowlib.duke.edu:AFLOWDATA/LIB2_WEB/AgAl/f229
Ag1Al6,aflow:ec572062f7ab3374,,,0.00981943,16.713,148,hR7,aflowlib.duke.edu:AFLOWDATA/LIB2_WEB/AgAl/f241
Ag1Al7,aflow:1e29b65bd734b78a,,,0.0127088,16.7274,65,oS16,aflowlib.duke.edu:AFLOWDATA/LIB2_WEB/AgAl/f522
Ag1Al7,aflow:286e2c485286af7a,,,0.0116666,16.7109,139,tI16,aflowlib.duke.edu:AFLOWDATA/LIB2_WEB/AgAl/f523
Ag1Al7,aflow:2ad7da68972dd0d0,,,-0.0017035,16.6534,123,tP8,aflowlib.duke.edu:AFLOWDATA/LIB2_WEB/AgAl/f431
Ag1Al7,aflow:2fb93a5ee2443e21,,,0.0151809,16.7191,123,tP8,aflowlib.duke.edu:AFLOWDATA/LIB2_WEB/AgAl/f623
Ag1Al7,aflow:385a26106d2195e0,,,0.0107715,16.7157,69,oF32,aflowlib.duke.edu:AFLOWDATA/LIB2_WEB/AgAl/f521
Ag1Al7,aflow:3aaab489126b8cf6,,,0.000687875,16.6708,12,mS16,aflowlib.duke.edu:AFLOWDATA/LIB2_WEB/AgAl/f429
Ag1Al7,aflow:3c226f686e547c5c,,,0.00786625,16.6744,2,aP8,aflowlib.duke.edu:AFLOWDATA/LIB2_WEB/AgAl/f433
Ag1Al7,aflow:41c0a8229c52543d,,,0.007998,16.6399,225,cF32,aflowlib.duke.edu:AFLOWDATA/LIB2_WEB/AgAl/309
Ag1Al7,aflow:4cf19b3550a63546,,,0.00373738,16.6746,65,oS16,aflowlib.duke.edu:AFLOWDATA/LIB2_WEB/AgAl/f520
Ag1Al7,aflow:53e0dcf770b6680d,,,0.00803938,16.6158,225,cF32,aflowlib.duke.edu:AFLOWDATA/LIB2_WEB/AgAl/f631
Ag1Al7,aflow:8cbd8374b0a83687,,,-0.00010125,16.6516,12,mS16,aflowlib.duke.edu:AFLOWDATA/LIB2_WEB/AgAl/f430
Ag1Al7,aflow:a2a51376708ba359,,,0.006875,16.6664,12,mS16,aflowlib.duke.edu:AFLOWDATA/LIB2_WEB/AgAl/f610
Ag1Al7,aflow:a5b215f47975ab98,,,-0.010322,16.6181,166,hR8,aflowlib.duke.edu:AFLOWDATA/LIB2_WEB/AgAl/f426
Ag1Al7,aflow:ae337a9593a37eb4,,,0.000852125,16.6333,10,mP8,aflowlib.duke.edu:AFLOWDATA/LIB2_WEB/AgAl/f544
Ag1Al7,aflow:ba753de31f91a221,,,0.0145265,16.7226,12,mS16,aflowlib.duke.edu:AFLOWDATA/LIB2_WEB/AgAl/f432
Ag1Al7,aflow:d11dd52e81b7d536,,,0.00696313,16.6522,47,oP8,aflowlib.duke.edu:AFLOWDATA/LIB2_WEB/AgAl/f427
Ag1Al7,aflow:d65cd5e638f871f3,,,0.002218,16.6551,47,oP8,aflowlib.duke.edu:AFLOWDATA/LIB2_WEB/AgAl/f590
Ag1Al7,aflow:d872ed120c3be4d7,,,0.0111626,16.6948,65,oS16,aflowlib.duke.edu:AFLOWDATA/LIB2_WEB/AgAl/f591
Ag1Al7,aflow:ddc2c97c45c83e98,,,0.014064,16.6803,123,tP8,aflowlib.duke.edu:AFLOWDATA/LIB2_WEB/AgAl/f592
Ag1Al8,aflow:0da7f88bff780347,,,0.008275,16.6507,139,tI18,aflowlib.duke.edu:AFLOWDATA/LIB2_WEB/AgAl/312
Ag1As1,aflow:1f329d503ba8e259,,,0.277631,18.98,221,cP2,aflowlib.duke.edu:AFLOWDATA/LIB2_WEB/AgAs/61
Ag1As1,aflow:3bed5d3eff8e5600,,,0.250695,18.9285,187,hP2,aflowlib.duke.edu:AFLOWDATA/LIB2_WEB/AgAs/116
Ag1As1,aflow:42effb3c51a71556,,,0.490511,25.3819,216,cF8,aflowlib.duke.edu:AFLOWDATA/LIB2_WEB/AgAs/218
Ag1As1,aflow:5f425d4de3b9d286,,,0.218894,18.9642,166,hR2,aflowlib.duke.edu:AFLOWDATA/LIB2_WEB/AgAs/4
Ag1As1,aflow:7839f2404b44be62,,,0.204821,18.9431,123,tP2,aflowlib.duke.edu:AFLOWDATA/LIB2_WEB/AgAs/60
Ag1As1,aflow:8d1bb651b38d350e,,,0.29151,20.2071,225,cF8,aflowlib.duke.edu:AFLOWDATA/LIB2_WEB/AgAs/201
Ag1As1,aflow:9bf5f40bb789a196,,,0.204665,18.8821,123,tP2,aflowlib.duke.edu:AFLOWDATA/LIB2_WEB/AgAs/3
Ag1As1Au1,aflow:0e84d3702804fa81,,,0.286722,21.1582,216,cF12,aflowlib.duke.edu:AFLOWDATA/LIB3_WEB/AgAsAu/T0003.CAB
Ag1As1Au1,aflow:424153dbf33e8dba,,,0.115644,20.7358,216,cF12,aflowlib.duke.edu:AFLOWDATA/LIB3_WEB/AgAsAu/T0003.ABC
Ag1As1Au1,aflow:4f067fb8638914f1,,,0.16842,18.5241,107,tI6,aflowlib.duke.edu:AFLOWDATA/LIB3_WEB/AgAsAu/TBCC003.ABC
Ag1As1Au1,aflow:89790cc4d7c410ab,,,0.13112,18.5077,107,tI6,aflowlib.duke.edu:AFLOWDATA/LIB3_WEB/AgAsAu/TFCC003.ABC
Ag1As1Au1,aflow:b0c55b618cd189c9,,,0.139589,21.2333,216,cF12,aflowlib.duke.edu:AFLOWDATA/LIB3_WEB/AgAsAu/T0003.BCA
Ag1As1Au1,aflow:cb4b78a6c6d23ab9,,,0.126615,18.4852,42,oF12,aflowlib.duke.edu:AFLOWDATA/LIB3_WEB/AgAsAu/TBCC001.ABC
Ag1As1Au1,aflow:db0eb2af5e1a7974,,,0.151328,18.3437,44,oI6,aflowlib.duke.edu:AFLOWDATA/LIB3_WEB/AgAsAu/TFCC002.ABC
Ag1As1Au1,aflow:e396a4776050eeb2,,,0.144203,18.6517,156,hP3,aflowlib.duke.edu:AFLOWDATA/LIB3_WEB/AgAsAu/TBCC002.ABC
Ag1As1Au1,aflow:fd8c9478c65db805,,,0.140696,18.4178,156,hP3,aflowlib.duke.edu:AFLOWDATA/LIB3_WEB/AgAsAu/TFCC001.ABC
Ag1As1Au2,aflow:1cc9e60cca9d544a,,,0.1156,18.5179,71,oI8,aflowlib.duke.edu:AFLOWDATA/LIB3_WEB/AgAsAu/TBCC012.CAB
Ag1As1Au2,aflow:231f5b414b85fba1,,,0.111277,18.4345,123,tP4,aflowlib.duke.edu:AFLOWDATA/LIB3_WEB/AgAsAu/TBCC016.CAB
Ag1As1Au2,aflow:236c51fffa65a7c1,,,0.102928,18.2314,47,oP4,aflowlib.duke.edu:AFLOWDATA/LIB3_WEB/AgAsAu/TFCC010.CAB
Ag1As1Au2,aflow:2dd1170dbfe0024e,,,0.0642574,18.8149,10,mP4,aflowlib.duke.edu:AFLOWDATA/LIB3_WEB/AgAsAu/TBCC010.CAB
Ag1As1Au2,aflow:34dca98ef4828572,,,0.100072,18.3326,65,oS8,aflowlib.duke.edu:AFLOWDATA/LIB3_WEB/AgAsAu/TFCC015.CAB
Ag1As1Au2,aflow:390c12001b18bcf3,,,0.130278,18.4454,47,oP4,aflowlib.duke.edu:AFLOWDATA/LIB3_WEB/AgAsAu/TBCC015.CAB
Ag1As1Au2,aflow:3eff750e20e86cdd,,,0.099752,18.2558,12,mS8,aflowlib.duke.edu:AFLOWDATA/LIB3_WEB/AgAsAu/TFCC011.CAB
Ag1As1Au2,aflow:465bbca644b3043b,0,metal,0.179054,18.5075,225,cF16,aflowlib.duke.edu:AFLOWDATA/LIB3_WEB/AgAsAu/T0001.ABC2
Ag1As1Au2,aflow:4bf1b6d25c4ca708,,,0.0840815,18.3522,123,tP4,aflowlib.duke.edu:AFLOWDATA/LIB3_WEB/AgAsAu/TFCC012.CAB
Ag1As1Au2,aflow:513f1ec588c605fb,,,0.0985787,18.3883,35,oS8,aflowlib.duke.edu:AFLOWDATA/LIB3_WEB/AgAsAu/TBCC004.CAB
Ag1As1Au2,aflow:54b76a3953fbdc5c,,,0.0995213,18.3724,8,mS8,aflowlib.duke.edu:AFLOWDATA/LIB3_WEB/AgAsAu/TFCC006.CAB
Ag1As1Au2,aflow:5586de9c254e86aa,,,0.115181,18.3177,119,tI8,aflowlib.duke.edu:AFLOWDATA/LIB3_WEB/AgAsAu/TFCC008.CAB
Ag1As1Au2,aflow:6194afcfbe2f0ba1,,,0.119616,18.3394,123,tP4,aflowlib.duke.edu:AFLOWDATA/LIB3_WEB/AgAsAu/TBCC011.CAB
Ag1As1Au2,aflow:65a276dd1c6ff442,,,0.194761,18.6045,216,cF16,aflowlib.duke.edu:AFLOWDATA/LIB3_WEB/AgAsAu/T0002.ABC2
Ag1As1Au2,aflow:7b8534a14b0fd6ce,,,0.0590431,18.8233,6,mP4,aflowlib.duke.edu:AFLOWDATA/LIB3_WEB/AgAsAu/TBCC005.CAB
Ag1As1Au2,aflow:88ae57d4b2f584bf,,,0.101998,18.2511,166,hR4,aflowlib.duke.edu:AFLOWDATA/LIB3_WEB/AgAsAu/TFCC009.CAB
Ag1As1Au2,aflow:8b35020bbfc8429c,,,0.105014,18.5822,44,oI8,aflowlib.duke.edu:AFLOWDATA/LIB3_WEB/AgAsAu/TBCC007.CAB
Ag1As1Au2,aflow:a36f6182f25c7a6b,,,0.111789,18.3143,139,tI8,aflowlib.duke.edu:AFLOWDATA/LIB3_WEB/AgAsAu/TFCC013.CAB
Ag1As1Au2,aflow:b6ad0ef72c2b4927,,,0.103377,18.2817,123,tP4,aflowlib.duke.edu:AFLOWDATA/LIB3_WEB/AgAsAu/TFCC016.CAB
Ag1As1Au2,aflow:c02654ce4e75f429,,,0.0844408,18.3092,65,oS8,aflowlib.duke.edu:AFLOWDATA/LIB3_WEB/AgAsAu/TBCC009.CAB
Ag1As1Au2,aflow:c2e6b56a1d80acb2,,,0.106387,18.374,10,mP4,aflowlib.duke.edu:AFLOWDATA/LIB3_WEB/AgAsAu/TFCC014.CAB
Ag1As1Au2,aflow:cfb73dd6d818707e,,,0.098538,18.39,99,tP4,aflowlib.duke.edu:AFLOWDATA/LIB3_WEB/AgAsAu/TFCC007.CAB
Ag1As1Au2,aflow:db1cbde56f790b9c,,,0.126112,18.3938,12,mS8,aflowlib.duke.edu:AFLOWDATA/LIB3_WEB/AgAsAu/TBCC014.CAB
Ag1As1Au2,aflow:dd69c3af2360c12f,,,0.110995,18.3827,160,hR4,aflowlib.duke.edu:AFLOWDATA/LIB3_WEB/AgAsAu/TFCC004.CAB
Ag1As1Au2,aflow:ebc2ab99ca3a848d,,,0.13674,18.4521,99,tP4,aflowlib.duke.edu:AFLOWDATA/LIB3_WEB/AgAsAu/TBCC006.CAB
Ag1As1Au2,aflow:f71d04324ab49824,,,0.109644,18.3603,25,oP4,aflowlib.duke.edu:AFLOWDATA/LIB3_WEB/AgAsAu/TFCC005.CAB
Ag1As1Au4,aflow:1ed05aae7513ba92,,,0.224326,19.822,216,cF24,aflowlib.duke.edu:AFLOWDATA/LIB3_WEB/AgAsAu/T0010.CAB
Ag1As1B1,aflow:1a0a11db14757d34,,,1.17965,17.5362,216,cF12,aflowlib.duke.edu:AFLOWDATA/LIB3_WEB/AgAsB_h/T0003.ABC
Ag1As1B1,aflow:353870545c28b4b7,,,0.463406,15.877,156,hP3,aflowlib.duke.edu:AFLOWDATA/LIB3_WEB/AgAsB_h/TFCC001.ABC
Ag1As1B1,aflow:7c11f8698af52331,,,0.778764,16.8842,107,tI6,aflowlib.duke.edu:AFLOWDATA/LIB3_WEB/AgAsB_h/TFCC003.ABC
Ag1As1B1,aflow:99d4854ca190856f,,,0.779086,16.8246,107,tI6,aflowlib.duke.edu:AFLOWDATA/LIB3_WEB/AgAsB_h/TFCC002.ABC
Ag1As1B1,aflow:a4b8a6a0cf2dee80,,,1.20477,17.2013,216,cF12,aflowlib.duke.edu:AFLOWDATA/LIB3_WEB/AgAsB_h/T0003.CAB
Ag1As1B1,aflow:b897d6f26a2e5d6f,,,0.462375,15.8055,156,hP3,aflowlib.duke.edu:AFLOWDATA/LIB3_WEB/AgAsB_h/TBCC002.ABC
Ag1As1B1,aflow:da597390a6d152e9,,,0.772967,16.6812,42,oF12,aflowlib.duke.edu:AFLOWDATA/LIB3_WEB/AgAsB_h/TBCC001.ABC
Ag1As1B1,aflow:f2cad282023f4eab,,,0.779015,16.8402,107,tI6,aflowlib.duke.edu:AFLOWDATA/LIB3_WEB/AgAsB_h/TBCC003.ABC
Ag1As1B1,aflow:f5ac5e0daf3e90e9,,,0.875502,15.6861,216,cF12,aflowlib.duke.edu:AFLOWDATA/LIB3_WEB/AgAsB_h/T0003.BCA
Ag1As1B2,aflow:0265ec099cca6bf9,,,1.29026,14.7619,47,oP4,aflowlib.duke.edu:AFLOWDATA/LIB3_WEB/AgAsB_h/TBCC015.CAB
Ag1As1B2,aflow:11f3e79359d8a1cf,,,0.589065,13.1905,8,mS8,aflowlib.duke.edu:AFLOWDATA/LIB3_WEB/AgAsB_h/TFCC006.CAB
Ag1As1B2,aflow:20defad88694de78,,,1.09396,12.6089,123,tP4,aflowlib.duke.edu:AFLOWDATA/LIB3_WEB/AgAsB_h/TFCC014.CAB
Ag1As1B2,aflow:2d147e9627e3faa8,,,1.31403,13.945,65,oS8,aflowlib.duke.edu:AFLOWDATA/LIB3_WEB/AgAsB_h/TBCC009.CAB
Ag1As1B2,aflow:3ab7cd641e76f43d,,,1.41132,13.7258,12,mS8,aflowlib.duke.edu:AFLOWDATA/LIB3_WEB/AgAsB_h/TBCC014.CAB
Ag1As1B2,aflow:4b8535a816ade685,,,1.02815,15.1741,25,oP4,aflowlib.duke.edu:AFLOWDATA/LIB3_WEB/AgAsB_h/TFCC005.CAB
Ag1As1B2,aflow:629fd4227e50503f,,,0.552867,12.7193,160,hR4,aflowlib.duke.edu:AFLOWDATA/LIB3_WEB/AgAsB_h/TFCC004.CAB
Ag1As1B2,aflow:69b148908b1d5f79,,,1.52298,13.1195,123,tP4,aflowlib.duke.edu:AFLOWDATA/LIB3_WEB/AgAsB_h/TFCC016.CAB
Ag1As1B2,aflow:72c6773885fb3ccd,,,0.599085,14.1024,35,oS8,aflowlib.duke.edu:AFLOWDATA/LIB3_WEB/AgAsB_h/TBCC004.CAB
Ag1As1B2,aflow:83711659e6062a75,,,1.02701,15.2832,99,tP4,aflowlib.duke.edu:AFLOWDATA/LIB3_WEB/AgAsB_h/TBCC006.CAB
Ag1As1B2,aflow:86de44b8e4b93406,,,1.51342,13.0113,65,oS8,aflowlib.duke.edu:AFLOWDATA/LIB3_WEB/AgAsB_h/TFCC015.CAB
Ag1As1B2,aflow:8d243b2be40ebf7b,,,0.834689,14.262,10,mP4,aflowlib.duke.edu:AFLOWDATA/LIB3_WEB/AgAsB_h/TBCC010.CAB
Ag1As1B2,aflow:945ac32a79f1c71b,,,0.543745,16.0472,6,mP4,aflowlib.duke.edu:AFLOWDATA/LIB3_WEB/AgAsB_h/TBCC005.CAB
Ag1As1B2,aflow:96eac3ebface251d,,,1.01228,12.5991,166,hR4,aflowlib.duke.edu:AFLOWDATA/LIB3_WEB/AgAsB_h/TFCC009.CAB
Ag1As1B2,aflow:9a8eb9681238f356,,,1.5437,13.291,225,cF16,aflowlib.duke.edu:AFLOWDATA/LIB3_WEB/AgAsB_h/T0001.ABC2
Ag1As1B2,aflow:9c67982a636fbd45,,,1.29237,14.5639,119,tI8,aflowlib.duke.edu:AFLOWDATA/LIB3_WEB/AgAsB_h/TFCC008.CAB
Ag1As1B2,aflow:a9373e7b8881a5fa,,,1.54677,13.235,139,tI8,aflowlib.duke.edu:AFLOWDATA/LIB3_WEB/AgAsB_h/TFCC013.CAB
Ag1As1B2,aflow:c50d512e9073da68,,,1.68768,13.965,216,cF16,aflowlib.duke.edu:AFLOWDATA/LIB3_WEB/AgAsB_h/T0002.ABC2
Ag1As1B2,aflow:c787a137bc876e47,,,1.52355,13.0596,123,tP4,aflowlib.duke.edu:AFLOWDATA/LIB3_WEB/AgAsB_h/TBCC016.CAB
Ag1As1B2,aflow:c73abc547e0997d4,,,1.33071,13.6093,71,oI8,aflowlib.duke.edu:AFLOWDATA/LIB3_WEB/AgAsB_h/TBCC012.CAB
Ag1As1B2,aflow:c7399c7a4c49ee9b,,,1.23016,13.683,123,tP4,aflowlib.duke.edu:AFLOWDATA/LIB3_WEB/AgAsB_h/TBCC011.CAB
Ag1As1B2,aflow:cc7e56a075c8a127,,,1.22967,13.5504,123,tP4,aflowlib.duke.edu:AFLOWDATA/LIB3_WEB/AgAsB_h/TFCC010.CAB
Ag1As1B2,aflow:d3f50dedc14f29f4,,,0.573177,16.228,44,oI8,aflowlib.duke.edu:AFLOWDATA/LIB3_WEB/AgAsB_h/TBCC007.CAB
Ag1As1B2,aflow:d6d560d689103e04,,,1.01257,12.6029,12,mS8,aflowlib.duke.edu:AFLOWDATA/LIB3_WEB/AgAsB_h/TFCC011.CAB
Ag1As1B2,aflow:d9a9104b065aa7bb,,,1.4814,12.8103,123,tP4,aflowlib.duke.edu:AFLOWDATA/LIB3_WEB/AgAsB_h/TFCC012.CAB
Ag1As1B2,aflow:f3e535657f6b5af3,,,0.884946,13.9521,99,tP4,aflowlib.duke.edu:AFLOWDATA/LIB3_WEB/AgAsB_h/TFCC007.CAB
Ag1As1B4,aflow:d8671b7cbb78d313,,,1.54816,11.3574,216,cF24,aflowlib.duke.edu:AFLOWDATA/LIB3_WEB/AgAsB_h/T0010.CAB
Ag1As1Ba1,aflow:1d8ac68fc8e26c5f,,,-0.480674,30.2069,216,cF12,aflowlib.duke.edu:AFLOWDATA/LIB3_WEB/AgAsBa_sv/T0003.CAB
Ag1As1Ba1,aflow:5437a634cd8f4726,,,-0.773354,28.6669,156,hP3,aflowlib.duke.edu:AFLOWDATA/LIB3_WEB/AgAsBa_sv/TBCC002.ABC
Ag1As1Ba1,aflow:649c28157a77a1b9,,,-0.564443,31.4925,216,cF12,aflowlib.duke.edu:AFLOWDATA/LIB3_WEB/AgAsBa_sv/T0003.ABC
Ag1As1Ba1,aflow:6ef3991525ca7064,,,-0.286115,30.7957,42,oF12,aflowlib.duke.edu:AFLOWDATA/LIB3_WEB/AgAsBa_sv/TBCC001.ABC
Ag1As1Ba1,aflow:71e32dd07f8a6bed,,,-0.773447,28.8922,187,hP3,aflowlib.duke.edu:AFLOWDATA/LIB3_WEB/AgAsBa_sv/TFCC001.ABC
Ag1As1Ba1,aflow:89644cd09554641a,,,-0.266379,28.3987,107,tI6,aflowlib.duke.edu:AFLOWDATA/LIB3_WEB/AgAsBa_sv/TFCC003.ABC
Ag1As1Ba1,aflow:b03209090376ea00,,,0.0209907,35.6167,216,cF12,aflowlib.duke.edu:AFLOWDATA/LIB3_WEB/AgAsBa_sv/T0003.BCA
Ag1As1Ba1,aflow:d59f394509bec9c7,,,-0.266352,28.381,107,tI6,aflowlib.duke.edu:AFLOWDATA/LIB3_WEB/AgAsBa_sv/TBCC003.ABC
Ag1As1Ba1,aflow:e1aadabcebc222b2,,,-0.342168,31.2729,44,oI6,aflowlib.duke.edu:AFLOWDATA/LIB3_WEB/AgAsBa_sv/TFCC002.ABC
Ag1As1Ba2,aflow:202d59e3489ef49d,,,-0.648581,33.4933,123,tP4,aflowlib.duke.edu:AFLOWDATA/LIB3_WEB/AgAsBa_sv/TBCC015.CAB
Ag1As1Ba2,aflow:25a32a77231f39fb,,,-0.590039,39.5256,25,oP4,aflowlib.duke.edu:AFLOWDATA/LIB3_WEB/AgAsBa_sv/TFCC005.CAB
Ag1As1Ba2,aflow:2ced5854098e795e,,,-0.651493,34.0744,10,mP4,aflowlib.duke.edu:AFLOWDATA/LIB3_WEB/AgAsBa_sv/TBCC010.CAB
Ag1As1Ba2,aflow:32d0741bcac548fa,,,-0.651158,34.2818,123,tP4,aflowlib.duke.edu:AFLOWDATA/LIB3_WEB/AgAsBa_sv/TBCC009.CAB
Ag1As1Ba2,aflow:3d10a56dad8aa063,,,-0.555186,39.8375,160,hR4,aflowlib.duke.edu:AFLOWDATA/LIB3_WEB/AgAsBa_sv/TFCC004.CAB
Ag1As1Ba2,aflow:494b5eba4d130356,,,-0.207993,31.3068,216,cF16,aflowlib.duke.edu:AFLOWDATA/LIB3_WEB/AgAsBa_sv/T0002.ABC2
Ag1As1Ba2,aflow:4b04e5d0bafe0563,,,-0.716163,33.3336,225,cF16,aflowlib.duke.edu:AFLOWDATA/LIB3_WEB/AgAsBa_sv/TBCC012.CAB
Ag1As1Ba2,aflow:4bece24d2cad61b0,,,-0.71647,33.2956,225,cF16,aflowlib.duke.edu:AFLOWDATA/LIB3_WEB/AgAsBa_sv/T0001.ABC2
Ag1As1Ba2,aflow:4f0b0b0d9c67fc1b,,,-0.58716,39.3128,99,tP4,aflowlib.duke.edu:AFLOWDATA/LIB3_WEB/AgAsBa_sv/TBCC004.CAB
Ag1As1Ba2,aflow:5dafd4e0fe17811e,,,-0.487259,32.5261,119,tI8,aflowlib.duke.edu:AFLOWDATA/LIB3_WEB/AgAsBa_sv/TFCC008.CAB
Ag1As1Ba2,aflow:5ffee234469db770,,,-0.590219,39.4582,123,tP4,aflowlib.duke.edu:AFLOWDATA/LIB3_WEB/AgAsBa_sv/TBCC006.CAB
Ag1As1Ba2,aflow:5f402d2b64b4fac7,,,-0.651803,34.16,47,oP4,aflowlib.duke.edu:AFLOWDATA/LIB3_WEB/AgAsBa_sv/TFCC010.CAB
Ag1As1Ba2,aflow:61620bf481734a50,,,-0.695713,40.9903,12,mS8,aflowlib.duke.edu:AFLOWDATA/LIB3_WEB/AgAsBa_sv/TFCC011.CAB
Ag1As1Ba2,aflow:6932122a991a41fa,,,-0.651846,34.2101,123,tP4,aflowlib.duke.edu:AFLOWDATA/LIB3_WEB/AgAsBa_sv/TBCC011.CAB
Ag1As1Ba2,aflow:7219c01b94d80e03,,,-0.648495,33.3799,123,tP4,aflowlib.duke.edu:AFLOWDATA/LIB3_WEB/AgAsBa_sv/TFCC016.CAB
Ag1As1Ba2,aflow:7b1cac59f640b2d7,,,-0.646979,33.45,123,tP4,aflowlib.duke.edu:AFLOWDATA/LIB3_WEB/AgAsBa_sv/TBCC014.CAB
Ag1As1Ba2,aflow:8a090b30ce884462,,,-0.588106,39.7883,99,tP4,aflowlib.duke.edu:AFLOWDATA/LIB3_WEB/AgAsBa_sv/TFCC007.CAB
Ag1As1Ba2,aflow:a51de5039bd47b6d,,,-0.558689,33.7193,44,oI8,aflowlib.duke.edu:AFLOWDATA/LIB3_WEB/AgAsBa_sv/TBCC007.CAB
Ag1As1Ba2,aflow:adcebc24cf2dc60b,,,-0.589937,39.5602,10,mP4,aflowlib.duke.edu:AFLOWDATA/LIB3_WEB/AgAsBa_sv/TFCC014.CAB
Ag1As1Ba2,aflow:aea8a3debe0a0bbf,,,-0.703232,41.2749,166,hR4,aflowlib.duke.edu:AFLOWDATA/LIB3_WEB/AgAsBa_sv/TFCC009.CAB
Ag1As1Ba2,aflow:c15ee594f5567b05,,,-0.69473,34.9065,8,mP4,aflowlib.duke.edu:AFLOWDATA/LIB3_WEB/AgAsBa_sv/TFCC006.CAB
Ag1As1Ba2,aflow:d714a64773a9e597,,,-0.647207,33.4295,123,tP4,aflowlib.duke.edu:AFLOWDATA/LIB3_WEB/AgAsBa_sv/TFCC015.CAB
Ag1As1Ba2,aflow:e452e07098f6e3ca,,,-0.71653,33.2391,225,cF16,aflowlib.duke.edu:AFLOWDATA/LIB3_WEB/AgAsBa_sv/TFCC013.CAB
Ag1As1Ba2,aflow:ef29f2ec01729a6e,,,-0.647429,33.4996,123,tP4,aflowlib.duke.edu:AFLOWDATA/LIB3_WEB/AgAsBa_sv/TBCC016.CAB
Ag1As1Ba2,aflow:f622280ed46b4b33,,,-0.65135,34.3317,123,tP4,aflowlib.duke.edu:AFLOWDATA/LIB3_WEB/AgAsBa_sv/TFCC012.CAB
Ag1As1Ba2,aflow:fa3b69cad9029aab,,,-0.647429,33.3079,6,mP4,aflowlib.duke.edu:AFLOWDATA/LIB3_WEB/AgAsBa_sv/TBCC005.CAB
Ag1As1Ba4,aflow:0a1fac7f9ec5c4ce,,,0.345655,41.6749,216,cF24,aflowlib.duke.edu:AFLOWDATA/LIB3_WEB/AgAsBa_sv/T0010.CAB
Ag1As1Be1,aflow:074a2679762525e8,,,0.109256,16.2106,216,cF12,aflowlib.duke.edu:AFLOWDATA/LIB3_WEB/AgAsBe_sv/T0003.BCA
Ag1As1Be1,aflow:2bcb34c5267bf4e8,,,0.392694,17.5343,216,cF12,aflowlib.duke.edu:AFLOWDATA/LIB3_WEB/AgAsBe_sv/T0003.CAB
Ag1As1Be1,aflow:2e0f121ddc19ffbf,,,0.112038,17.0377,156,hP3,aflowlib.duke.edu:AFLOWDATA/LIB3_WEB/AgAsBe_sv/TBCC002.ABC
Ag1As1Be1,aflow:6fb794ae46811b77,,,0.278667,15.6903,156,hP3,aflowlib.duke.edu:AFLOWDATA/LIB3_WEB/AgAsBe_sv/TFCC001.ABC
Ag1As1Be1,aflow:94707b30f629f8ca,,,0.279404,16.1118,107,tI6,aflowlib.duke.edu:AFLOWDATA/LIB3_WEB/AgAsBe_sv/TBCC003.ABC
Ag1As1Be1,aflow:95c9685f61d3a368,,,0.281499,16.0635,107,tI6,aflowlib.duke.edu:AFLOWDATA/LIB3_WEB/AgAsBe_sv/TFCC002.ABC
Ag1As1Be1,aflow:d938bd26ace3f866,,,0.279425,16.0167,107,tI6,aflowlib.duke.edu:AFLOWDATA/LIB3_WEB/AgAsBe_sv/TFCC003.ABC
Ag1As1Be1,aflow:e555a150aae46c5a,,,0.277358,16.0857,42,oF12,aflowlib.duke.edu:AFLOWDATA/LIB3_WEB/AgAsBe_sv/TBCC001.ABC
Ag1As1Be1,aflow:ed6a0cfba982c5b6,,,0.280085,17.7071,216,cF12,aflowlib.duke.edu:AFLOWDATA/LIB3_WEB/AgAsBe_sv/T0003.ABC
Ag1As1Be2,aflow:068325062875c063,,,0.423209,14.0019,119,tI8,aflowlib.duke.edu:AFLOWDATA/LIB3_WEB/AgAsBe_sv/TFCC008.CAB
Ag1As1Be2,aflow:0cd89076564e8894,,,0.433097,13.7439,123,tP4,aflowlib.duke.edu:AFLOWDATA/LIB3_WEB/AgAsBe_sv/TBCC016.CAB
Ag1As1Be2,aflow:16ab051350e01902,,,0.40534,13.8664,47,oP4,aflowlib.duke.edu:AFLOWDATA/LIB3_WEB/AgAsBe_sv/TBCC015.CAB
Ag1As1Be2,aflow:1991e1723a27e6a0,,,0.293328,14.218,25,oP4,aflowlib.duke.edu:AFLOWDATA/LIB3_WEB/AgAsBe_sv/TFCC005.CAB
Ag1As1Be2,aflow:2c4be988cdea0399,,,0.40017,14.0558,160,hR4,aflowlib.duke.edu:AFLOWDATA/LIB3_WEB/AgAsBe_sv/TFCC004.CAB
Ag1As1Be2,aflow:37c9aa76120381a9,,,0.343565,13.6487,123,tP4,aflowlib.duke.edu:AFLOWDATA/LIB3_WEB/AgAsBe_sv/TBCC011.CAB
Ag1As1Be2,aflow:3fcdaaacd47e8350,,,0.452057,13.9774,65,oS8,aflowlib.duke.edu:AFLOWDATA/LIB3_WEB/AgAsBe_sv/TBCC009.CAB
Ag1As1Be2,aflow:4306859dcacc0296,,,0.415794,14.0098,10,mP4,aflowlib.duke.edu:AFLOWDATA/LIB3_WEB/AgAsBe_sv/TFCC014.CAB
Ag1As1Be2,aflow:543066d321bffc79,,,0.314067,14.465,10,mP4,aflowlib.duke.edu:AFLOWDATA/LIB3_WEB/AgAsBe_sv/TBCC010.CAB
Ag1As1Be2,aflow:562e51af0c85c14b,,,0.381357,13.7652,166,hR4,aflowlib.duke.edu:AFLOWDATA/LIB3_WEB/AgAsBe_sv/TFCC009.CAB
Ag1As1Be2,aflow:5c4aac15e9090be9,,,0.447202,13.6102,12,mS8,aflowlib.duke.edu:AFLOWDATA/LIB3_WEB/AgAsBe_sv/TBCC014.CAB
Ag1As1Be2,aflow:5e020a62e65b02d5,,,0.341847,13.6568,123,tP4,aflowlib.duke.edu:AFLOWDATA/LIB3_WEB/AgAsBe_sv/TFCC010.CAB
Ag1As1Be2,aflow:5eeaf0792c5192cd,,,0.352213,14.354,44,oI8,aflowlib.duke.edu:AFLOWDATA/LIB3_WEB/AgAsBe_sv/TBCC007.CAB
Ag1As1Be2,aflow:5f70b4cb944c9d6f,,,0.367041,14.7267,12,mS8,aflowlib.duke.edu:AFLOWDATA/LIB3_WEB/AgAsBe_sv/TFCC011.CAB
Ag1As1Be2,aflow:6d2048d24b98cc61,,,0.448591,13.9023,71,oI8,aflowlib.duke.edu:AFLOWDATA/LIB3_WEB/AgAsBe_sv/TBCC012.CAB
Ag1As1Be2,aflow:79f75dc8e19a8497,,,0.320198,14.1551,99,tP4,aflowlib.duke.edu:AFLOWDATA/LIB3_WEB/AgAsBe_sv/TBCC006.CAB
Ag1As1Be2,aflow:9656f9b092bd8485,,,0.308121,14.803,35,oS8,aflowlib.duke.edu:AFLOWDATA/LIB3_WEB/AgAsBe_sv/TBCC004.CAB
Ag1As1Be2,aflow:9fa9ee6cb0c3dd68,,,0.616145,14.7955,216,cF16,aflowlib.duke.edu:AFLOWDATA/LIB3_WEB/AgAsBe_sv/T0002.ABC2
Ag1As1Be2,aflow:b18d090295a018f9,,,0.41222,13.8158,123,tP4,aflowlib.duke.edu:AFLOWDATA/LIB3_WEB/AgAsBe_sv/TFCC016.CAB
Ag1As1Be2,aflow:b74da9d94787af92,,,0.450009,13.9038,123,tP4,aflowlib.duke.edu:AFLOWDATA/LIB3_WEB/AgAsBe_sv/TFCC012.CAB
Ag1As1Be2,aflow:da705df957b4197e,,,0.445344,13.8485,139,tI8,aflowlib.duke.edu:AFLOWDATA/LIB3_WEB/AgAsBe_sv/TFCC013.CAB
Ag1As1Be2,aflow:df89d030edfcf254,,,0.31393,14.5705,99,tP4,aflowlib.duke.edu:AFLOWDATA/LIB3_WEB/AgAsBe_sv/TFCC007.CAB
Ag1As1Be2,aflow:e79cff4e0ef4da65,,,0.413369,13.6971,65,oS8,aflowlib.duke.edu:AFLOWDATA/LIB3_WEB/AgAsBe_sv/TFCC015.CAB
Ag1As1Be2,aflow:f112858dda16636c,,,0.270886,14.8368,8,mS8,aflowlib.duke.edu:AFLOWDATA/LIB3_WEB/AgAsBe_sv/TFCC006.CAB
Ag1As1Be2,aflow:f50727230771fd72,,,0.471759,13.971,225,cF16,aflowlib.duke.edu:AFLOWDATA/LIB3_WEB/AgAsBe_sv/T0001.ABC2
Ag1As1Be2,aflow:f66075f3954bd4fa,,,0.16434,16.3226,6,mP4,aflowlib.duke.edu:AFLOWDATA/LIB3_WEB/AgAsBe_sv/TBCC005.CAB
Ag1As1Be4,aflow:0700e8b8419811ab,,,0.318607,11.7729,216,cF24,aflowlib.duke.edu:AFLOWDATA/LIB3_WEB/AgAsBe_sv/T0010.CAB
Ag1As1Bi1,aflow:0002829111108fe1,,,0.2084,26.7906,216,cF12,aflowlib.duke.edu:AFLOWDATA/LIB3_WEB/AgAsBi_d/T0003.ABC
Ag1As1Bi1,aflow:0aba265c4d55e15a,,,0.246221,23.4254,107,tI6,aflowlib.duke.edu:AFLOWDATA/LIB3_WEB/AgAsBi_d/TBCC001.ABC
Ag1As1Bi1,aflow:30a1f7595c9b3e13,,,0.239361,23.0021,107,tI6,aflowlib.duke.edu:AFLOWDATA/LIB3_WEB/AgAsBi_d/TBCC003.ABC
Ag1As1Bi1,aflow:6940a7bf242ffb9c,,,0.315333,27.9567,216,cF12,aflowlib.duke.edu:AFLOWDATA/LIB3_WEB/AgAsBi_d/T0003.BCA
Ag1As1Bi1,aflow:725fbfb0f45216ce,,,0.166787,25.4942,216,cF12,aflowlib.duke.edu:AFLOWDATA/LIB3_WEB/AgAsBi_d/T0003.CAB
Ag1As1Bi1,aflow:7d67f2a8cc418ec7,,,0.250158,24.2867,156,hP3,aflowlib.duke.edu:AFLOWDATA/LIB3_WEB/AgAsBi_d/TBCC002.ABC
Ag1As1Bi1,aflow:a29a25fd7ce1a5f9,,,0.245608,23.181,107,tI6,aflowlib.duke.edu:AFLOWDATA/LIB3_WEB/AgAsBi_d/TFCC003.ABC
Ag1As1Bi1,aflow:a3eedc055670c938,,,0.211385,24.598,44,oI6,aflowlib.duke.edu:AFLOWDATA/LIB3_WEB/AgAsBi_d/TFCC002.ABC
Ag1As1Bi1,aflow:e17dc2b775d12bcd,,,0.136684,24.7571,156,hP3,aflowlib.duke.edu:AFLOWDATA/LIB3_WEB/AgAsBi_d/TFCC001.ABC
Ag1As1Bi2,aflow:07d81428f7ff06d1,,,0.144172,26.2388,10,mP4,aflowlib.duke.edu:AFLOWDATA/LIB3_WEB/AgAsBi_d/TBCC010.CAB
Ag1As1Bi2,aflow:29ff52b8a18015bf,,,0.227256,25.4165,47,oP4,aflowlib.duke.edu:AFLOWDATA/LIB3_WEB/AgAsBi_d/TFCC010.CAB
Ag1As1Bi2,aflow:2f80e713a1e77eda,,,0.213858,24.8856,123,tP4,aflowlib.duke.edu:AFLOWDATA/LIB3_WEB/AgAsBi_d/TFCC016.CAB
Ag1As1Bi2,aflow:320a99dc782d92b8,,,0.115638,27.0041,166,hR4,aflowlib.duke.edu:AFLOWDATA/LIB3_WEB/AgAsBi_d/TFCC009.CAB
Ag1As1Bi2,aflow:34576a72c8a61186,,,0.225496,25.0745,123,tP4,aflowlib.duke.edu:AFLOWDATA/LIB3_WEB/AgAsBi_d/TFCC012.CAB
Ag1As1Bi2,aflow:3e3d9fc7424331d3,,,0.202627,25.4883,44,oI8,aflowlib.duke.edu:AFLOWDATA/LIB3_WEB/AgAsBi_d/TBCC007.CAB
Ag1As1Bi2,aflow:4493ec3daf6d0c4f,,,0.185306,27.1028,6,mP4,aflowlib.duke.edu:AFLOWDATA/LIB3_WEB/AgAsBi_d/TBCC005.CAB
Ag1As1Bi2,aflow:47d07efa91afaaa3,,,0.106213,26.6638,10,mP4,aflowlib.duke.edu:AFLOWDATA/LIB3_WEB/AgAsBi_d/TFCC014.CAB
Ag1As1Bi2,aflow:4715174d606342e9,,,0.236246,25.0887,225,cF16,aflowlib.duke.edu:AFLOWDATA/LIB3_WEB/AgAsBi_d/T0001.ABC2
Ag1As1Bi2,aflow:4caf971e35e9e835,,,0.212186,24.8611,123,tP4,aflowlib.duke.edu:AFLOWDATA/LIB3_WEB/AgAsBi_d/TBCC016.CAB
Ag1As1Bi2,aflow:4f9aa157d52c47cc,,,0.283475,25.6973,216,cF16,aflowlib.duke.edu:AFLOWDATA/LIB3_WEB/AgAsBi_d/T0002.ABC2
Ag1As1Bi2,aflow:51ebf8cf719e18a6,,,0.259257,25.6932,119,tI8,aflowlib.duke.edu:AFLOWDATA/LIB3_WEB/AgAsBi_d/TFCC008.CAB
Ag1As1Bi2,aflow:523e2794aa0e5b01,,,0.236623,25.6771,47,oP4,aflowlib.duke.edu:AFLOWDATA/LIB3_WEB/AgAsBi_d/TBCC015.CAB
Ag1As1Bi2,aflow:542f4f3566902781,,,0.194532,25.7591,8,mS8,aflowlib.duke.edu:AFLOWDATA/LIB3_WEB/AgAsBi_d/TFCC006.CAB
Ag1As1Bi2,aflow:595bad53604aa0b2,,,0.233966,25.0651,139,tI8,aflowlib.duke.edu:AFLOWDATA/LIB3_WEB/AgAsBi_d/TFCC013.CAB
Ag1As1Bi2,aflow:63a7131e833a8fe2,,,0.247718,25.6816,71,oI8,aflowlib.duke.edu:AFLOWDATA/LIB3_WEB/AgAsBi_d/TBCC012.CAB
Ag1As1Bi2,aflow:795130dd7da97057,,,0.233714,24.9206,65,oS8,aflowlib.duke.edu:AFLOWDATA/LIB3_WEB/AgAsBi_d/TBCC009.CAB
Ag1As1Bi2,aflow:881da6086c401c2b,,,0.12708,26.9034,160,hR4,aflowlib.duke.edu:AFLOWDATA/LIB3_WEB/AgAsBi_d/TFCC004.CAB
Ag1As1Bi2,aflow:895ccbdbec6002da,,,0.231223,25.5577,35,oS8,aflowlib.duke.edu:AFLOWDATA/LIB3_WEB/AgAsBi_d/TBCC004.CAB
Ag1As1Bi2,aflow:9437d661cf9400fa,,,0.160991,26.1875,99,tP4,aflowlib.duke.edu:AFLOWDATA/LIB3_WEB/AgAsBi_d/TBCC006.CAB
Ag1As1Bi2,aflow:9bbb006b99cc0791,,,0.215481,24.943,123,tP4,aflowlib.duke.edu:AFLOWDATA/LIB3_WEB/AgAsBi_d/TBCC011.CAB
Ag1As1Bi2,aflow:a77992f45a0b3b8b,,,0.159095,25.9233,99,tP4,aflowlib.duke.edu:AFLOWDATA/LIB3_WEB/AgAsBi_d/TFCC007.CAB
Ag1As1Bi2,aflow:c62ec3d99af074f6,,,0.215134,24.8489,65,oS8,aflowlib.duke.edu:AFLOWDATA/LIB3_WEB/AgAsBi_d/TFCC015.CAB
Ag1As1Bi2,aflow:d0a40d9fa84b9891,,,0.221762,25.1924,12,mP4,aflowlib.duke.edu:AFLOWDATA/LIB3_WEB/AgAsBi_d/TBCC014.CAB
Ag1As1Bi2,aflow:d3de0808f589195e,,,0.159042,26.0123,25,oP4,aflowlib.duke.edu:AFLOWDATA/LIB3_WEB/AgAsBi_d/TFCC005.CAB
Ag1As1Bi2,aflow:e23a444639c42563,,,0.117596,26.6924,12,mS8,aflowlib.duke.edu:AFLOWDATA/LIB3_WEB/AgAsBi_d/TFCC011.CAB
Ag1As1Bi4,aflow:eb4687e5b3f6020d,,,0.562986,31.2905,216,cF24,aflowlib.duke.edu:AFLOWDATA/LIB3_WEB/AgAsBi_d/T0010.CAB
Ag1As1Br1,aflow:0ad6ebddafe3aed4,,,0.172566,23.1022,156,hP3,aflowlib.duke.edu:AFLOWDATA/LIB3_WEB/AgAsBr/TBCC002.ABC
Ag1As1Br1,aflow:49171278f2207954,,,0.235771,21.7501,107,tI6,aflowlib.duke.edu:AFLOWDATA/LIB3_WEB/AgAsBr/TFCC003.ABC
Ag1As1Br1,aflow:4d7d4f8a5ac54cfd,,,-0.00723667,27.4767,44,oI6,aflowlib.duke.edu:AFLOWDATA/LIB3_WEB/AgAsBr/TFCC002.ABC
Ag1As1Br1,aflow:6aceebcea9498a1f,,,0.157347,23.0894,156,hP3,aflowlib.duke.edu:AFLOWDATA/LIB3_WEB/AgAsBr/TFCC001.ABC
Ag1As1Br1,aflow:70938e0944ab0b7d,,,0.235142,21.8678,107,tI6,aflowlib.duke.edu:AFLOWDATA/LIB3_WEB/AgAsBr/TBCC003.ABC
Ag1As1Br1,aflow:9ba434124ccd1a79,,,0.741717,26.2209,216,cF12,aflowlib.duke.edu:AFLOWDATA/LIB3_WEB/AgAsBr/T0003.BCA
Ag1As1Br1,aflow:b48977ee93d1ca6b,,,0.214174,23.6141,42,oF12,aflowlib.duke.edu:AFLOWDATA/LIB3_WEB/AgAsBr/TBCC001.ABC
Ag1As1Br1,aflow:d25f39133a68b9d5,,,0.497287,24.7044,216,cF12,aflowlib.duke.edu:AFLOWDATA/LIB3_WEB/AgAsBr/T0003.CAB
Ag1As1Br1,aflow:e410e7cc996ade12,,,0.550377,25.9102,216,cF12,aflowlib.duke.edu:AFLOWDATA/LIB3_WEB/AgAsBr/T0003.ABC
Ag1As1Br2,aflow:0ae81c3075126dd2,,,0.20326,23.8179,166,hR4,aflowlib.duke.edu:AFLOWDATA/LIB3_WEB/AgAsBr/TFCC009.CAB
Ag1As1Br2,aflow:15e1ccd944fa2cd1,,,0.126616,25.9305,99,tP4,aflowlib.duke.edu:AFLOWDATA/LIB3_WEB/AgAsBr/TBCC006.CAB
Ag1As1Br2,aflow:19ee3527be142ea6,,,-0.141363,34.5372,8,mS8,aflowlib.duke.edu:AFLOWDATA/LIB3_WEB/AgAsBr/TFCC006.CAB
Ag1As1Br2,aflow:1e0385b7ff5bf44d,,,0.153292,25.2995,71,oI8,aflowlib.duke.edu:AFLOWDATA/LIB3_WEB/AgAsBr/TBCC012.CAB
Ag1As1Br2,aflow:20b66c17b525da9c,,,0.358231,23.1248,139,tI8,aflowlib.duke.edu:AFLOWDATA/LIB3_WEB/AgAsBr/TFCC013.CAB
Ag1As1Br2,aflow:2189d66dcb0cd5a5,,,0.115113,24.8408,10,mP4,aflowlib.duke.edu:AFLOWDATA/LIB3_WEB/AgAsBr/TFCC014.CAB
Ag1As1Br2,aflow:27cc8ce5787e3051,,,0.127545,24.8368,99,tP4,aflowlib.duke.edu:AFLOWDATA/LIB3_WEB/AgAsBr/TFCC007.CAB
Ag1As1Br2,aflow:2b263124c58857d5,,,0.155054,29.0209,47,oP4,aflowlib.duke.edu:AFLOWDATA/LIB3_WEB/AgAsBr/TBCC015.CAB
Ag1As1Br2,aflow:3ee0c9f1445181d4,,,0.17234,28.4994,119,tI8,aflowlib.duke.edu:AFLOWDATA/LIB3_WEB/AgAsBr/TFCC008.CAB
Ag1As1Br2,aflow:42059501fb41080d,,,0.0713051,26.4637,35,oS8,aflowlib.duke.edu:AFLOWDATA/LIB3_WEB/AgAsBr/TBCC004.CAB
Ag1As1Br2,aflow:4bc56d219dac138b,,,-0.069341,29.5609,25,oP4,aflowlib.duke.edu:AFLOWDATA/LIB3_WEB/AgAsBr/TFCC005.CAB
Ag1As1Br2,aflow:52dd86b4ee087434,,,0.0917099,25.9105,10,mP4,aflowlib.duke.edu:AFLOWDATA/LIB3_WEB/AgAsBr/TBCC010.CAB
Ag1As1Br2,aflow:5f73a4205cca3417,,,0.084101,26.5896,12,mS8,aflowlib.duke.edu:AFLOWDATA/LIB3_WEB/AgAsBr/TFCC011.CAB
Ag1As1Br2,aflow:63aed109f391fc56,,,0.275241,22.9321,123,tP4,aflowlib.duke.edu:AFLOWDATA/LIB3_WEB/AgAsBr/TFCC015.CAB
Ag1As1Br2,aflow:675eef4e59681284,,,0.272877,22.9322,123,tP4,aflowlib.duke.edu:AFLOWDATA/LIB3_WEB/AgAsBr/TFCC016.CAB
Ag1As1Br2,aflow:7468ad3292da6c69,,,0.488457,23.0335,216,cF16,aflowlib.duke.edu:AFLOWDATA/LIB3_WEB/AgAsBr/T0002.ABC2
Ag1As1Br2,aflow:837f897306c3699e,,,0.325633,23.0396,123,tP4,aflowlib.duke.edu:AFLOWDATA/LIB3_WEB/AgAsBr/TFCC010.CAB
Ag1As1Br2,aflow:84bfba83c2c0de7d,,,0.324592,23.0141,123,tP4,aflowlib.duke.edu:AFLOWDATA/LIB3_WEB/AgAsBr/TFCC012.CAB
Ag1As1Br2,aflow:9d169afa38927572,,,0.0698904,26.4374,12,mS8,aflowlib.duke.edu:AFLOWDATA/LIB3_WEB/AgAsBr/TBCC014.CAB
Ag1As1Br2,aflow:c65a5c64ab56f9eb,,,0.275386,22.9626,123,tP4,aflowlib.duke.edu:AFLOWDATA/LIB3_WEB/AgAsBr/TBCC016.CAB
Ag1As1Br2,aflow:d1bb5ac306428876,,,0.0505348,27.2075,44,oI8,aflowlib.duke.edu:AFLOWDATA/LIB3_WEB/AgAsBr/TBCC007.CAB
Ag1As1Br2,aflow:d87631669b37ef4c,,,0.357676,23.1949,225,cF16,aflowlib.duke.edu:AFLOWDATA/LIB3_WEB/AgAsBr/T0001.ABC2
Ag1As1Br2,aflow:e315159e31131c02,,,0.164947,25.2928,65,oS8,aflowlib.duke.edu:AFLOWDATA/LIB3_WEB/AgAsBr/TBCC009.CAB
Ag1As1Br2,aflow:f3ab71004ec69c63,,,0.0942205,27.1806,6,mP4,aflowlib.duke.edu:AFLOWDATA/LIB3_WEB/AgAsBr/TBCC005.CAB
Ag1As1Br2,aflow:ffb55631a0e68266,,,0.325421,22.9345,123,tP4,aflowlib.duke.edu:AFLOWDATA/LIB3_WEB/AgAsBr/TBCC011.CAB
Ag1As1Br4,aflow:d2432fba3196d0a5,,,0.807658,29.3844,216,cF24,aflowlib.duke.edu:AFLOWDATA/LIB3_WEB/AgAsBr/T0010.CAB
Ag1As1C4F6N4S8,aflow:ced8d0fac1fd3c4d,2.8043,insulator-indirect,,22.1424,81,tP24,aflowlib.duke.edu:AFLOWDATA/ICSD_WEB/TET/Ag1As1C4F6N4S8_ICSD_61131
Ag1As1Ca1,aflow:016cfa9027b370f9,,,-0.679794,23.5051,156,hP3,aflowlib.duke.edu:AFLOWDATA/LIB3_WEB/AgAsCa_sv/TBCC002.ABC
Ag1As1Ca1,aflow:03d1f3e8102e8803,,,-0.707477,24.4611,216,cF12,aflowlib.duke.edu:AFLOWDATA/LIB3_WEB/AgAsCa_sv/T0003.ABC
Ag1As1Ca1,aflow:24ab3a67d1fb8cb5,,,-0.421177,23.3807,42,oF12,aflowlib.duke.edu:AFLOWDATA/LIB3_WEB/AgAsCa_sv/TBCC001.ABC
Ag1As1Ca1,aflow:34415e00dd419ca8,,,-0.423144,23.2277,107,tI6,aflowlib.duke.edu:AFLOWDATA/LIB3_WEB/AgAsCa_sv/TFCC002.ABC
Ag1As1Ca1,aflow:97e03b462e02272b,,,-0.42303,23.1713,107,tI6,aflowlib.duke.edu:AFLOWDATA/LIB3_WEB/AgAsCa_sv/TBCC003.ABC
Ag1As1Ca1,aflow:ade255f2d9d42f56,,,-0.194449,26.3369,216,cF12,aflowlib.duke.edu:AFLOWDATA/LIB3_WEB/AgAsCa_sv/T0003.BCA
Ag1As1Ca1,aflow:c7664afc0518356f,,,-0.677192,23.7255,156,hP3,aflowlib.duke.edu:AFLOWDATA/LIB3_WEB/AgAsCa_sv/TFCC001.ABC
Ag1As1Ca1,aflow:c934ff35f116766a,,,-0.595471,23.8249,216,cF12,aflowlib.duke.edu:AFLOWDATA/LIB3_WEB/AgAsCa_sv/T0003.CAB
Ag1As1Ca1,aflow:ff9653cc2584b91c,,,-0.422915,23.1854,107,tI6,aflowlib.duke.edu:AFLOWDATA/LIB3_WEB/AgAsCa_sv/TFCC003.ABC
Ag1As1Ca2,aflow:0a9c6ff7d41aded6,,,-0.1992,24.9216,216,cF16,aflowlib.duke.edu:AFLOWDATA/LIB3_WEB/AgAsCa_sv/T0002.ABC2
Ag1As1Ca2,aflow:0cdafc8a858ef43d,,,-0.708184,24.437,99,tP4,aflowlib.duke.edu:AFLOWDATA/LIB3_WEB/AgAsCa_sv/TBCC005.CAB
Ag1As1Ca2,aflow:0c41d5e52790437a,,,-0.606434,28.3631,99,tP4,aflowlib.duke.edu:AFLOWDATA/LIB3_WEB/AgAsCa_sv/TBCC004.CAB
Ag1As1Ca2,aflow:139cd32fba9d5b49,,,-0.608242,27.8887,25,oP4,aflowlib.duke.edu:AFLOWDATA/LIB3_WEB/AgAsCa_sv/TFCC005.CAB
Ag1As1Ca2,aflow:14f178e9af1cb13e,,,-0.698384,29.508,166,hR4,aflowlib.duke.edu:AFLOWDATA/LIB3_WEB/AgAsCa_sv/TFCC009.CAB
Ag1As1Ca2,aflow:16a3ddcef628f1b7,,,-0.496557,30.4966,160,hR4,aflowlib.duke.edu:AFLOWDATA/LIB3_WEB/AgAsCa_sv/TFCC004.CAB
Ag1As1Ca2,aflow:17d9e9f1999defe3,,,-0.610132,28.052,99,tP4,aflowlib.duke.edu:AFLOWDATA/LIB3_WEB/AgAsCa_sv/TFCC007.CAB
Ag1As1Ca2,aflow:35643e0f50e08ebc,,,-0.610768,28.1706,99,tP4,aflowlib.duke.edu:AFLOWDATA/LIB3_WEB/AgAsCa_sv/TBCC006.CAB
Ag1As1Ca2,aflow:3863933d3b4eb6a5,,,-0.523207,24.8369,119,tI8,aflowlib.duke.edu:AFLOWDATA/LIB3_WEB/AgAsCa_sv/TFCC008.CAB
Ag1As1Ca2,aflow:3c1c158b993228ec,,,-0.675844,24.7221,123,tP4,aflowlib.duke.edu:AFLOWDATA/LIB3_WEB/AgAsCa_sv/TFCC012.CAB
Ag1As1Ca2,aflow:542a7e4f91f4948d,,,-0.697901,29.5269,12,mS8,aflowlib.duke.edu:AFLOWDATA/LIB3_WEB/AgAsCa_sv/TFCC011.CAB
Ag1As1Ca2,aflow:57a7c3ef998d9d91,,,-0.708714,24.3927,123,tP4,aflowlib.duke.edu:AFLOWDATA/LIB3_WEB/AgAsCa_sv/TFCC016.CAB
Ag1As1Ca2,aflow:6136b8b91fabf37d,,,-0.675561,24.6068,123,tP4,aflowlib.duke.edu:AFLOWDATA/LIB3_WEB/AgAsCa_sv/TBCC011.CAB
Ag1As1Ca2,aflow:610054e31929821c,,,-0.709044,24.286,10,mP4,aflowlib.duke.edu:AFLOWDATA/LIB3_WEB/AgAsCa_sv/TBCC014.CAB
Ag1As1Ca2,aflow:689ff7058874346c,,,-0.683959,24.523,47,oP4,aflowlib.duke.edu:AFLOWDATA/LIB3_WEB/AgAsCa_sv/TFCC010.CAB
Ag1As1Ca2,aflow:7621bfb6bb32d059,,,-0.708686,24.2694,123,tP4,aflowlib.duke.edu:AFLOWDATA/LIB3_WEB/AgAsCa_sv/TBCC016.CAB
Ag1As1Ca2,aflow:82cc474813aca4b3,,,-0.686921,24.5232,10,mP4,aflowlib.duke.edu:AFLOWDATA/LIB3_WEB/AgAsCa_sv/TBCC010.CAB
Ag1As1Ca2,aflow:9e4927582224918e,,,-0.675259,24.9239,123,tP4,aflowlib.duke.edu:AFLOWDATA/LIB3_WEB/AgAsCa_sv/TBCC009.CAB
Ag1As1Ca2,aflow:9f1f78f29bd89222,,,-0.732366,24.3862,225,cF16,aflowlib.duke.edu:AFLOWDATA/LIB3_WEB/AgAsCa_sv/T0001.ABC2
Ag1As1Ca2,aflow:a04ecf2c46a4aab7,,,-0.707365,24.2722,123,tP4,aflowlib.duke.edu:AFLOWDATA/LIB3_WEB/AgAsCa_sv/TBCC015.CAB
Ag1As1Ca2,aflow:ae66c841e585deab,,,-0.709089,24.4063,123,tP4,aflowlib.duke.edu:AFLOWDATA/LIB3_WEB/AgAsCa_sv/TFCC015.CAB
Ag1As1Ca2,aflow:af1d1ed45407be2f,,,-0.611141,28.163,10,mP4,aflowlib.duke.edu:AFLOWDATA/LIB3_WEB/AgAsCa_sv/TFCC014.CAB
Ag1As1Ca2,aflow:c6c41c3aeca95c32,,,-0.732077,24.4243,225,cF16,aflowlib.duke.edu:AFLOWDATA/LIB3_WEB/AgAsCa_sv/TBCC012.CAB
Ag1As1Ca2,aflow:d1442b27d970764c,,,-0.732411,24.3645,225,cF16,aflowlib.duke.edu:AFLOWDATA/LIB3_WEB/AgAsCa_sv/TFCC013.CAB
Ag1As1Ca2,aflow:efe52b2a77d7a05f,,,-0.74318,25.801,38,oS8,aflowlib.duke.edu:AFLOWDATA/LIB3_WEB/AgAsCa_sv/TFCC006.CAB
Ag1As1Ca2,aflow:fe973bcfb7a8b91e,,,-0.550025,25.1902,44,oI8,aflowlib.duke.edu:AFLOWDATA/LIB3_WEB/AgAsCa_sv/TBCC007.CAB
Ag1As1Ca4,aflow:035982c3f839bba4,,,0.293764,32.4757,216,cF24,aflowlib.duke.edu:AFLOWDATA/LIB3_WEB/AgAsCa_sv/T0010.CAB
Ag1As1Cd1,aflow:135a78873c54ac42,,,-0.00239733,22.6379,216,cF12,aflowlib.duke.edu:AFLOWDATA/LIB3_WEB/AgAsCd/T0003.ABC
Ag1As1Cd1,aflow:25cc5123612e63c5,,,0.14826,20.4626,156,hP3,aflowlib.duke.edu:AFLOWDATA/LIB3_WEB/AgAsCd/TBCC002.ABC
Ag1As1Cd1,aflow:3959c95e8f2f92a3,0,metal,0.892306,22.7385,216,cF12,aflowlib.duke.edu:AFLOWDATA/LIB3_WEB/AgAsCd/T0003.ABC:LDAU2
Ag1As1Cd1,aflow:3cc7561b8381e413,,,0.106124,20.0126,44,oI6,aflowlib.duke.edu:AFLOWDATA/LIB3_WEB/AgAsCd/TFCC002.ABC
Ag1As1Cd1,aflow:3ff98a7c98b1195a,,,0.084399,22.2607,216,cF12,aflowlib.duke.edu:AFLOWDATA/LIB3_WEB/AgAsCd/T0003.CAB
Ag1As1Cd1,aflow:563b9cc8e86b9fb0,,,0.127947,19.9838,42,oF12,aflowlib.duke.edu:AFLOWDATA/LIB3_WEB/AgAsCd/TBCC001.ABC
Ag1As1Cd1,aflow:66bbdc55b34a2325,,,0.127559,19.8717,107,tI6,aflowlib.duke.edu:AFLOWDATA/LIB3_WEB/AgAsCd/TFCC003.ABC
Ag1As1Cd1,aflow:c9172ba05529b623,,,0.146566,22.8879,216,cF12,aflowlib.duke.edu:AFLOWDATA/LIB3_WEB/AgAsCd/T0003.BCA
Ag1As1Cd1,aflow:f19b35aa1253c04d,,,0.133072,19.8554,156,hP3,aflowlib.duke.edu:AFLOWDATA/LIB3_WEB/AgAsCd/TFCC001.ABC
Ag1As1Cd1,aflow:f9c95bae50fadd9b,,,0.119494,20.2299,107,tI6,aflowlib.duke.edu:AFLOWDATA/LIB3_WEB/AgAsCd/TBCC003.ABC
Ag1As1Cd2,aflow:01385591b2382ee3,,,0.0831645,20.465,25,oP4,aflowlib.duke.edu:AFLOWDATA/LIB3_WEB/AgAsCd/TFCC005.CAB
Ag1As1Cd2,aflow:0afd42235ae881b0,0,metal,0.101641,20.8408,225,cF16,aflowlib.duke.edu:AFLOWDATA/LIB3_WEB/AgAsCd/T0001.ABC2
Ag1As1Cd2,aflow:0b4bd4740bf7b735,,,0.121013,20.7743,71,oI8,aflowlib.duke.edu:AFLOWDATA/LIB3_WEB/AgAsCd/TBCC012.CAB
Ag1As1Cd2,aflow:1e1e7e92f8b5a727,,,0.106705,20.5587,35,oS8,aflowlib.duke.edu:AFLOWDATA/LIB3_WEB/AgAsCd/TBCC004.CAB
Ag1As1Cd2,aflow:2048fe7da7297e8d,,,0.127983,20.6747,123,tP4,aflowlib.duke.edu:AFLOWDATA/LIB3_WEB/AgAsCd/TBCC016.CAB
Ag1As1Cd2,aflow:2109e205f49b34e0,,,0.102355,20.3789,160,hR4,aflowlib.duke.edu:AFLOWDATA/LIB3_WEB/AgAsCd/TFCC004.CAB
Ag1As1Cd2,aflow:2807bc4a0c2584b1,,,0.105496,20.4478,99,tP4,aflowlib.duke.edu:AFLOWDATA/LIB3_WEB/AgAsCd/TFCC007.CAB
Ag1As1Cd2,aflow:311821b234cdf8fe,,,0.0708933,20.4419,47,oP4,aflowlib.duke.edu:AFLOWDATA/LIB3_WEB/AgAsCd/TFCC010.CAB
Ag1As1Cd2,aflow:3b5a6428a738ad6a,,,0.0864275,20.7887,99,tP4,aflowlib.duke.edu:AFLOWDATA/LIB3_WEB/AgAsCd/TBCC006.CAB
Ag1As1Cd2,aflow:4921cd193216c23f,,,0.0965277,20.7883,10,mP4,aflowlib.duke.edu:AFLOWDATA/LIB3_WEB/AgAsCd/TBCC010.CAB
Ag1As1Cd2,aflow:4ca3a38ab203ad8a,,,0.0835805,20.4148,65,oS8,aflowlib.duke.edu:AFLOWDATA/LIB3_WEB/AgAsCd/TFCC015.CAB
Ag1As1Cd2,aflow:6b51b8befee099ff,,,0.102721,20.3945,166,hR4,aflowlib.duke.edu:AFLOWDATA/LIB3_WEB/AgAsCd/TFCC009.CAB
Ag1As1Cd2,aflow:833c631729b49e5b,,,0.0970115,20.4011,12,mS8,aflowlib.duke.edu:AFLOWDATA/LIB3_WEB/AgAsCd/TFCC011.CAB
Ag1As1Cd2,aflow:84bdbe9c20ee7f6a,,,0.0928942,20.4186,12,mS8,aflowlib.duke.edu:AFLOWDATA/LIB3_WEB/AgAsCd/TBCC014.CAB
Ag1As1Cd2,aflow:8775156442a4ad83,,,0.0961067,20.3804,10,mP4,aflowlib.duke.edu:AFLOWDATA/LIB3_WEB/AgAsCd/TFCC014.CAB
Ag1As1Cd2,aflow:89ae952853ff39aa,,,0.0655515,20.4734,119,tI8,aflowlib.duke.edu:AFLOWDATA/LIB3_WEB/AgAsCd/TFCC008.CAB
Ag1As1Cd2,aflow:8fd4a7996ef6c0cb,,,0.0604482,20.4574,123,tP4,aflowlib.duke.edu:AFLOWDATA/LIB3_WEB/AgAsCd/TFCC016.CAB
Ag1As1Cd2,aflow:8f03ccf4fc240551,,,0.0760205,20.6294,8,mS8,aflowlib.duke.edu:AFLOWDATA/LIB3_WEB/AgAsCd/TFCC006.CAB
Ag1As1Cd2,aflow:995c01e3b3726a94,,,0.0897862,20.8708,6,mP4,aflowlib.duke.edu:AFLOWDATA/LIB3_WEB/AgAsCd/TBCC005.CAB
Ag1As1Cd2,aflow:9e274753cf2cf9eb,,,0.06039,20.4814,47,oP4,aflowlib.duke.edu:AFLOWDATA/LIB3_WEB/AgAsCd/TBCC015.CAB
Ag1As1Cd2,aflow:a785c08c362a2a94,,,0.071449,20.5117,139,tI8,aflowlib.duke.edu:AFLOWDATA/LIB3_WEB/AgAsCd/TFCC013.CAB
Ag1As1Cd2,aflow:a90cbb7e7ab63af8,,,0.0833992,20.4403,65,oS8,aflowlib.duke.edu:AFLOWDATA/LIB3_WEB/AgAsCd/TBCC009.CAB
Ag1As1Cd2,aflow:ac9fb2b6f6f02208,,,0.057654,20.6881,123,tP4,aflowlib.duke.edu:AFLOWDATA/LIB3_WEB/AgAsCd/TBCC011.CAB
Ag1As1Cd2,aflow:d041db4645b6e4af,,,0.082438,20.4316,123,tP4,aflowlib.duke.edu:AFLOWDATA/LIB3_WEB/AgAsCd/TFCC012.CAB
Ag1As1Cd2,aflow:e062aec339df9432,,,0.0669556,21.6909,44,oI8,aflowlib.duke.edu:AFLOWDATA/LIB3_WEB/AgAsCd/TBCC007.CAB
Ag1As1Cd2,aflow:fd89b9b1b212bc89,0,metal,0.115373,20.811,216,cF16,aflowlib.duke.edu:AFLOWDATA/LIB3_WEB/AgAsCd/T0002.ABC2
Ag1As1Cd4,aflow:fd7af6d9b324a8d1,,,0.238184,22.1062,216,cF24,aflowlib.duke.edu:AFLOWDATA/LIB3_WEB/AgAsCd/T0010.CAB
Ag1As1Cl1,aflow:140b207ff0197443,,,0.307554,20.0816,156,hP3,aflowlib.duke.edu:AFLOWDATA/LIB3_WEB/AgAsCl/TBCC002.ABC
Ag1As1Cl1,aflow:26989deb23fd7e7a,,,0.455379,23.9204,216,cF12,aflowlib.duke.edu:AFLOWDATA/LIB3_WEB/AgAsCl/T0003.ABC
Ag1As1Cl1,aflow:4feecaa713db2403,,,0.436637,23.4676,216,cF12,aflowlib.duke.edu:AFLOWDATA/LIB3_WEB/AgAsCl/T0003.CAB
Ag1As1Cl1,aflow:5481c4fe6bc226da,,,0.0824069,21.7896,42,oF12,aflowlib.duke.edu:AFLOWDATA/LIB3_WEB/AgAsCl/TBCC001.ABC
Ag1As1Cl1,aflow:7453be281d9c2c02,,,0.706922,24.043,216,cF12,aflowlib.duke.edu:AFLOWDATA/LIB3_WEB/AgAsCl/T0003.BCA
Ag1As1Cl1,aflow:7b6fc4586728b37e,,,0.0772503,21.4517,156,hP3,aflowlib.duke.edu:AFLOWDATA/LIB3_WEB/AgAsCl/TFCC001.ABC
Ag1As1Cl1,aflow:b2b76dfdad4cf3ad,,,-0.11634,26.1185,44,oI6,aflowlib.duke.edu:AFLOWDATA/LIB3_WEB/AgAsCl/TFCC002.ABC
Ag1As1Cl1,aflow:ea34e1780f84cb34,,,0.119413,19.9085,107,tI6,aflowlib.duke.edu:AFLOWDATA/LIB3_WEB/AgAsCl/TFCC003.ABC
Ag1As1Cl1,aflow:edf59e7dc61312b7,,,0.120291,19.9955,107,tI6,aflowlib.duke.edu:AFLOWDATA/LIB3_WEB/AgAsCl/TBCC003.ABC
Ag1As1Cl2,aflow:07b1e759b6cd6ba5,,,0.256464,20.6265,225,cF16,aflowlib.duke.edu:AFLOWDATA/LIB3_WEB/AgAsCl/T0001.ABC2
Ag1As1Cl2,aflow:0dd911674538b205,,,-0.0406146,22.3607,10,mP4,aflowlib.duke.edu:AFLOWDATA/LIB3_WEB/AgAsCl/TBCC010.CAB
Ag1As1Cl2,aflow:1333db454f7fe846,,,-0.229428,24.0399,160,hR4,aflowlib.duke.edu:AFLOWDATA/LIB3_WEB/AgAsCl/TFCC004.CAB
Ag1As1Cl2,aflow:222f75a33985175d,,,-0.00173575,22.2807,99,tP4,aflowlib.duke.edu:AFLOWDATA/LIB3_WEB/AgAsCl/TFCC007.CAB
Ag1As1Cl2,aflow:2bfc209dc43144c5,,,0.176161,20.3558,123,tP4,aflowlib.duke.edu:AFLOWDATA/LIB3_WEB/AgAsCl/TFCC016.CAB
Ag1As1Cl2,aflow:2b3923222ba744d8,,,-0.132529,26.6593,12,mS8,aflowlib.duke.edu:AFLOWDATA/LIB3_WEB/AgAsCl/TFCC011.CAB
Ag1As1Cl2,aflow:377f47e1d529aae7,,,0.0677,22.5134,47,oP4,aflowlib.duke.edu:AFLOWDATA/LIB3_WEB/AgAsCl/TBCC015.CAB
Ag1As1Cl2,aflow:3be1ec222878aabb,,,0.175078,20.2793,65,oS8,aflowlib.duke.edu:AFLOWDATA/LIB3_WEB/AgAsCl/TFCC015.CAB
Ag1As1Cl2,aflow:4136a7b855e1113d,,,-0.311645,30.0712,8,mS8,aflowlib.duke.edu:AFLOWDATA/LIB3_WEB/AgAsCl/TFCC006.CAB
Ag1As1Cl2,aflow:4962b5078e172922,,,0.346299,20.2117,216,cF16,aflowlib.duke.edu:AFLOWDATA/LIB3_WEB/AgAsCl/T0002.ABC2
Ag1As1Cl2,aflow:535318c25abefa64,,,0.013059,21.2049,65,oS8,aflowlib.duke.edu:AFLOWDATA/LIB3_WEB/AgAsCl/TBCC009.CAB
Ag1As1Cl2,aflow:5bdb5efb9603d427,,,0.257425,20.5894,139,tI8,aflowlib.duke.edu:AFLOWDATA/LIB3_WEB/AgAsCl/TFCC013.CAB
Ag1As1Cl2,aflow:5d37f12424213f42,,,-0.0575152,23.5628,35,oS8,aflowlib.duke.edu:AFLOWDATA/LIB3_WEB/AgAsCl/TBCC004.CAB
Ag1As1Cl2,aflow:71421e7f957fb76c,,,-0.12863,25.9912,71,oI8,aflowlib.duke.edu:AFLOWDATA/LIB3_WEB/AgAsCl/TBCC012.CAB
Ag1As1Cl2,aflow:7641aa641413c596,,,-0.001867,22.4334,99,tP4,aflowlib.duke.edu:AFLOWDATA/LIB3_WEB/AgAsCl/TBCC006.CAB
Ag1As1Cl2,aflow:80a19d39a29b4084,,,0.0387823,20.7094,166,hR4,aflowlib.duke.edu:AFLOWDATA/LIB3_WEB/AgAsCl/TFCC009.CAB
Ag1As1Cl2,aflow:8facbbe19a0a1899,,,-0.0405958,22.9888,12,mS8,aflowlib.duke.edu:AFLOWDATA/LIB3_WEB/AgAsCl/TBCC014.CAB
Ag1As1Cl2,aflow:90423edacd48e5dc,,,0.0882595,25.081,119,tI8,aflowlib.duke.edu:AFLOWDATA/LIB3_WEB/AgAsCl/TFCC008.CAB
Ag1As1Cl2,aflow:9087fe8663857d46,,,0.145299,20.5159,123,tP4,aflowlib.duke.edu:AFLOWDATA/LIB3_WEB/AgAsCl/TBCC011.CAB
Ag1As1Cl2,aflow:a003f0481327287e,,,-0.0618491,24.2336,44,oI8,aflowlib.duke.edu:AFLOWDATA/LIB3_WEB/AgAsCl/TBCC007.CAB
Ag1As1Cl2,aflow:acae7c15a0161ed1,,,0.176119,20.3593,123,tP4,aflowlib.duke.edu:AFLOWDATA/LIB3_WEB/AgAsCl/TBCC016.CAB
Ag1As1Cl2,aflow:ad829ea4176e3139,,,-0.0371137,22.3189,6,mP4,aflowlib.duke.edu:AFLOWDATA/LIB3_WEB/AgAsCl/TBCC005.CAB
Ag1As1Cl2,aflow:b10e5d2b47fe5d4a,,,-0.000858,22.023,99,tP4,aflowlib.duke.edu:AFLOWDATA/LIB3_WEB/AgAsCl/TFCC005.CAB
Ag1As1Cl2,aflow:b8046dc4a57bc8b6,,,0.0558883,22.0098,10,mP4,aflowlib.duke.edu:AFLOWDATA/LIB3_WEB/AgAsCl/TFCC014.CAB
Ag1As1Cl2,aflow:b9c7047bddb55c4a,,,0.144026,20.5669,123,tP4,aflowlib.duke.edu:AFLOWDATA/LIB3_WEB/AgAsCl/TFCC012.CAB
Ag1As1Cl2,aflow:f4ae1f198b4128b3,,,0.143984,20.5803,123,tP4,aflowlib.duke.edu:AFLOWDATA/LIB3_WEB/AgAsCl/TFCC010.CAB
Ag1As1Cl4,aflow:25c0a2ee501e7e5d,,,0.761647,23.2515,216,cF24,aflowlib.duke.edu:AFLOWDATA/LIB3_WEB/AgAsCl/T0010.CAB
Ag1As1Co1,aflow:0b17d48f32b77ac5,,,0.104435,15.5097,42,oF12,aflowlib.duke.edu:AFLOWDATA/LIB3_WEB/AgAsCo/TBCC001.ABC
Ag1As1Co1,aflow:2243e6c8fb3e5a68,,,0.10728,15.6595,107,tI6,aflowlib.duke.edu:AFLOWDATA/LIB3_WEB/AgAsCo/TFCC003.ABC
Ag1As1Co1,aflow:2dc3e79a907ea191,,,0.101374,15.3496,44,oI6,aflowlib.duke.edu:AFLOWDATA/LIB3_WEB/AgAsCo/TFCC002.ABC
Ag1As1Co1,aflow:3d2d33d75b7d3855,,,0.131774,15.822,187,hP3,aflowlib.duke.edu:AFLOWDATA/LIB3_WEB/AgAsCo/TBCC002.ABC
Ag1As1Co1,aflow:45555b00ef74e1e7,,,0.221034,16.6729,216,cF12,aflowlib.duke.edu:AFLOWDATA/LIB3_WEB/AgAsCo/T0003.BCA
Ag1As1Co1,aflow:586038c03a9938f0,,,0.167984,16.0975,156,hP3,aflowlib.duke.edu:AFLOWDATA/LIB3_WEB/AgAsCo/TFCC001.ABC
Ag1As1Co1,aflow:65a43675d065641c,,,0.30044,16.928,216,cF12,aflowlib.duke.edu:AFLOWDATA/LIB3_WEB/AgAsCo/T0003.ABC
Ag1As1Co1,aflow:a6eaf09adce20634,,,0.722335,17.8749,216,cF12,aflowlib.duke.edu:AFLOWDATA/LIB3_WEB/AgAsCo/T0003.CAB
Ag1As1Co1,aflow:fdf6cac93ec5f07e,,,0.101776,15.2916,107,tI6,aflowlib.duke.edu:AFLOWDATA/LIB3_WEB/AgAsCo/TBCC003.ABC
Ag1As1Co2,aflow:048aafc64218ad8d,,,0.389856,14.061,10,mP4,aflowlib.duke.edu:AFLOWDATA/LIB3_WEB/AgAsCo/TFCC014.CAB
Ag1As1Co2,aflow:0c194af4657f51e2,,,0.260308,14.6537,160,hR4,aflowlib.duke.edu:AFLOWDATA/LIB3_WEB/AgAsCo/TFCC004.CAB
Ag1As1Co2,aflow:11986c649096843b,,,0.193204,14.9541,35,oS8,aflowlib.duke.edu:AFLOWDATA/LIB3_WEB/AgAsCo/TBCC004.CAB
Ag1As1Co2,aflow:1d73904acb54e8b1,,,0.303227,13.7157,12,mP4,aflowlib.duke.edu:AFLOWDATA/LIB3_WEB/AgAsCo/TBCC014.CAB
Ag1As1Co2,aflow:1d814341c1b01f24,,,0.244162,13.8869,166,hR4,aflowlib.duke.edu:AFLOWDATA/LIB3_WEB/AgAsCo/TFCC009.CAB
Ag1As1Co2,aflow:295015d1436d4c1e,,,0.269157,14.5218,6,mP4,aflowlib.duke.edu:AFLOWDATA/LIB3_WEB/AgAsCo/TBCC005.CAB
Ag1As1Co2,aflow:36f77976fe23a843,,,0.158161,13.4269,123,tP4,aflowlib.duke.edu:AFLOWDATA/LIB3_WEB/AgAsCo/TBCC011.CAB
Ag1As1Co2,aflow:45b36bd2d5259e49,,,0.158377,13.4659,123,tP4,aflowlib.duke.edu:AFLOWDATA/LIB3_WEB/AgAsCo/TBCC009.CAB
Ag1As1Co2,aflow:482b1a8debeee431,,,0.299756,13.6635,123,tP4,aflowlib.duke.edu:AFLOWDATA/LIB3_WEB/AgAsCo/TFCC015.CAB
Ag1As1Co2,aflow:4fc6bc79503ab1bb,,,0.193833,14.776,99,tP4,aflowlib.duke.edu:AFLOWDATA/LIB3_WEB/AgAsCo/TFCC007.CAB
Ag1As1Co2,aflow:5a8d094c49f61295,,,0.299783,13.6867,123,tP4,aflowlib.duke.edu:AFLOWDATA/LIB3_WEB/AgAsCo/TBCC016.CAB
Ag1As1Co2,aflow:60ddc67aa2ae064e,,,0.350914,13.9461,119,tI8,aflowlib.duke.edu:AFLOWDATA/LIB3_WEB/AgAsCo/TFCC008.CAB
Ag1As1Co2,aflow:630d0bc58dda6709,,,0.230105,13.8992,10,mP4,aflowlib.duke.edu:AFLOWDATA/LIB3_WEB/AgAsCo/TBCC010.CAB
Ag1As1Co2,aflow:665dd4e628a5f76c,,,0.206776,14.6448,25,oP4,aflowlib.duke.edu:AFLOWDATA/LIB3_WEB/AgAsCo/TFCC005.CAB
Ag1As1Co2,aflow:6f2fe0130e619877,,,0.158592,13.4303,123,tP4,aflowlib.duke.edu:AFLOWDATA/LIB3_WEB/AgAsCo/TFCC012.CAB
Ag1As1Co2,aflow:7fc4669f3f0fa02d,0,metal,0.281327,13.4941,225,cF16,aflowlib.duke.edu:AFLOWDATA/LIB3_WEB/AgAsCo/T0001.ABC2
Ag1As1Co2,aflow:7fda429a306a7de3,,,0.315891,14.0848,44,oI8,aflowlib.duke.edu:AFLOWDATA/LIB3_WEB/AgAsCo/TBCC007.CAB
Ag1As1Co2,aflow:9bb535ab266e2391,,,0.300973,13.6996,123,tP4,aflowlib.duke.edu:AFLOWDATA/LIB3_WEB/AgAsCo/TFCC016.CAB
Ag1As1Co2,aflow:a1550dcb74cfaec5,,,0.280781,13.5177,139,tI8,aflowlib.duke.edu:AFLOWDATA/LIB3_WEB/AgAsCo/TFCC013.CAB
Ag1As1Co2,aflow:a8e53d582a0da774,0,metal,0.416839,14.1757,216,cF16,aflowlib.duke.edu:AFLOWDATA/LIB3_WEB/AgAsCo/T0002.ABC2
Ag1As1Co2,aflow:a9d7c578e4e904ed,,,0.336368,13.2894,47,oP4,aflowlib.duke.edu:AFLOWDATA/LIB3_WEB/AgAsCo/TBCC015.CAB
Ag1As1Co2,aflow:a9de3cdf949bd0e4,,,0.214722,14.728,99,tP4,aflowlib.duke.edu:AFLOWDATA/LIB3_WEB/AgAsCo/TBCC006.CAB
Ag1As1Co2,aflow:b9a7b79485350aac,,,0.15811,13.424,123,tP4,aflowlib.duke.edu:AFLOWDATA/LIB3_WEB/AgAsCo/TFCC010.CAB
Ag1As1Co2,aflow:d6d8bf205eaf2951,,,0.255597,14.616,12,mS8,aflowlib.duke.edu:AFLOWDATA/LIB3_WEB/AgAsCo/TFCC011.CAB
Ag1As1Co2,aflow:df5d8c844732936a,,,0.255597,14.5234,8,mS8,aflowlib.duke.edu:AFLOWDATA/LIB3_WEB/AgAsCo/TFCC006.CAB
Ag1As1Co2,aflow:e6ff3fcaf0ed0a55,,,0.308804,13.8845,71,oI8,aflowlib.duke.edu:AFLOWDATA/LIB3_WEB/AgAsCo/TBCC012.CAB
Ag1As1Co4,aflow:4a13e4aab81e5279,,,0.35889,13.4707,216,cF24,aflowlib.duke.edu:AFLOWDATA/LIB3_WEB/AgAsCo/T0010.CAB
Ag1As1Cr1,aflow:1234bd0f14770271,,,0.408692,16.8177,42,oF12,aflowlib.duke.edu:AFLOWDATA/LIB3_WEB/AgAsCr_pv/TBCC001.ABC
Ag1As1Cr1,aflow:28a84cc4151c8cae,,,0.344403,16.033,107,tI6,aflowlib.duke.edu:AFLOWDATA/LIB3_WEB/AgAsCr_pv/TFCC003.ABC
Ag1As1Cr1,aflow:6a9f78f45ab21254,,,0.18196,19.4962,216,cF12,aflowlib.duke.edu:AFLOWDATA/LIB3_WEB/AgAsCr_pv/T0003.ABC
Ag1As1Cr1,aflow:84d54594b1df091c,,,0.213618,17.5439,44,oI6,aflowlib.duke.edu:AFLOWDATA/LIB3_WEB/AgAsCr_pv/TFCC002.ABC
Ag1As1Cr1,aflow:b44f1ff12e091d00,,,1.09372,18.3679,216,cF12,aflowlib.duke.edu:AFLOWDATA/LIB3_WEB/AgAsCr_pv/T0003.CAB
Ag1As1Cr1,aflow:c19620ad96090fab,,,0.350839,16.2466,156,hP3,aflowlib.duke.edu:AFLOWDATA/LIB3_WEB/AgAsCr_pv/TFCC001.ABC
Ag1As1Cr1,aflow:c59cc817970dd480,,,0.347807,16.0325,107,tI6,aflowlib.duke.edu:AFLOWDATA/LIB3_WEB/AgAsCr_pv/TBCC003.ABC
Ag1As1Cr1,aflow:e5086994867c58f3,,,0.267399,18.7752,216,cF12,aflowlib.duke.edu:AFLOWDATA/LIB3_WEB/AgAsCr_pv/T0003.BCA
Ag1As1Cr1,aflow:f36f09ab2a114c29,,,0.297201,18.0656,156,hP3,aflowlib.duke.edu:AFLOWDATA/LIB3_WEB/AgAsCr_pv/TBCC002.ABC
Ag1As1Cr2,aflow:0716958c2d6b0e8e,,,0.422106,14.9706,10,mP4,aflowlib.duke.edu:AFLOWDATA/LIB3_WEB/AgAsCr_pv/TBCC010.CAB
Ag1As1Cr2,aflow:1d207bb57492f628,,,0.239996,15.7121,99,tP4,aflowlib.duke.edu:AFLOWDATA/LIB3_WEB/AgAsCr_pv/TBCC006.CAB
Ag1As1Cr2,aflow:31ff2537a56b80e9,,,0.345754,15.1786,35,oS8,aflowlib.duke.edu:AFLOWDATA/LIB3_WEB/AgAsCr_pv/TBCC004.CAB
Ag1As1Cr2,aflow:3a5496767125a650,,,0.328275,16.3673,123,tP4,aflowlib.duke.edu:AFLOWDATA/LIB3_WEB/AgAsCr_pv/TFCC012.CAB
Ag1As1Cr2,aflow:3f66695de731f857,0,metal,0.685527,14.1935,216,cF16,aflowlib.duke.edu:AFLOWDATA/LIB3_WEB/AgAsCr_pv/T0002.ABC2
Ag1As1Cr2,aflow:42d6ba52916f83d4,,,0.326952,16.34,123,tP4,aflowlib.duke.edu:AFLOWDATA/LIB3_WEB/AgAsCr_pv/TFCC010.CAB
Ag1As1Cr2,aflow:4d3587f987e677fc,,,0.4802,14.917,12,mS8,aflowlib.duke.edu:AFLOWDATA/LIB3_WEB/AgAsCr_pv/TFCC011.CAB
Ag1As1Cr2,aflow:5c5fdd6ecd459596,,,0.38555,15.3772,8,mS8,aflowlib.duke.edu:AFLOWDATA/LIB3_WEB/AgAsCr_pv/TFCC006.CAB
Ag1As1Cr2,aflow:620795ca1e8b585a,,,0.239453,15.716,99,tP4,aflowlib.duke.edu:AFLOWDATA/LIB3_WEB/AgAsCr_pv/TFCC007.CAB
Ag1As1Cr2,aflow:65f0be4524ff4928,,,0.412869,16.3507,10,mP4,aflowlib.duke.edu:AFLOWDATA/LIB3_WEB/AgAsCr_pv/TFCC014.CAB
Ag1As1Cr2,aflow:7648e5809dbbef95,,,0.456923,14.8445,6,mP4,aflowlib.duke.edu:AFLOWDATA/LIB3_WEB/AgAsCr_pv/TBCC005.CAB
Ag1As1Cr2,aflow:7efd4bedf0fa49ac,,,0.282614,15.3548,99,tP4,aflowlib.duke.edu:AFLOWDATA/LIB3_WEB/AgAsCr_pv/TFCC005.CAB
Ag1As1Cr2,aflow:8b8d816a44c58547,,,0.369169,16.6981,12,mS8,aflowlib.duke.edu:AFLOWDATA/LIB3_WEB/AgAsCr_pv/TBCC014.CAB
Ag1As1Cr2,aflow:8ec58811994b4908,,,0.506586,14.3052,71,oI8,aflowlib.duke.edu:AFLOWDATA/LIB3_WEB/AgAsCr_pv/TBCC012.CAB
Ag1As1Cr2,aflow:90e23c7ecc39d114,0,metal,0.383475,16.8408,225,cF16,aflowlib.duke.edu:AFLOWDATA/LIB3_WEB/AgAsCr_pv/T0001.ABC2
Ag1As1Cr2,aflow:92ce7f2a8da6bed1,,,0.468153,14.8375,44,oI8,aflowlib.duke.edu:AFLOWDATA/LIB3_WEB/AgAsCr_pv/TBCC007.CAB
Ag1As1Cr2,aflow:9ae7430408294c5b,,,0.526455,14.2657,166,hR4,aflowlib.duke.edu:AFLOWDATA/LIB3_WEB/AgAsCr_pv/TFCC009.CAB
Ag1As1Cr2,aflow:9c7fd12f822dab65,,,0.398981,14.5257,123,tP4,aflowlib.duke.edu:AFLOWDATA/LIB3_WEB/AgAsCr_pv/TBCC011.CAB
Ag1As1Cr2,aflow:ad91d74193e3337f,,,0.52923,14.6346,119,tI8,aflowlib.duke.edu:AFLOWDATA/LIB3_WEB/AgAsCr_pv/TFCC008.CAB
Ag1As1Cr2,aflow:b46b199e5804e3c0,,,0.329776,16.3196,65,oS8,aflowlib.duke.edu:AFLOWDATA/LIB3_WEB/AgAsCr_pv/TBCC009.CAB
Ag1As1Cr2,aflow:c4549f7b808a8ef0,,,0.364862,16.6418,123,tP4,aflowlib.duke.edu:AFLOWDATA/LIB3_WEB/AgAsCr_pv/TFCC016.CAB
Ag1As1Cr2,aflow:d2f3897f0553b0a1,,,0.399047,16.2098,139,tI8,aflowlib.duke.edu:AFLOWDATA/LIB3_WEB/AgAsCr_pv/TFCC013.CAB
Ag1As1Cr2,aflow:dfaccfac070aeb05,,,0.364709,16.5557,65,oS8,aflowlib.duke.edu:AFLOWDATA/LIB3_WEB/AgAsCr_pv/TFCC015.CAB
Ag1As1Cr2,aflow:e29be3609d9f183b,,,0.610242,14.1241,123,tP4,aflowlib.duke.edu:AFLOWDATA/LIB3_WEB/AgAsCr_pv/TBCC015.CAB
Ag1As1Cr2,aflow:f56febf8c73f4e1b,,,0.53625,13.8811,123,tP4,aflowlib.duke.edu:AFLOWDATA/LIB3_WEB/AgAsCr_pv/TBCC016.CAB
Ag1As1Cr2,aflow:f684009fba6e74cc,,,0.292152,15.29,160,hR4,aflowlib.duke.edu:AFLOWDATA/LIB3_WEB/AgAsCr_pv/TFCC004.CAB
Ag1As1Cr4,aflow:e5d99aeb611c25ae,,,0.553374,13.5599,216,cF24,aflowlib.duke.edu:AFLOWDATA/LIB3_WEB/AgAsCr_pv/T0010.CAB
Ag1As1Cu1,aflow:1a98f69323c30e3f,,,0.150686,18.3157,216,cF12,aflowlib.duke.edu:AFLOWDATA/LIB3_WEB/AgAsCu_pv/T0003.ABC
Ag1As1Cu1,aflow:2204b9ecc7f097fd,,,0.29643,18.6469,216,cF12,aflowlib.duke.edu:AFLOWDATA/LIB3_WEB/AgAsCu_pv/T0003.CAB
Ag1As1Cu1,aflow:5d480e57ad9fdb57,,,0.155594,16.6546,42,oF12,aflowlib.duke.edu:AFLOWDATA/LIB3_WEB/AgAsCu_pv/TBCC001.ABC
Ag1As1Cu1,aflow:60ced37d5d5360a4,,,0.155909,16.4722,156,hP3,aflowlib.duke.edu:AFLOWDATA/LIB3_WEB/AgAsCu_pv/TFCC001.ABC
Ag1As1Cu1,aflow:962c4ff6afb39404,,,0.163698,16.8774,156,hP3,aflowlib.duke.edu:AFLOWDATA/LIB3_WEB/AgAsCu_pv/TBCC002.ABC
Ag1As1Cu1,aflow:b4114b2df5da5001,,,0.121477,17.8236,216,cF12,aflowlib.duke.edu:AFLOWDATA/LIB3_WEB/AgAsCu_pv/T0003.BCA
Ag1As1Cu1,aflow:da96e73a51cc1293,,,0.159244,16.5039,107,tI6,aflowlib.duke.edu:AFLOWDATA/LIB3_WEB/AgAsCu_pv/TFCC003.ABC
Ag1As1Cu1,aflow:eb8cceaffa670dbb,,,0.167909,16.4217,44,oI6,aflowlib.duke.edu:AFLOWDATA/LIB3_WEB/AgAsCu_pv/TFCC002.ABC
Ag1As1Cu1,aflow:f0b733165232ba35,,,0.178604,16.5335,107,tI6,aflowlib.duke.edu:AFLOWDATA/LIB3_WEB/AgAsCu_pv/TBCC003.ABC
Ag1As1Cu2,aflow:00a08580a4496ace,,,0.138991,15.1719,123,tP4,aflowlib.duke.edu:AFLOWDATA/LIB3_WEB/AgAsCu_pv/TBCC009.CAB
Ag1As1Cu2,aflow:18b9d83d55af6542,,,0.135616,15.2259,8,mS8,aflowlib.duke.edu:AFLOWDATA/LIB3_WEB/AgAsCu_pv/TFCC006.CAB
Ag1As1Cu2,aflow:21fbe073a4cd50d7,,,0.136514,15.0302,65,oS8,aflowlib.duke.edu:AFLOWDATA/LIB3_WEB/AgAsCu_pv/TFCC015.CAB
Ag1As1Cu2,aflow:3326a9c9d3458247,0,metal,0.162263,15.0392,225,cF16,aflowlib.duke.edu:AFLOWDATA/LIB3_WEB/AgAsCu_pv/T0001.ABC2
Ag1As1Cu2,aflow:352979bc9f65859e,,,0.165042,15.1825,12,mS8,aflowlib.duke.edu:AFLOWDATA/LIB3_WEB/AgAsCu_pv/TFCC011.CAB
Ag1As1Cu2,aflow:358e28640438202d,,,0.128423,15.0555,47,oP4,aflowlib.duke.edu:AFLOWDATA/LIB3_WEB/AgAsCu_pv/TFCC010.CAB
Ag1As1Cu2,aflow:3f5f077733b621d0,,,0.150158,15.2426,65,oS8,aflowlib.duke.edu:AFLOWDATA/LIB3_WEB/AgAsCu_pv/TBCC014.CAB
Ag1As1Cu2,aflow:40fe1eb54886956c,,,0.124636,14.983,123,tP4,aflowlib.duke.edu:AFLOWDATA/LIB3_WEB/AgAsCu_pv/TBCC011.CAB
Ag1As1Cu2,aflow:49149ea437c913cd,,,0.132473,15.2629,25,oP4,aflowlib.duke.edu:AFLOWDATA/LIB3_WEB/AgAsCu_pv/TFCC005.CAB
Ag1As1Cu2,aflow:51d84f1a47075ee7,,,0.148521,15.1271,123,tP4,aflowlib.duke.edu:AFLOWDATA/LIB3_WEB/AgAsCu_pv/TFCC012.CAB
Ag1As1Cu2,aflow:575abe44b170bc1c,,,0.192123,15.2982,10,mP4,aflowlib.duke.edu:AFLOWDATA/LIB3_WEB/AgAsCu_pv/TFCC014.CAB
Ag1As1Cu2,aflow:5b93b6960060a8d6,,,0.137968,15.1993,99,tP4,aflowlib.duke.edu:AFLOWDATA/LIB3_WEB/AgAsCu_pv/TBCC006.CAB
Ag1As1Cu2,aflow:63c4794222ee7a9e,,,0.158182,15.2732,166,hR4,aflowlib.duke.edu:AFLOWDATA/LIB3_WEB/AgAsCu_pv/TFCC009.CAB
Ag1As1Cu2,aflow:7c2980bfe8f93bbb,,,0.11811,15.0348,123,tP4,aflowlib.duke.edu:AFLOWDATA/LIB3_WEB/AgAsCu_pv/TBCC016.CAB
